"artifact","field","locale","occurrences","scalar_utf8_bytes","types","source_candidates_not_usage_proof"
"src/lib/generated/catalogs/characters.json","[].id","neutral","97","582","string","src/lib/components/BaseStatsPanel.svelte;src/lib/components/ChangelogModal.svelte;src/lib/components/CharacterCatalogPage.svelte;src/lib/components/CharacterOverviewCard.svelte;src/lib/components/DetailPage.svelte;src/lib/components/EffectExplanationSection.svelte;src/lib/components/EidolonCard.svelte;src/lib/components/endgame/as/ApocalypticShadowNodeSection.svelte;... 117 candidate files"
"src/lib/generated/catalogs/characters.json","[].name","localized","97","1092","string","src/lib/components/CharacterCatalogPage.svelte;src/lib/components/CharacterOverviewCard.svelte;src/lib/components/CompactEntityCard.svelte;src/lib/components/DetailPage.svelte;src/lib/components/EffectExplanationSection.svelte;src/lib/components/EidolonCard.svelte;src/lib/components/endgame/EndgameEnemyCard.svelte;src/lib/components/endgame/EndgameOverviewCard.svelte;... 110 candidate files"
"src/lib/generated/catalogs/characters.json","[].description","localized","97","18292","string","src/lib/components/CharacterCatalogPage.svelte;src/lib/components/DetailPage.svelte;src/lib/components/EffectExplanationSection.svelte;src/lib/components/EidolonCard.svelte;src/lib/components/endgame/mechanics/BuffOptionTile.svelte;src/lib/components/endgame/mechanics/MechanicEntry.svelte;src/lib/components/endgame/mechanics/MechanicSectionCard.svelte;src/lib/components/endgame/modes/AnomalyArbitrationDetailContent.svelte;... 47 candidate files"
"src/lib/generated/catalogs/characters.json","[].rarity","neutral","97","97","number","src/lib/components/CharacterCatalogPage.svelte;src/lib/components/CharacterOverviewCard.svelte;src/lib/components/DetailPage.svelte;src/lib/components/EnemyCatalogPage.svelte;src/lib/components/EquipmentRecommendationSection.svelte;src/lib/components/LightConeCatalogPage.svelte;src/lib/components/LightConeOverviewCard.svelte;src/lib/components/OverviewToolbar.svelte;... 28 candidate files"
"src/lib/generated/catalogs/characters.json","[].path","neutral","97","778","string","src/lib/components/CharacterCatalogPage.svelte;src/lib/components/CharacterOverviewCard.svelte;src/lib/components/DetailPage.svelte;src/lib/components/EquipmentRecommendationSection.svelte;src/lib/components/FilterChip.svelte;src/lib/components/FilterGroup.svelte;src/lib/components/LightConeCatalogPage.svelte;src/lib/components/LightConeOverviewCard.svelte;... 71 candidate files"
"src/lib/generated/catalogs/characters.json","[].pathName","localized","97","776","string","src/lib/components/CharacterCatalogPage.svelte;src/lib/components/CharacterOverviewCard.svelte;src/lib/components/DetailPage.svelte;src/lib/components/EquipmentRecommendationSection.svelte;src/lib/components/LightConeCatalogPage.svelte;src/lib/components/LightConeOverviewCard.svelte;src/lib/domain/enemy-view.ts;src/lib/domain/types.ts;... 14 candidate files"
"src/lib/generated/catalogs/characters.json","[].element","neutral","97","805","string","src/lib/components/CharacterCatalogPage.svelte;src/lib/components/CharacterOverviewCard.svelte;src/lib/components/CompactEntityCard.svelte;src/lib/components/DetailPage.svelte;src/lib/components/endgame/EndgameEnemyCard.svelte;src/lib/components/endgame/mechanics/BuffOptionTile.svelte;src/lib/components/endgame/mechanics/MechanicEntry.svelte;src/lib/components/endgame/mechanics/MechanicSectionCard.svelte;... 38 candidate files"
"src/lib/generated/catalogs/characters.json","[].elementName","localized","97","614","string","src/lib/components/CharacterCatalogPage.svelte;src/lib/components/CharacterOverviewCard.svelte;src/lib/components/DetailPage.svelte;src/lib/domain/enemy-view.ts;src/lib/domain/types.ts;scripts/data/sync.ts;scripts/data/validate.ts;tests/e2e/site.spec.ts;... 10 candidate files"
"src/lib/generated/catalogs/enemies.json","[].id","neutral","628","5652","string","src/lib/components/BaseStatsPanel.svelte;src/lib/components/ChangelogModal.svelte;src/lib/components/CharacterCatalogPage.svelte;src/lib/components/CharacterOverviewCard.svelte;src/lib/components/DetailPage.svelte;src/lib/components/EffectExplanationSection.svelte;src/lib/components/EidolonCard.svelte;src/lib/components/endgame/as/ApocalypticShadowNodeSection.svelte;... 117 candidate files"
"src/lib/generated/catalogs/enemies.json","[].name","localized","628","14322","string","src/lib/components/CharacterCatalogPage.svelte;src/lib/components/CharacterOverviewCard.svelte;src/lib/components/CompactEntityCard.svelte;src/lib/components/DetailPage.svelte;src/lib/components/EffectExplanationSection.svelte;src/lib/components/EidolonCard.svelte;src/lib/components/endgame/EndgameEnemyCard.svelte;src/lib/components/endgame/EndgameOverviewCard.svelte;... 110 candidate files"
"src/lib/generated/catalogs/enemies.json","[].description","localized","628","135251","string","src/lib/components/CharacterCatalogPage.svelte;src/lib/components/DetailPage.svelte;src/lib/components/EffectExplanationSection.svelte;src/lib/components/EidolonCard.svelte;src/lib/components/endgame/mechanics/BuffOptionTile.svelte;src/lib/components/endgame/mechanics/MechanicEntry.svelte;src/lib/components/endgame/mechanics/MechanicSectionCard.svelte;src/lib/components/endgame/modes/AnomalyArbitrationDetailContent.svelte;... 47 candidate files"
"src/lib/generated/catalogs/enemies.json","[].type","neutral","628","6281","string","src/lib/components/BaseStatsPanel.svelte;src/lib/components/ChangelogModal.svelte;src/lib/components/CharacterCatalogPage.svelte;src/lib/components/CharacterOverviewCard.svelte;src/lib/components/DescriptionText.svelte;src/lib/components/DetailPage.svelte;src/lib/components/EffectExplanationSection.svelte;src/lib/components/EidolonCard.svelte;... 174 candidate files"
"src/lib/generated/catalogs/enemies.json","[].typeName","localized","628","6281","string","src/lib/components/relic/RelicDetailPage.svelte;src/lib/domain/enemy-view.ts;src/lib/domain/types.ts;scripts/data/sync.ts"
"src/lib/generated/catalogs/enemies.json","[].weaknesses.[].element","neutral","1714","14538","string","src/lib/components/CharacterCatalogPage.svelte;src/lib/components/CharacterOverviewCard.svelte;src/lib/components/CompactEntityCard.svelte;src/lib/components/DetailPage.svelte;src/lib/components/endgame/EndgameEnemyCard.svelte;src/lib/components/endgame/mechanics/BuffOptionTile.svelte;src/lib/components/endgame/mechanics/MechanicEntry.svelte;src/lib/components/endgame/mechanics/MechanicSectionCard.svelte;... 38 candidate files"
"src/lib/generated/catalogs/enemies.json","[].weaknesses.[].name","localized","1714","10796","string","src/lib/components/CharacterCatalogPage.svelte;src/lib/components/CharacterOverviewCard.svelte;src/lib/components/CompactEntityCard.svelte;src/lib/components/DetailPage.svelte;src/lib/components/EffectExplanationSection.svelte;src/lib/components/EidolonCard.svelte;src/lib/components/endgame/EndgameEnemyCard.svelte;src/lib/components/endgame/EndgameOverviewCard.svelte;... 110 candidate files"
"src/lib/generated/catalogs/light-cones.json","[].id","neutral","169","1183","string","src/lib/components/BaseStatsPanel.svelte;src/lib/components/ChangelogModal.svelte;src/lib/components/CharacterCatalogPage.svelte;src/lib/components/CharacterOverviewCard.svelte;src/lib/components/DetailPage.svelte;src/lib/components/EffectExplanationSection.svelte;src/lib/components/EidolonCard.svelte;src/lib/components/endgame/as/ApocalypticShadowNodeSection.svelte;... 117 candidate files"
"src/lib/generated/catalogs/light-cones.json","[].name","localized","169","3020","string","src/lib/components/CharacterCatalogPage.svelte;src/lib/components/CharacterOverviewCard.svelte;src/lib/components/CompactEntityCard.svelte;src/lib/components/DetailPage.svelte;src/lib/components/EffectExplanationSection.svelte;src/lib/components/EidolonCard.svelte;src/lib/components/endgame/EndgameEnemyCard.svelte;src/lib/components/endgame/EndgameOverviewCard.svelte;... 110 candidate files"
"src/lib/generated/catalogs/light-cones.json","[].description","localized","169","15717","string","src/lib/components/CharacterCatalogPage.svelte;src/lib/components/DetailPage.svelte;src/lib/components/EffectExplanationSection.svelte;src/lib/components/EidolonCard.svelte;src/lib/components/endgame/mechanics/BuffOptionTile.svelte;src/lib/components/endgame/mechanics/MechanicEntry.svelte;src/lib/components/endgame/mechanics/MechanicSectionCard.svelte;src/lib/components/endgame/modes/AnomalyArbitrationDetailContent.svelte;... 47 candidate files"
"src/lib/generated/catalogs/light-cones.json","[].rarity","neutral","169","169","number","src/lib/components/CharacterCatalogPage.svelte;src/lib/components/CharacterOverviewCard.svelte;src/lib/components/DetailPage.svelte;src/lib/components/EnemyCatalogPage.svelte;src/lib/components/EquipmentRecommendationSection.svelte;src/lib/components/LightConeCatalogPage.svelte;src/lib/components/LightConeOverviewCard.svelte;src/lib/components/OverviewToolbar.svelte;... 28 candidate files"
"src/lib/generated/catalogs/light-cones.json","[].path","neutral","169","1346","string","src/lib/components/CharacterCatalogPage.svelte;src/lib/components/CharacterOverviewCard.svelte;src/lib/components/DetailPage.svelte;src/lib/components/EquipmentRecommendationSection.svelte;src/lib/components/FilterChip.svelte;src/lib/components/FilterGroup.svelte;src/lib/components/LightConeCatalogPage.svelte;src/lib/components/LightConeOverviewCard.svelte;... 71 candidate files"
"src/lib/generated/catalogs/light-cones.json","[].pathName","localized","169","1352","string","src/lib/components/CharacterCatalogPage.svelte;src/lib/components/CharacterOverviewCard.svelte;src/lib/components/DetailPage.svelte;src/lib/components/EquipmentRecommendationSection.svelte;src/lib/components/LightConeCatalogPage.svelte;src/lib/components/LightConeOverviewCard.svelte;src/lib/domain/enemy-view.ts;src/lib/domain/types.ts;... 14 candidate files"
"src/lib/generated/catalogs/relic-properties.json","[].propertyType","neutral","21","365","string","src/lib/components/EquipmentRecommendationSection.svelte;src/lib/domain/equipment-recommendation-view.ts;src/lib/domain/types.ts;scripts/assets/shared.ts;scripts/data/sync.ts;scripts/data/validate.ts;tests/unit/data.test.ts;tests/unit/visual-assets.test.ts"
"src/lib/generated/catalogs/relic-properties.json","[].name","localized","21","348","string","src/lib/components/CharacterCatalogPage.svelte;src/lib/components/CharacterOverviewCard.svelte;src/lib/components/CompactEntityCard.svelte;src/lib/components/DetailPage.svelte;src/lib/components/EffectExplanationSection.svelte;src/lib/components/EidolonCard.svelte;src/lib/components/endgame/EndgameEnemyCard.svelte;src/lib/components/endgame/EndgameOverviewCard.svelte;... 110 candidate files"
"src/lib/generated/catalogs/relic-properties.json","[].iconKey","neutral","21","370","string","src/lib/components/BaseStatsPanel.svelte;src/lib/components/EidolonCard.svelte;src/lib/components/endgame/EndgameModeIcon.svelte;src/lib/components/PrimaryNavigation.svelte;src/lib/components/RelicPropertyToken.svelte;src/lib/components/SkillCardPanel.svelte;src/lib/components/TraceAbilityHeading.svelte;src/lib/components/TraceCardPanel.svelte;... 20 candidate files"
"src/lib/generated/catalogs/relic-properties.json","[].allowedMainSlots.[]","neutral","28","178","string","src/lib/domain/types.ts;scripts/data/sync.ts;scripts/data/validate.ts;tests/unit/data.test.ts"
"src/lib/generated/catalogs/relic-properties.json","[].canBeSubStat","neutral","21","93","boolean","src/lib/domain/types.ts;scripts/data/sync.ts;scripts/data/validate.ts;tests/unit/data.test.ts"
"src/lib/generated/catalogs/relics.json","[].id","neutral","60","300","string","src/lib/components/BaseStatsPanel.svelte;src/lib/components/ChangelogModal.svelte;src/lib/components/CharacterCatalogPage.svelte;src/lib/components/CharacterOverviewCard.svelte;src/lib/components/DetailPage.svelte;src/lib/components/EffectExplanationSection.svelte;src/lib/components/EidolonCard.svelte;src/lib/components/endgame/as/ApocalypticShadowNodeSection.svelte;... 117 candidate files"
"src/lib/generated/catalogs/relics.json","[].name","localized","60","1366","string","src/lib/components/CharacterCatalogPage.svelte;src/lib/components/CharacterOverviewCard.svelte;src/lib/components/CompactEntityCard.svelte;src/lib/components/DetailPage.svelte;src/lib/components/EffectExplanationSection.svelte;src/lib/components/EidolonCard.svelte;src/lib/components/endgame/EndgameEnemyCard.svelte;src/lib/components/endgame/EndgameOverviewCard.svelte;... 110 candidate files"
"src/lib/generated/catalogs/relics.json","[].description","localized","60","10129","string","src/lib/components/CharacterCatalogPage.svelte;src/lib/components/DetailPage.svelte;src/lib/components/EffectExplanationSection.svelte;src/lib/components/EidolonCard.svelte;src/lib/components/endgame/mechanics/BuffOptionTile.svelte;src/lib/components/endgame/mechanics/MechanicEntry.svelte;src/lib/components/endgame/mechanics/MechanicSectionCard.svelte;src/lib/components/endgame/modes/AnomalyArbitrationDetailContent.svelte;... 47 candidate files"
"src/lib/generated/catalogs/relics.json","[].version","neutral","60","300","string","src/lib/components/relic/RelicDetailPage.svelte;src/lib/domain/enemy-view.ts;src/lib/domain/types.ts;src/routes/sitemap.xml/+server.ts;scripts/assets/enemies/ensure.ts;scripts/assets/enemies/shared.ts;scripts/assets/enemies/sync.ts;scripts/data/sync.ts;... 11 candidate files"
"src/lib/generated/catalogs/relics.json","[].category","neutral","60","480","string","src/lib/components/CharacterCatalogPage.svelte;src/lib/components/DetailPage.svelte;src/lib/components/endgame/EndgameOverviewCard.svelte;src/lib/components/endgame/EndgameSeasonCard.svelte;src/lib/components/endgame/EndgameSeasonHero.svelte;src/lib/components/EnemyCatalogPage.svelte;src/lib/components/LightConeCatalogPage.svelte;src/lib/components/RelicCatalogPage.svelte;... 29 candidate files"
"src/lib/generated/catalogs/relics.json","[].effectRequirements.[]","neutral","92","92","number","src/lib/domain/types.ts;scripts/data/sync.ts;scripts/data/validate.ts;tests/unit/relic-filters.test.ts"
"src/lib/generated/catalogs/relics.json","[].type","neutral","60","480","string","src/lib/components/BaseStatsPanel.svelte;src/lib/components/ChangelogModal.svelte;src/lib/components/CharacterCatalogPage.svelte;src/lib/components/CharacterOverviewCard.svelte;src/lib/components/DescriptionText.svelte;src/lib/components/DetailPage.svelte;src/lib/components/EffectExplanationSection.svelte;src/lib/components/EidolonCard.svelte;... 174 candidate files"
"src/lib/generated/catalogs/relics.json","[].typeName","localized","60","840","string","src/lib/components/relic/RelicDetailPage.svelte;src/lib/domain/enemy-view.ts;src/lib/domain/types.ts;scripts/data/sync.ts"
"src/lib/generated/details/characters/*","id","neutral","97","582","string","src/lib/components/BaseStatsPanel.svelte;src/lib/components/ChangelogModal.svelte;src/lib/components/CharacterCatalogPage.svelte;src/lib/components/CharacterOverviewCard.svelte;src/lib/components/DetailPage.svelte;src/lib/components/EffectExplanationSection.svelte;src/lib/components/EidolonCard.svelte;src/lib/components/endgame/as/ApocalypticShadowNodeSection.svelte;... 117 candidate files"
"src/lib/generated/details/characters/*","name","localized","97","1092","string","src/lib/components/CharacterCatalogPage.svelte;src/lib/components/CharacterOverviewCard.svelte;src/lib/components/CompactEntityCard.svelte;src/lib/components/DetailPage.svelte;src/lib/components/EffectExplanationSection.svelte;src/lib/components/EidolonCard.svelte;src/lib/components/endgame/EndgameEnemyCard.svelte;src/lib/components/endgame/EndgameOverviewCard.svelte;... 110 candidate files"
"src/lib/generated/details/characters/*","description","localized","97","18292","string","src/lib/components/CharacterCatalogPage.svelte;src/lib/components/DetailPage.svelte;src/lib/components/EffectExplanationSection.svelte;src/lib/components/EidolonCard.svelte;src/lib/components/endgame/mechanics/BuffOptionTile.svelte;src/lib/components/endgame/mechanics/MechanicEntry.svelte;src/lib/components/endgame/mechanics/MechanicSectionCard.svelte;src/lib/components/endgame/modes/AnomalyArbitrationDetailContent.svelte;... 47 candidate files"
"src/lib/generated/details/characters/*","rarity","neutral","97","97","number","src/lib/components/CharacterCatalogPage.svelte;src/lib/components/CharacterOverviewCard.svelte;src/lib/components/DetailPage.svelte;src/lib/components/EnemyCatalogPage.svelte;src/lib/components/EquipmentRecommendationSection.svelte;src/lib/components/LightConeCatalogPage.svelte;src/lib/components/LightConeOverviewCard.svelte;src/lib/components/OverviewToolbar.svelte;... 28 candidate files"
"src/lib/generated/details/characters/*","path","neutral","97","778","string","src/lib/components/CharacterCatalogPage.svelte;src/lib/components/CharacterOverviewCard.svelte;src/lib/components/DetailPage.svelte;src/lib/components/EquipmentRecommendationSection.svelte;src/lib/components/FilterChip.svelte;src/lib/components/FilterGroup.svelte;src/lib/components/LightConeCatalogPage.svelte;src/lib/components/LightConeOverviewCard.svelte;... 71 candidate files"
"src/lib/generated/details/characters/*","pathName","localized","97","776","string","src/lib/components/CharacterCatalogPage.svelte;src/lib/components/CharacterOverviewCard.svelte;src/lib/components/DetailPage.svelte;src/lib/components/EquipmentRecommendationSection.svelte;src/lib/components/LightConeCatalogPage.svelte;src/lib/components/LightConeOverviewCard.svelte;src/lib/domain/enemy-view.ts;src/lib/domain/types.ts;... 14 candidate files"
"src/lib/generated/details/characters/*","element","neutral","97","805","string","src/lib/components/CharacterCatalogPage.svelte;src/lib/components/CharacterOverviewCard.svelte;src/lib/components/CompactEntityCard.svelte;src/lib/components/DetailPage.svelte;src/lib/components/endgame/EndgameEnemyCard.svelte;src/lib/components/endgame/mechanics/BuffOptionTile.svelte;src/lib/components/endgame/mechanics/MechanicEntry.svelte;src/lib/components/endgame/mechanics/MechanicSectionCard.svelte;... 38 candidate files"
"src/lib/generated/details/characters/*","elementName","localized","97","614","string","src/lib/components/CharacterCatalogPage.svelte;src/lib/components/CharacterOverviewCard.svelte;src/lib/components/DetailPage.svelte;src/lib/domain/enemy-view.ts;src/lib/domain/types.ts;scripts/data/sync.ts;scripts/data/validate.ts;tests/e2e/site.spec.ts;... 10 candidate files"
"src/lib/generated/details/characters/*","kind","neutral","97","1067","string","src/lib/components/BaseStatsPanel.svelte;src/lib/components/CharacterOverviewCard.svelte;src/lib/components/DescriptionText.svelte;src/lib/components/DetailPage.svelte;src/lib/components/endgame/EndgameEnemyCard.svelte;src/lib/components/endgame/mechanics/MechanicSectionCard.svelte;src/lib/components/endgame/modes/AnomalyArbitrationDetailContent.svelte;src/lib/components/endgame/modes/ApocalypticShadowMechanicsSection.svelte;... 54 candidate files"
"src/lib/generated/details/characters/*","fullName","localized","97","194","string","src/lib/components/DetailPage.svelte;src/lib/domain/types.ts;scripts/data/sync.ts"
"src/lib/generated/details/characters/*","profiles.base.energy.kind","neutral","97","964","string","src/lib/components/BaseStatsPanel.svelte;src/lib/components/CharacterOverviewCard.svelte;src/lib/components/DescriptionText.svelte;src/lib/components/DetailPage.svelte;src/lib/components/endgame/EndgameEnemyCard.svelte;src/lib/components/endgame/mechanics/MechanicSectionCard.svelte;src/lib/components/endgame/modes/AnomalyArbitrationDetailContent.svelte;src/lib/components/endgame/modes/ApocalypticShadowMechanicsSection.svelte;... 54 candidate files"
"src/lib/generated/details/characters/*","profiles.base.energy.max","neutral","97","278","number","src/lib/components/BaseStatsPanel.svelte;src/lib/components/ChangelogModal.svelte;src/lib/components/CharacterCatalogPage.svelte;src/lib/components/CompactEntityCard.svelte;src/lib/components/endgame/as/ApocalypticShadowNodeSection.svelte;src/lib/components/endgame/as/AsBossDossier.svelte;src/lib/components/endgame/as/AsBossTraits.svelte;src/lib/components/endgame/EndgameModeNav.svelte;... 54 candidate files"
"src/lib/generated/details/characters/*","profiles.base.energy.iconKey","neutral","97","1691","string","src/lib/components/BaseStatsPanel.svelte;src/lib/components/EidolonCard.svelte;src/lib/components/endgame/EndgameModeIcon.svelte;src/lib/components/PrimaryNavigation.svelte;src/lib/components/RelicPropertyToken.svelte;src/lib/components/SkillCardPanel.svelte;src/lib/components/TraceAbilityHeading.svelte;src/lib/components/TraceCardPanel.svelte;... 20 candidate files"
"src/lib/generated/details/characters/*","profiles.base.skillCards.[].category","neutral","509","4580","string","src/lib/components/CharacterCatalogPage.svelte;src/lib/components/DetailPage.svelte;src/lib/components/endgame/EndgameOverviewCard.svelte;src/lib/components/endgame/EndgameSeasonCard.svelte;src/lib/components/endgame/EndgameSeasonHero.svelte;src/lib/components/EnemyCatalogPage.svelte;src/lib/components/LightConeCatalogPage.svelte;src/lib/components/RelicCatalogPage.svelte;... 29 candidate files"
"src/lib/generated/details/characters/*","profiles.base.skillCards.[].displayLabel","localized","509","4459","string","src/lib/components/SkillCardPanel.svelte;src/lib/domain/types.ts;scripts/data/skills.ts;tests/unit/shared-ui.test.ts"
"src/lib/generated/details/characters/*","profiles.base.skillCards.[].order","neutral","509","509","number","src/lib/components/endgame/as/AsBossTraits.svelte;src/lib/components/endgame/mechanics/BuffOptionGroup.svelte;src/lib/components/SpecialEffectRelation.svelte;src/lib/domain/endgame-view.ts;src/lib/domain/endgame.ts;src/lib/domain/types.ts;src/lib/search/normalization.ts;src/lib/search/presentation.ts;... 23 candidate files"
"src/lib/generated/details/characters/*","profiles.base.skillCards.[].progressions.[].id","neutral","412","3708","string","src/lib/components/BaseStatsPanel.svelte;src/lib/components/ChangelogModal.svelte;src/lib/components/CharacterCatalogPage.svelte;src/lib/components/CharacterOverviewCard.svelte;src/lib/components/DetailPage.svelte;src/lib/components/EffectExplanationSection.svelte;src/lib/components/EidolonCard.svelte;src/lib/components/endgame/as/ApocalypticShadowNodeSection.svelte;... 117 candidate files"
"src/lib/generated/details/characters/*","profiles.base.skillCards.[].progressions.[].availableLevels.[]","neutral","5614","7520","number","src/lib/components/SkillProgressionPanel.svelte;src/lib/domain/types.ts;scripts/data/skills.ts;scripts/data/validate.ts"
"src/lib/generated/details/characters/*","profiles.base.skillCards.[].progressions.[].defaultLevel","neutral","412","711","number","src/lib/components/BaseStatsPanel.svelte;src/lib/components/enemy/EnemyDetailPage.svelte;src/lib/components/SkillProgressionPanel.svelte;src/lib/domain/types.ts;scripts/data/enemy-detail.ts;scripts/data/skills.ts;scripts/data/stats.ts;scripts/data/validate.ts;... 10 candidate files"
"src/lib/generated/details/characters/*","profiles.base.skillCards.[].progressions.[].variantIds.[]","neutral","482","3892","string","src/lib/components/SkillCardPanel.svelte;src/lib/domain/types.ts;scripts/data/skills.ts;scripts/data/validate.ts;tests/unit/data.test.ts"
"src/lib/generated/details/characters/*","profiles.base.skillCards.[].variants.[].id","neutral","581","4712","string","src/lib/components/BaseStatsPanel.svelte;src/lib/components/ChangelogModal.svelte;src/lib/components/CharacterCatalogPage.svelte;src/lib/components/CharacterOverviewCard.svelte;src/lib/components/DetailPage.svelte;src/lib/components/EffectExplanationSection.svelte;src/lib/components/EidolonCard.svelte;src/lib/components/endgame/as/ApocalypticShadowNodeSection.svelte;... 117 candidate files"
"src/lib/generated/details/characters/*","profiles.base.skillCards.[].variants.[].name","localized","581","11496","string","src/lib/components/CharacterCatalogPage.svelte;src/lib/components/CharacterOverviewCard.svelte;src/lib/components/CompactEntityCard.svelte;src/lib/components/DetailPage.svelte;src/lib/components/EffectExplanationSection.svelte;src/lib/components/EidolonCard.svelte;src/lib/components/endgame/EndgameEnemyCard.svelte;src/lib/components/endgame/EndgameOverviewCard.svelte;... 110 candidate files"
"src/lib/generated/details/characters/*","profiles.base.skillCards.[].variants.[].type","mixed","579","5163","string","src/lib/components/BaseStatsPanel.svelte;src/lib/components/ChangelogModal.svelte;src/lib/components/CharacterCatalogPage.svelte;src/lib/components/CharacterOverviewCard.svelte;src/lib/components/DescriptionText.svelte;src/lib/components/DetailPage.svelte;src/lib/components/EffectExplanationSection.svelte;src/lib/components/EidolonCard.svelte;... 174 candidate files"
"src/lib/generated/details/characters/*","profiles.base.skillCards.[].variants.[].order","neutral","581","1143","number","src/lib/components/endgame/as/AsBossTraits.svelte;src/lib/components/endgame/mechanics/BuffOptionGroup.svelte;src/lib/components/SpecialEffectRelation.svelte;src/lib/domain/endgame-view.ts;src/lib/domain/endgame.ts;src/lib/domain/types.ts;src/lib/search/normalization.ts;src/lib/search/presentation.ts;... 23 candidate files"
"src/lib/generated/details/characters/*","profiles.base.skillCards.[].variants.[].source","neutral","581","4816","string","src/lib/components/DetailArtwork.svelte;src/lib/components/DetailPage.svelte;src/lib/components/endgame/as/AsBossDossier.svelte;src/lib/components/enemy/EnemyDetailPage.svelte;src/lib/components/relic/RelicDetailPage.svelte;src/lib/components/relic/RelicIcon.svelte;src/lib/components/SemanticIconLabel.svelte;src/lib/content/changelog/index.ts;... 46 candidate files"
"src/lib/generated/details/characters/*","profiles.base.skillCards.[].variants.[].progressionId","neutral","581","4734","string|null","src/lib/components/SkillCardPanel.svelte;src/lib/domain/types.ts;scripts/data/skills.ts;scripts/data/sync.ts;scripts/data/validate.ts;tests/unit/data.test.ts"
"src/lib/generated/details/characters/*","profiles.base.skillCards.[].variants.[].scalingParamIndexes.[]","neutral","772","772","number","src/lib/domain/types.ts;scripts/data/levelled.ts;scripts/data/skills.ts;scripts/data/sync.ts;scripts/data/text.ts;tests/unit/data.test.ts"
"src/lib/generated/details/characters/*","profiles.base.skillCards.[].variants.[].levels.[].level","neutral","6548","8659","number","src/lib/components/BaseStatsPanel.svelte;src/lib/components/DetailPage.svelte;src/lib/components/endgame/as/ApocalypticShadowNodeSection.svelte;src/lib/components/endgame/as/AsBossDossier.svelte;src/lib/components/endgame/as/AsBossTraits.svelte;src/lib/components/endgame/EndgameEnemyCard.svelte;src/lib/components/endgame/EndgameEnemyGrid.svelte;src/lib/components/endgame/EndgameNodeHeading.svelte;... 53 candidate files"
"src/lib/generated/details/characters/*","profiles.base.skillCards.[].variants.[].levels.[].description","localized","6548","1714998","string","src/lib/components/CharacterCatalogPage.svelte;src/lib/components/DetailPage.svelte;src/lib/components/EffectExplanationSection.svelte;src/lib/components/EidolonCard.svelte;src/lib/components/endgame/mechanics/BuffOptionTile.svelte;src/lib/components/endgame/mechanics/MechanicEntry.svelte;src/lib/components/endgame/mechanics/MechanicSectionCard.svelte;src/lib/components/endgame/modes/AnomalyArbitrationDetailContent.svelte;... 47 candidate files"
"src/lib/generated/details/characters/*","profiles.base.skillCards.[].variants.[].levels.[].descriptionTokens.[].type","neutral","57542","442173","string","src/lib/components/BaseStatsPanel.svelte;src/lib/components/ChangelogModal.svelte;src/lib/components/CharacterCatalogPage.svelte;src/lib/components/CharacterOverviewCard.svelte;src/lib/components/DescriptionText.svelte;src/lib/components/DetailPage.svelte;src/lib/components/EffectExplanationSection.svelte;src/lib/components/EidolonCard.svelte;... 174 candidate files"
"src/lib/generated/details/characters/*","profiles.base.skillCards.[].variants.[].levels.[].descriptionTokens.[].value","mixed","57542","1816986","string","src/lib/components/BaseStatsPanel.svelte;src/lib/components/CharacterCatalogPage.svelte;src/lib/components/CompactEntityCard.svelte;src/lib/components/endgame/as/AsBossTraits.svelte;src/lib/components/endgame/EndgameModeNav.svelte;src/lib/components/endgame/EndgameOverviewCard.svelte;src/lib/components/endgame/EndgameSeasonCard.svelte;src/lib/components/endgame/mechanics/MechanicSectionCard.svelte;... 86 candidate files"
"src/lib/generated/details/characters/*","profiles.base.skillCards.[].variants.[].levels.[].descriptionTokens.[].color","neutral","10889","119539","string","src/lib/components/ChangelogModal.svelte;src/lib/components/CharacterOverviewCard.svelte;src/lib/components/CompactEntityCard.svelte;src/lib/components/DetailPage.svelte;src/lib/components/endgame/as/AsBossDossier.svelte;src/lib/components/endgame/as/AsBossTraits.svelte;src/lib/components/endgame/EndgameEnemyCard.svelte;src/lib/components/endgame/EndgameModeIcon.svelte;... 47 candidate files"
"src/lib/generated/details/characters/*","profiles.base.skillCards.[].variants.[].levels.[].descriptionTokens.[].unbreak","neutral","20087","80348","boolean","src/lib/components/InlineGameTextToken.svelte;src/lib/domain/game-text.ts;src/lib/domain/types.ts;scripts/data/text.ts;tests/unit/data.test.ts;tests/unit/search-metadata.test.ts;tests/unit/search.test.ts"
"src/lib/generated/details/characters/*","profiles.base.skillCards.[].variants.[].attackType","neutral","456","3530","string","src/lib/domain/types.ts;scripts/data/skills.ts;scripts/data/sync.ts;scripts/data/validate.ts;tests/unit/data.test.ts"
"src/lib/generated/details/characters/*","profiles.base.skillCards.[].variants.[].combatMeta.effect.code","neutral","579","6080","string","src/lib/components/CharacterOverviewCard.svelte;src/lib/components/DetailPage.svelte;src/lib/components/endgame/EndgameEnemyCard.svelte;src/lib/components/enemy/EnemyDetailPage.svelte;src/lib/components/enemy/EnemySkillCard.svelte;src/lib/components/EnemyCatalogPage.svelte;src/lib/components/EnemyWeaknessGroup.svelte;src/lib/components/EquipmentRecommendationSection.svelte;... 38 candidate files"
"src/lib/generated/details/characters/*","profiles.base.skillCards.[].variants.[].combatMeta.effect.label","localized","579","4788","string","src/lib/components/BaseStatsPanel.svelte;src/lib/components/ChangelogModal.svelte;src/lib/components/CharacterCatalogPage.svelte;src/lib/components/CharacterOverviewCard.svelte;src/lib/components/DescriptionText.svelte;src/lib/components/DetailPage.svelte;src/lib/components/EidolonCard.svelte;src/lib/components/endgame/as/AsBossDossier.svelte;... 81 candidate files"
"src/lib/generated/details/characters/*","profiles.base.skillCards.[].variants.[].combatMeta.effect.known","neutral","579","2316","boolean","src/lib/domain/types.ts;scripts/data/enemy-detail.ts;scripts/data/skill-combat.ts;scripts/data/sync.ts;scripts/data/validate.ts;tests/unit/data.test.ts;tests/unit/enemy-detail.test.ts"
"src/lib/generated/details/characters/*","profiles.base.skillCards.[].variants.[].combatMeta.battlePointDelta","neutral","205","302","number","src/lib/components/SkillCombatMeta.svelte;src/lib/domain/types.ts;scripts/data/skill-combat.ts;scripts/data/validate.ts;tests/unit/data.test.ts"
"src/lib/generated/details/characters/*","profiles.base.skillCards.[].variants.[].combatMeta.energyGain","neutral","341","560","number","src/lib/components/SkillCombatMeta.svelte;src/lib/domain/types.ts;scripts/data/skill-combat.ts;scripts/data/validate.ts;tests/unit/data.test.ts"
"src/lib/generated/details/characters/*","profiles.base.skillCards.[].variants.[].combatMeta.stanceDisplay.[].type","neutral","415","2992","string","src/lib/components/BaseStatsPanel.svelte;src/lib/components/ChangelogModal.svelte;src/lib/components/CharacterCatalogPage.svelte;src/lib/components/CharacterOverviewCard.svelte;src/lib/components/DescriptionText.svelte;src/lib/components/DetailPage.svelte;src/lib/components/EffectExplanationSection.svelte;src/lib/components/EidolonCard.svelte;... 174 candidate files"
"src/lib/generated/details/characters/*","profiles.base.skillCards.[].variants.[].combatMeta.stanceDisplay.[].value","neutral","415","891","number","src/lib/components/BaseStatsPanel.svelte;src/lib/components/CharacterCatalogPage.svelte;src/lib/components/CompactEntityCard.svelte;src/lib/components/endgame/as/AsBossTraits.svelte;src/lib/components/endgame/EndgameModeNav.svelte;src/lib/components/endgame/EndgameOverviewCard.svelte;src/lib/components/endgame/EndgameSeasonCard.svelte;src/lib/components/endgame/mechanics/MechanicSectionCard.svelte;... 86 candidate files"
"src/lib/generated/details/characters/*","profiles.base.skillCards.[].iconKey","neutral","509","10101","string","src/lib/components/BaseStatsPanel.svelte;src/lib/components/EidolonCard.svelte;src/lib/components/endgame/EndgameModeIcon.svelte;src/lib/components/PrimaryNavigation.svelte;src/lib/components/RelicPropertyToken.svelte;src/lib/components/SkillCardPanel.svelte;src/lib/components/TraceAbilityHeading.svelte;src/lib/components/TraceCardPanel.svelte;... 20 candidate files"
"src/lib/generated/details/characters/*","profiles.base.skillCards.[].variants.[].levels.[].descriptionTokens.[].underline","neutral","5882","23528","boolean","src/lib/components/ChangelogModal.svelte;src/lib/components/InlineGameTextToken.svelte;src/lib/domain/game-text.ts;src/lib/domain/special-effects-presentation.ts;src/lib/domain/types.ts;scripts/data/text.ts;tests/unit/data.test.ts"
"src/lib/generated/details/characters/*","profiles.base.skillCards.[].variants.[].combatMeta.extraEffects.[].id","neutral","345","3450","string","src/lib/components/BaseStatsPanel.svelte;src/lib/components/ChangelogModal.svelte;src/lib/components/CharacterCatalogPage.svelte;src/lib/components/CharacterOverviewCard.svelte;src/lib/components/DetailPage.svelte;src/lib/components/EffectExplanationSection.svelte;src/lib/components/EidolonCard.svelte;src/lib/components/endgame/as/ApocalypticShadowNodeSection.svelte;... 117 candidate files"
"src/lib/generated/details/characters/*","profiles.base.skillCards.[].variants.[].combatMeta.extraEffects.[].name","localized","345","4953","string","src/lib/components/CharacterCatalogPage.svelte;src/lib/components/CharacterOverviewCard.svelte;src/lib/components/CompactEntityCard.svelte;src/lib/components/DetailPage.svelte;src/lib/components/EffectExplanationSection.svelte;src/lib/components/EidolonCard.svelte;src/lib/components/endgame/EndgameEnemyCard.svelte;src/lib/components/endgame/EndgameOverviewCard.svelte;... 110 candidate files"
"src/lib/generated/details/characters/*","profiles.base.skillCards.[].variants.[].combatMeta.extraEffects.[].description","localized","345","44744","string","src/lib/components/CharacterCatalogPage.svelte;src/lib/components/DetailPage.svelte;src/lib/components/EffectExplanationSection.svelte;src/lib/components/EidolonCard.svelte;src/lib/components/endgame/mechanics/BuffOptionTile.svelte;src/lib/components/endgame/mechanics/MechanicEntry.svelte;src/lib/components/endgame/mechanics/MechanicSectionCard.svelte;src/lib/components/endgame/modes/AnomalyArbitrationDetailContent.svelte;... 47 candidate files"
"src/lib/generated/details/characters/*","profiles.base.traces.[].id","neutral","1263","11367","string","src/lib/components/BaseStatsPanel.svelte;src/lib/components/ChangelogModal.svelte;src/lib/components/CharacterCatalogPage.svelte;src/lib/components/CharacterOverviewCard.svelte;src/lib/components/DetailPage.svelte;src/lib/components/EffectExplanationSection.svelte;src/lib/components/EidolonCard.svelte;src/lib/components/endgame/as/ApocalypticShadowNodeSection.svelte;... 117 candidate files"
"src/lib/generated/details/characters/*","profiles.base.traces.[].name","localized","1263","19668","string","src/lib/components/CharacterCatalogPage.svelte;src/lib/components/CharacterOverviewCard.svelte;src/lib/components/CompactEntityCard.svelte;src/lib/components/DetailPage.svelte;src/lib/components/EffectExplanationSection.svelte;src/lib/components/EidolonCard.svelte;src/lib/components/endgame/EndgameEnemyCard.svelte;src/lib/components/endgame/EndgameOverviewCard.svelte;... 110 candidate files"
"src/lib/generated/details/characters/*","profiles.base.traces.[].description","localized","1263","68593","string","src/lib/components/CharacterCatalogPage.svelte;src/lib/components/DetailPage.svelte;src/lib/components/EffectExplanationSection.svelte;src/lib/components/EidolonCard.svelte;src/lib/components/endgame/mechanics/BuffOptionTile.svelte;src/lib/components/endgame/mechanics/MechanicEntry.svelte;src/lib/components/endgame/mechanics/MechanicSectionCard.svelte;src/lib/components/endgame/modes/AnomalyArbitrationDetailContent.svelte;... 47 candidate files"
"src/lib/generated/details/characters/*","profiles.base.traces.[].type","neutral","1263","8457","string","src/lib/components/BaseStatsPanel.svelte;src/lib/components/ChangelogModal.svelte;src/lib/components/CharacterCatalogPage.svelte;src/lib/components/CharacterOverviewCard.svelte;src/lib/components/DescriptionText.svelte;src/lib/components/DetailPage.svelte;src/lib/components/EffectExplanationSection.svelte;src/lib/components/EidolonCard.svelte;... 174 candidate files"
"src/lib/generated/details/characters/*","profiles.base.traces.[].iconKey","neutral","1263","33761","string","src/lib/components/BaseStatsPanel.svelte;src/lib/components/EidolonCard.svelte;src/lib/components/endgame/EndgameModeIcon.svelte;src/lib/components/PrimaryNavigation.svelte;src/lib/components/RelicPropertyToken.svelte;src/lib/components/SkillCardPanel.svelte;src/lib/components/TraceAbilityHeading.svelte;src/lib/components/TraceCardPanel.svelte;... 20 candidate files"
"src/lib/generated/details/characters/*","profiles.base.traces.[].sourcePointType","neutral","1263","1263","number","src/lib/domain/trace-groups.ts;src/lib/domain/types.ts;scripts/data/sync.ts;scripts/data/validate.ts;tests/unit/data.test.ts;tests/unit/shared-ui.test.ts;tests/unit/trace-groups.test.ts"
"src/lib/generated/details/characters/*","profiles.base.traces.[].prerequisiteIds.[]","neutral","823","7407","string","src/lib/domain/trace-groups.ts;src/lib/domain/types.ts;scripts/data/sync.ts;scripts/data/validate.ts;tests/unit/data.test.ts;tests/unit/shared-ui.test.ts;tests/unit/trace-groups.test.ts"
"src/lib/generated/details/characters/*","profiles.base.traces.[].promotionLimit","neutral","970","970","number","src/lib/components/TraceAbilityHeading.svelte;src/lib/domain/types.ts;scripts/data/sync.ts;scripts/data/validate.ts;tests/unit/data.test.ts;tests/unit/trace-groups.test.ts"
"src/lib/generated/details/characters/*","profiles.base.traces.[].anchorOrder","neutral","1263","2138","number","src/lib/domain/trace-groups.ts;src/lib/domain/types.ts;scripts/data/sync.ts;scripts/data/validate.ts;tests/unit/data.test.ts;tests/unit/shared-ui.test.ts;tests/unit/trace-groups.test.ts"
"src/lib/generated/details/characters/*","profiles.base.traces.[].extraEffects.[].id","neutral","112","1120","string","src/lib/components/BaseStatsPanel.svelte;src/lib/components/ChangelogModal.svelte;src/lib/components/CharacterCatalogPage.svelte;src/lib/components/CharacterOverviewCard.svelte;src/lib/components/DetailPage.svelte;src/lib/components/EffectExplanationSection.svelte;src/lib/components/EidolonCard.svelte;src/lib/components/endgame/as/ApocalypticShadowNodeSection.svelte;... 117 candidate files"
"src/lib/generated/details/characters/*","profiles.base.traces.[].extraEffects.[].name","localized","112","1610","string","src/lib/components/CharacterCatalogPage.svelte;src/lib/components/CharacterOverviewCard.svelte;src/lib/components/CompactEntityCard.svelte;src/lib/components/DetailPage.svelte;src/lib/components/EffectExplanationSection.svelte;src/lib/components/EidolonCard.svelte;src/lib/components/endgame/EndgameEnemyCard.svelte;src/lib/components/endgame/EndgameOverviewCard.svelte;... 110 candidate files"
"src/lib/generated/details/characters/*","profiles.base.traces.[].extraEffects.[].description","localized","112","13252","string","src/lib/components/CharacterCatalogPage.svelte;src/lib/components/DetailPage.svelte;src/lib/components/EffectExplanationSection.svelte;src/lib/components/EidolonCard.svelte;src/lib/components/endgame/mechanics/BuffOptionTile.svelte;src/lib/components/endgame/mechanics/MechanicEntry.svelte;src/lib/components/endgame/mechanics/MechanicSectionCard.svelte;src/lib/components/endgame/modes/AnomalyArbitrationDetailContent.svelte;... 47 candidate files"
"src/lib/generated/details/characters/*","profiles.base.traces.[].propertyType","neutral","970","17908","string","src/lib/components/EquipmentRecommendationSection.svelte;src/lib/domain/equipment-recommendation-view.ts;src/lib/domain/types.ts;scripts/assets/shared.ts;scripts/data/sync.ts;scripts/data/validate.ts;tests/unit/data.test.ts;tests/unit/visual-assets.test.ts"
"src/lib/generated/details/characters/*","profiles.base.eidolons.[].id","neutral","582","4656","string","src/lib/components/BaseStatsPanel.svelte;src/lib/components/ChangelogModal.svelte;src/lib/components/CharacterCatalogPage.svelte;src/lib/components/CharacterOverviewCard.svelte;src/lib/components/DetailPage.svelte;src/lib/components/EffectExplanationSection.svelte;src/lib/components/EidolonCard.svelte;src/lib/components/endgame/as/ApocalypticShadowNodeSection.svelte;... 117 candidate files"
"src/lib/generated/details/characters/*","profiles.base.eidolons.[].rank","neutral","582","582","number","src/lib/components/DetailPage.svelte;src/lib/components/EidolonCard.svelte;src/lib/components/enemy/EnemyDetailPage.svelte;src/lib/components/enemy/EnemyRankTag.svelte;src/lib/domain/character-detail-icons.ts;src/lib/domain/endgame-view.ts;src/lib/domain/enemy-overview.ts;src/lib/domain/enemy-view.ts;... 25 candidate files"
"src/lib/generated/details/characters/*","profiles.base.eidolons.[].name","localized","582","12251","string","src/lib/components/CharacterCatalogPage.svelte;src/lib/components/CharacterOverviewCard.svelte;src/lib/components/CompactEntityCard.svelte;src/lib/components/DetailPage.svelte;src/lib/components/EffectExplanationSection.svelte;src/lib/components/EidolonCard.svelte;src/lib/components/endgame/EndgameEnemyCard.svelte;src/lib/components/endgame/EndgameOverviewCard.svelte;... 110 candidate files"
"src/lib/generated/details/characters/*","profiles.base.eidolons.[].description","localized","582","90842","string","src/lib/components/CharacterCatalogPage.svelte;src/lib/components/DetailPage.svelte;src/lib/components/EffectExplanationSection.svelte;src/lib/components/EidolonCard.svelte;src/lib/components/endgame/mechanics/BuffOptionTile.svelte;src/lib/components/endgame/mechanics/MechanicEntry.svelte;src/lib/components/endgame/mechanics/MechanicSectionCard.svelte;src/lib/components/endgame/modes/AnomalyArbitrationDetailContent.svelte;... 47 candidate files"
"src/lib/generated/details/characters/*","profiles.base.eidolons.[].iconKey","neutral","582","8148","string","src/lib/components/BaseStatsPanel.svelte;src/lib/components/EidolonCard.svelte;src/lib/components/endgame/EndgameModeIcon.svelte;src/lib/components/PrimaryNavigation.svelte;src/lib/components/RelicPropertyToken.svelte;src/lib/components/SkillCardPanel.svelte;src/lib/components/TraceAbilityHeading.svelte;src/lib/components/TraceCardPanel.svelte;... 20 candidate files"
"src/lib/generated/details/characters/*","profiles.base.eidolons.[].extraEffects.[].id","neutral","169","1690","string","src/lib/components/BaseStatsPanel.svelte;src/lib/components/ChangelogModal.svelte;src/lib/components/CharacterCatalogPage.svelte;src/lib/components/CharacterOverviewCard.svelte;src/lib/components/DetailPage.svelte;src/lib/components/EffectExplanationSection.svelte;src/lib/components/EidolonCard.svelte;src/lib/components/endgame/as/ApocalypticShadowNodeSection.svelte;... 117 candidate files"
"src/lib/generated/details/characters/*","profiles.base.eidolons.[].extraEffects.[].name","localized","169","2336","string","src/lib/components/CharacterCatalogPage.svelte;src/lib/components/CharacterOverviewCard.svelte;src/lib/components/CompactEntityCard.svelte;src/lib/components/DetailPage.svelte;src/lib/components/EffectExplanationSection.svelte;src/lib/components/EidolonCard.svelte;src/lib/components/endgame/EndgameEnemyCard.svelte;src/lib/components/endgame/EndgameOverviewCard.svelte;... 110 candidate files"
"src/lib/generated/details/characters/*","profiles.base.eidolons.[].extraEffects.[].description","localized","169","18580","string","src/lib/components/CharacterCatalogPage.svelte;src/lib/components/DetailPage.svelte;src/lib/components/EffectExplanationSection.svelte;src/lib/components/EidolonCard.svelte;src/lib/components/endgame/mechanics/BuffOptionTile.svelte;src/lib/components/endgame/mechanics/MechanicEntry.svelte;src/lib/components/endgame/mechanics/MechanicSectionCard.svelte;src/lib/components/endgame/modes/AnomalyArbitrationDetailContent.svelte;... 47 candidate files"
"src/lib/generated/details/characters/*","equipmentRecommendation.avatarId","neutral","97","582","string","src/lib/components/SpecialEffectRelation.svelte;src/lib/domain/types.ts;src/routes/+page.server.ts;scripts/data/avatar-special-skills.ts;scripts/data/homepage.ts;scripts/data/sync.ts;scripts/data/validate.ts;tests/unit/data.test.ts;... 9 candidate files"
"src/lib/generated/details/characters/*","equipmentRecommendation.lightConeIds.[]","neutral","268","1876","string","src/lib/domain/equipment-recommendation-view.ts;src/lib/domain/types.ts;scripts/assets/shared.ts;scripts/data/sync.ts;scripts/data/validate.ts;tests/unit/data.test.ts;tests/unit/visual-assets.test.ts"
"src/lib/generated/details/characters/*","equipmentRecommendation.cavernSetIds.[]","neutral","288","1440","string","src/lib/domain/equipment-recommendation-view.ts;src/lib/domain/types.ts;scripts/data/sync.ts;scripts/data/validate.ts;tests/unit/data.test.ts"
"src/lib/generated/details/characters/*","equipmentRecommendation.planarSetIds.[]","neutral","291","1455","string","src/lib/domain/equipment-recommendation-view.ts;src/lib/domain/types.ts;scripts/data/sync.ts;scripts/data/validate.ts;tests/unit/data.test.ts"
"src/lib/generated/details/characters/*","equipmentRecommendation.mainStatOptions.[].slot","neutral","388","2522","string","src/lib/components/CharacterOverviewCard.svelte;src/lib/components/CompactEntityCard.svelte;src/lib/components/endgame/as/ApocalypticShadowNodeSection.svelte;src/lib/components/endgame/EndgameNodeHeading.svelte;src/lib/components/endgame/EndgameNodeSection.svelte;src/lib/components/endgame/mechanics/MechanicEntry.svelte;src/lib/components/endgame/modes/AnomalyArbitrationDetailContent.svelte;src/lib/components/endgame/modes/ApocalypticShadowDetailContent.svelte;... 44 candidate files"
"src/lib/generated/details/characters/*","equipmentRecommendation.mainStatOptions.[].propertyTypes.[]","neutral","586","9828","string","src/lib/domain/equipment-recommendation-view.ts;src/lib/domain/types.ts;scripts/data/sync.ts;scripts/data/validate.ts;tests/unit/data.test.ts"
"src/lib/generated/details/characters/*","equipmentRecommendation.subStatPropertyTypes.[]","neutral","351","6208","string","src/lib/domain/equipment-recommendation-view.ts;src/lib/domain/types.ts;scripts/data/sync.ts;scripts/data/validate.ts;tests/unit/data.test.ts"
"src/lib/generated/details/characters/*","baseStats.minLevel","neutral","97","97","number","src/lib/components/BaseStatsPanel.svelte;src/lib/components/enemy/EnemyDetailPage.svelte;src/lib/domain/stats.ts;src/lib/domain/types.ts;scripts/data/enemy-detail.ts;scripts/data/stats.ts;scripts/data/validate.ts;tests/unit/data.test.ts;... 9 candidate files"
"src/lib/generated/details/characters/*","baseStats.maxLevel","neutral","97","194","number","src/lib/components/BaseStatsPanel.svelte;src/lib/components/enemy/EnemyDetailPage.svelte;src/lib/domain/stats.ts;src/lib/domain/types.ts;scripts/data/enemy-detail.ts;scripts/data/stats.ts;scripts/data/validate.ts;tests/unit/data.test.ts;... 9 candidate files"
"src/lib/generated/details/characters/*","baseStats.defaultLevel","neutral","97","194","number","src/lib/components/BaseStatsPanel.svelte;src/lib/components/enemy/EnemyDetailPage.svelte;src/lib/components/SkillProgressionPanel.svelte;src/lib/domain/types.ts;scripts/data/enemy-detail.ts;scripts/data/skills.ts;scripts/data/stats.ts;scripts/data/validate.ts;... 10 candidate files"
"src/lib/generated/details/characters/*","baseStats.stages.[].fromLevel","neutral","679","1261","number","src/lib/domain/stats.ts;src/lib/domain/types.ts;scripts/data/stats.ts;tests/unit/shared-ui.test.ts"
"src/lib/generated/details/characters/*","baseStats.stages.[].toLevel","neutral","679","1358","number","src/lib/domain/types.ts;scripts/data/stats.ts;tests/unit/shared-ui.test.ts"
"src/lib/generated/details/characters/*","baseStats.stages.[].hp.base","neutral","679","4224","number","src/lib/components/BaseStatsPanel.svelte;src/lib/components/DetailPage.svelte;src/lib/domain/endgame.ts;src/lib/domain/stats.ts;src/lib/domain/types.ts;src/lib/search/name-metadata.ts;scripts/data/character-names.ts;scripts/data/endgame.ts;... 22 candidate files"
"src/lib/generated/details/characters/*","baseStats.stages.[].hp.perLevel","neutral","679","3087","number","src/lib/domain/stats.ts;src/lib/domain/types.ts;scripts/data/stats.ts;tests/unit/shared-ui.test.ts"
"src/lib/generated/details/characters/*","baseStats.stages.[].attack.base","neutral","679","4131","number","src/lib/components/BaseStatsPanel.svelte;src/lib/components/DetailPage.svelte;src/lib/domain/endgame.ts;src/lib/domain/stats.ts;src/lib/domain/types.ts;src/lib/search/name-metadata.ts;scripts/data/character-names.ts;scripts/data/endgame.ts;... 22 candidate files"
"src/lib/generated/details/characters/*","baseStats.stages.[].attack.perLevel","neutral","679","3087","number","src/lib/domain/stats.ts;src/lib/domain/types.ts;scripts/data/stats.ts;tests/unit/shared-ui.test.ts"
"src/lib/generated/details/characters/*","baseStats.stages.[].defence.base","neutral","679","3201","number","src/lib/components/BaseStatsPanel.svelte;src/lib/components/DetailPage.svelte;src/lib/domain/endgame.ts;src/lib/domain/stats.ts;src/lib/domain/types.ts;src/lib/search/name-metadata.ts;scripts/data/character-names.ts;scripts/data/endgame.ts;... 22 candidate files"
"src/lib/generated/details/characters/*","baseStats.stages.[].defence.perLevel","neutral","679","2660","number","src/lib/domain/stats.ts;src/lib/domain/types.ts;scripts/data/stats.ts;tests/unit/shared-ui.test.ts"
"src/lib/generated/details/characters/*","baseStats.fixed.speed","neutral","97","257","number","src/lib/components/BaseStatsPanel.svelte;src/lib/components/endgame/EndgameEnemyCard.svelte;src/lib/components/enemy/EnemyStatsPanel.svelte;src/lib/components/enemy/EnemyTemplateBaseStatsPanel.svelte;src/lib/domain/endgame-view.ts;src/lib/domain/endgame.ts;src/lib/domain/types.ts;scripts/data/endgame.ts;... 20 candidate files"
"src/lib/generated/details/characters/*","baseStats.fixed.criticalChance","neutral","97","388","number","src/lib/domain/types.ts;scripts/data/sync.ts"
"src/lib/generated/details/characters/*","baseStats.fixed.criticalDamage","neutral","97","291","number","src/lib/components/enemy/EnemyTemplateBaseStatsPanel.svelte;src/lib/domain/types.ts;scripts/data/sync.ts;scripts/data/validate.ts;tests/unit/enemy-detail.test.ts"
"src/lib/generated/details/characters/*","baseStats.fixed.aggro","neutral","97","267","number","src/lib/domain/types.ts;scripts/data/sync.ts"
"src/lib/generated/details/characters/*","baseStats.iconKeys.hp","neutral","97","1649","string","src/lib/components/BaseStatsPanel.svelte;src/lib/components/endgame/EndgameEnemyCard.svelte;src/lib/components/endgame/HpDisplay.svelte;src/lib/components/enemy/EnemyStatsPanel.svelte;src/lib/components/enemy/EnemyTemplateBaseStatsPanel.svelte;src/lib/domain/endgame-view.ts;src/lib/domain/endgame.ts;src/lib/domain/stats.ts;... 26 candidate files"
"src/lib/generated/details/characters/*","baseStats.iconKeys.attack","neutral","97","1746","string","src/lib/components/BaseStatsPanel.svelte;src/lib/components/enemy/EnemyStatsPanel.svelte;src/lib/components/enemy/EnemyTemplateBaseStatsPanel.svelte;src/lib/domain/stats.ts;src/lib/domain/types.ts;scripts/data/enemy-detail.ts;scripts/data/stats.ts;scripts/data/sync.ts;... 13 candidate files"
"src/lib/generated/details/characters/*","baseStats.iconKeys.defence","neutral","97","1843","string","src/lib/components/BaseStatsPanel.svelte;src/lib/components/enemy/EnemyStatsPanel.svelte;src/lib/components/enemy/EnemyTemplateBaseStatsPanel.svelte;src/lib/domain/stats.ts;src/lib/domain/types.ts;scripts/data/enemy-detail.ts;scripts/data/stats.ts;scripts/data/sync.ts;... 13 candidate files"
"src/lib/generated/details/characters/*","baseStats.iconKeys.speed","neutral","97","1649","string","src/lib/components/BaseStatsPanel.svelte;src/lib/components/endgame/EndgameEnemyCard.svelte;src/lib/components/enemy/EnemyStatsPanel.svelte;src/lib/components/enemy/EnemyTemplateBaseStatsPanel.svelte;src/lib/domain/endgame-view.ts;src/lib/domain/endgame.ts;src/lib/domain/types.ts;scripts/data/endgame.ts;... 20 candidate files"
"src/lib/generated/details/characters/*","profiles.enhanced.energy.kind","neutral","10","100","string","src/lib/components/BaseStatsPanel.svelte;src/lib/components/CharacterOverviewCard.svelte;src/lib/components/DescriptionText.svelte;src/lib/components/DetailPage.svelte;src/lib/components/endgame/EndgameEnemyCard.svelte;src/lib/components/endgame/mechanics/MechanicSectionCard.svelte;src/lib/components/endgame/modes/AnomalyArbitrationDetailContent.svelte;src/lib/components/endgame/modes/ApocalypticShadowMechanicsSection.svelte;... 54 candidate files"
"src/lib/generated/details/characters/*","profiles.enhanced.energy.max","neutral","10","30","number","src/lib/components/BaseStatsPanel.svelte;src/lib/components/ChangelogModal.svelte;src/lib/components/CharacterCatalogPage.svelte;src/lib/components/CompactEntityCard.svelte;src/lib/components/endgame/as/ApocalypticShadowNodeSection.svelte;src/lib/components/endgame/as/AsBossDossier.svelte;src/lib/components/endgame/as/AsBossTraits.svelte;src/lib/components/endgame/EndgameModeNav.svelte;... 54 candidate files"
"src/lib/generated/details/characters/*","profiles.enhanced.energy.iconKey","neutral","10","170","string","src/lib/components/BaseStatsPanel.svelte;src/lib/components/EidolonCard.svelte;src/lib/components/endgame/EndgameModeIcon.svelte;src/lib/components/PrimaryNavigation.svelte;src/lib/components/RelicPropertyToken.svelte;src/lib/components/SkillCardPanel.svelte;src/lib/components/TraceAbilityHeading.svelte;src/lib/components/TraceCardPanel.svelte;... 20 candidate files"
"src/lib/generated/details/characters/*","profiles.enhanced.skillCards.[].category","neutral","50","430","string","src/lib/components/CharacterCatalogPage.svelte;src/lib/components/DetailPage.svelte;src/lib/components/endgame/EndgameOverviewCard.svelte;src/lib/components/endgame/EndgameSeasonCard.svelte;src/lib/components/endgame/EndgameSeasonHero.svelte;src/lib/components/EnemyCatalogPage.svelte;src/lib/components/LightConeCatalogPage.svelte;src/lib/components/RelicCatalogPage.svelte;... 29 candidate files"
"src/lib/generated/details/characters/*","profiles.enhanced.skillCards.[].displayLabel","localized","50","430","string","src/lib/components/SkillCardPanel.svelte;src/lib/domain/types.ts;scripts/data/skills.ts;tests/unit/shared-ui.test.ts"
"src/lib/generated/details/characters/*","profiles.enhanced.skillCards.[].order","neutral","50","50","number","src/lib/components/endgame/as/AsBossTraits.svelte;src/lib/components/endgame/mechanics/BuffOptionGroup.svelte;src/lib/components/SpecialEffectRelation.svelte;src/lib/domain/endgame-view.ts;src/lib/domain/endgame.ts;src/lib/domain/types.ts;src/lib/search/normalization.ts;src/lib/search/presentation.ts;... 23 candidate files"
"src/lib/generated/details/characters/*","profiles.enhanced.skillCards.[].progressions.[].id","neutral","40","400","string","src/lib/components/BaseStatsPanel.svelte;src/lib/components/ChangelogModal.svelte;src/lib/components/CharacterCatalogPage.svelte;src/lib/components/CharacterOverviewCard.svelte;src/lib/components/DetailPage.svelte;src/lib/components/EffectExplanationSection.svelte;src/lib/components/EidolonCard.svelte;src/lib/components/endgame/as/ApocalypticShadowNodeSection.svelte;... 117 candidate files"
"src/lib/generated/details/characters/*","profiles.enhanced.skillCards.[].progressions.[].availableLevels.[]","neutral","550","740","number","src/lib/components/SkillProgressionPanel.svelte;src/lib/domain/types.ts;scripts/data/skills.ts;scripts/data/validate.ts"
"src/lib/generated/details/characters/*","profiles.enhanced.skillCards.[].progressions.[].defaultLevel","neutral","40","70","number","src/lib/components/BaseStatsPanel.svelte;src/lib/components/enemy/EnemyDetailPage.svelte;src/lib/components/SkillProgressionPanel.svelte;src/lib/domain/types.ts;scripts/data/enemy-detail.ts;scripts/data/skills.ts;scripts/data/stats.ts;scripts/data/validate.ts;... 10 candidate files"
"src/lib/generated/details/characters/*","profiles.enhanced.skillCards.[].progressions.[].variantIds.[]","neutral","44","396","string","src/lib/components/SkillCardPanel.svelte;src/lib/domain/types.ts;scripts/data/skills.ts;scripts/data/validate.ts;tests/unit/data.test.ts"
"src/lib/generated/details/characters/*","profiles.enhanced.skillCards.[].variants.[].id","neutral","54","486","string","src/lib/components/BaseStatsPanel.svelte;src/lib/components/ChangelogModal.svelte;src/lib/components/CharacterCatalogPage.svelte;src/lib/components/CharacterOverviewCard.svelte;src/lib/components/DetailPage.svelte;src/lib/components/EffectExplanationSection.svelte;src/lib/components/EidolonCard.svelte;src/lib/components/endgame/as/ApocalypticShadowNodeSection.svelte;... 117 candidate files"
"src/lib/generated/details/characters/*","profiles.enhanced.skillCards.[].variants.[].name","localized","54","974","string","src/lib/components/CharacterCatalogPage.svelte;src/lib/components/CharacterOverviewCard.svelte;src/lib/components/CompactEntityCard.svelte;src/lib/components/DetailPage.svelte;src/lib/components/EffectExplanationSection.svelte;src/lib/components/EidolonCard.svelte;src/lib/components/endgame/EndgameEnemyCard.svelte;src/lib/components/endgame/EndgameOverviewCard.svelte;... 110 candidate files"
"src/lib/generated/details/characters/*","profiles.enhanced.skillCards.[].variants.[].type","mixed","54","462","string","src/lib/components/BaseStatsPanel.svelte;src/lib/components/ChangelogModal.svelte;src/lib/components/CharacterCatalogPage.svelte;src/lib/components/CharacterOverviewCard.svelte;src/lib/components/DescriptionText.svelte;src/lib/components/DetailPage.svelte;src/lib/components/EffectExplanationSection.svelte;src/lib/components/EidolonCard.svelte;... 174 candidate files"
"src/lib/generated/details/characters/*","profiles.enhanced.skillCards.[].variants.[].order","neutral","54","54","number","src/lib/components/endgame/as/AsBossTraits.svelte;src/lib/components/endgame/mechanics/BuffOptionGroup.svelte;src/lib/components/SpecialEffectRelation.svelte;src/lib/domain/endgame-view.ts;src/lib/domain/endgame.ts;src/lib/domain/types.ts;src/lib/search/normalization.ts;src/lib/search/presentation.ts;... 23 candidate files"
"src/lib/generated/details/characters/*","profiles.enhanced.skillCards.[].variants.[].source","neutral","54","432","string","src/lib/components/DetailArtwork.svelte;src/lib/components/DetailPage.svelte;src/lib/components/endgame/as/AsBossDossier.svelte;src/lib/components/enemy/EnemyDetailPage.svelte;src/lib/components/relic/RelicDetailPage.svelte;src/lib/components/relic/RelicIcon.svelte;src/lib/components/SemanticIconLabel.svelte;src/lib/content/changelog/index.ts;... 46 candidate files"
"src/lib/generated/details/characters/*","profiles.enhanced.skillCards.[].variants.[].progressionId","neutral","54","480","string|null","src/lib/components/SkillCardPanel.svelte;src/lib/domain/types.ts;scripts/data/skills.ts;scripts/data/sync.ts;scripts/data/validate.ts;tests/unit/data.test.ts"
"src/lib/generated/details/characters/*","profiles.enhanced.skillCards.[].variants.[].scalingParamIndexes.[]","neutral","86","86","number","src/lib/domain/types.ts;scripts/data/levelled.ts;scripts/data/skills.ts;scripts/data/sync.ts;scripts/data/text.ts;tests/unit/data.test.ts"
"src/lib/generated/details/characters/*","profiles.enhanced.skillCards.[].variants.[].levels.[].level","neutral","610","814","number","src/lib/components/BaseStatsPanel.svelte;src/lib/components/DetailPage.svelte;src/lib/components/endgame/as/ApocalypticShadowNodeSection.svelte;src/lib/components/endgame/as/AsBossDossier.svelte;src/lib/components/endgame/as/AsBossTraits.svelte;src/lib/components/endgame/EndgameEnemyCard.svelte;src/lib/components/endgame/EndgameEnemyGrid.svelte;src/lib/components/endgame/EndgameNodeHeading.svelte;... 53 candidate files"
"src/lib/generated/details/characters/*","profiles.enhanced.skillCards.[].variants.[].levels.[].description","localized","610","185453","string","src/lib/components/CharacterCatalogPage.svelte;src/lib/components/DetailPage.svelte;src/lib/components/EffectExplanationSection.svelte;src/lib/components/EidolonCard.svelte;src/lib/components/endgame/mechanics/BuffOptionTile.svelte;src/lib/components/endgame/mechanics/MechanicEntry.svelte;src/lib/components/endgame/mechanics/MechanicSectionCard.svelte;src/lib/components/endgame/modes/AnomalyArbitrationDetailContent.svelte;... 47 candidate files"
"src/lib/generated/details/characters/*","profiles.enhanced.skillCards.[].variants.[].levels.[].descriptionTokens.[].type","neutral","6054","46944","string","src/lib/components/BaseStatsPanel.svelte;src/lib/components/ChangelogModal.svelte;src/lib/components/CharacterCatalogPage.svelte;src/lib/components/CharacterOverviewCard.svelte;src/lib/components/DescriptionText.svelte;src/lib/components/DetailPage.svelte;src/lib/components/EffectExplanationSection.svelte;src/lib/components/EidolonCard.svelte;... 174 candidate files"
"src/lib/generated/details/characters/*","profiles.enhanced.skillCards.[].variants.[].levels.[].descriptionTokens.[].value","mixed","6054","196341","string","src/lib/components/BaseStatsPanel.svelte;src/lib/components/CharacterCatalogPage.svelte;src/lib/components/CompactEntityCard.svelte;src/lib/components/endgame/as/AsBossTraits.svelte;src/lib/components/endgame/EndgameModeNav.svelte;src/lib/components/endgame/EndgameOverviewCard.svelte;src/lib/components/endgame/EndgameSeasonCard.svelte;src/lib/components/endgame/mechanics/MechanicSectionCard.svelte;... 86 candidate files"
"src/lib/generated/details/characters/*","profiles.enhanced.skillCards.[].variants.[].levels.[].descriptionTokens.[].color","neutral","1180","12980","string","src/lib/components/ChangelogModal.svelte;src/lib/components/CharacterOverviewCard.svelte;src/lib/components/CompactEntityCard.svelte;src/lib/components/DetailPage.svelte;src/lib/components/endgame/as/AsBossDossier.svelte;src/lib/components/endgame/as/AsBossTraits.svelte;src/lib/components/endgame/EndgameEnemyCard.svelte;src/lib/components/endgame/EndgameModeIcon.svelte;... 47 candidate files"
"src/lib/generated/details/characters/*","profiles.enhanced.skillCards.[].variants.[].levels.[].descriptionTokens.[].unbreak","neutral","2280","9120","boolean","src/lib/components/InlineGameTextToken.svelte;src/lib/domain/game-text.ts;src/lib/domain/types.ts;scripts/data/text.ts;tests/unit/data.test.ts;tests/unit/search-metadata.test.ts;tests/unit/search.test.ts"
"src/lib/generated/details/characters/*","profiles.enhanced.skillCards.[].variants.[].attackType","neutral","44","334","string","src/lib/domain/types.ts;scripts/data/skills.ts;scripts/data/sync.ts;scripts/data/validate.ts;tests/unit/data.test.ts"
"src/lib/generated/details/characters/*","profiles.enhanced.skillCards.[].variants.[].combatMeta.effect.code","neutral","54","573","string","src/lib/components/CharacterOverviewCard.svelte;src/lib/components/DetailPage.svelte;src/lib/components/endgame/EndgameEnemyCard.svelte;src/lib/components/enemy/EnemyDetailPage.svelte;src/lib/components/enemy/EnemySkillCard.svelte;src/lib/components/EnemyCatalogPage.svelte;src/lib/components/EnemyWeaknessGroup.svelte;src/lib/components/EquipmentRecommendationSection.svelte;... 38 candidate files"
"src/lib/generated/details/characters/*","profiles.enhanced.skillCards.[].variants.[].combatMeta.effect.label","localized","54","456","string","src/lib/components/BaseStatsPanel.svelte;src/lib/components/ChangelogModal.svelte;src/lib/components/CharacterCatalogPage.svelte;src/lib/components/CharacterOverviewCard.svelte;src/lib/components/DescriptionText.svelte;src/lib/components/DetailPage.svelte;src/lib/components/EidolonCard.svelte;src/lib/components/endgame/as/AsBossDossier.svelte;... 81 candidate files"
"src/lib/generated/details/characters/*","profiles.enhanced.skillCards.[].variants.[].combatMeta.effect.known","neutral","54","216","boolean","src/lib/domain/types.ts;scripts/data/enemy-detail.ts;scripts/data/skill-combat.ts;scripts/data/sync.ts;scripts/data/validate.ts;tests/unit/data.test.ts;tests/unit/enemy-detail.test.ts"
"src/lib/generated/details/characters/*","profiles.enhanced.skillCards.[].variants.[].combatMeta.battlePointDelta","neutral","22","33","number","src/lib/components/SkillCombatMeta.svelte;src/lib/domain/types.ts;scripts/data/skill-combat.ts;scripts/data/validate.ts;tests/unit/data.test.ts"
"src/lib/generated/details/characters/*","profiles.enhanced.skillCards.[].variants.[].combatMeta.energyGain","neutral","32","53","number","src/lib/components/SkillCombatMeta.svelte;src/lib/domain/types.ts;scripts/data/skill-combat.ts;scripts/data/validate.ts;tests/unit/data.test.ts"
"src/lib/generated/details/characters/*","profiles.enhanced.skillCards.[].variants.[].combatMeta.stanceDisplay.[].type","neutral","41","306","string","src/lib/components/BaseStatsPanel.svelte;src/lib/components/ChangelogModal.svelte;src/lib/components/CharacterCatalogPage.svelte;src/lib/components/CharacterOverviewCard.svelte;src/lib/components/DescriptionText.svelte;src/lib/components/DetailPage.svelte;src/lib/components/EffectExplanationSection.svelte;src/lib/components/EidolonCard.svelte;... 174 candidate files"
"src/lib/generated/details/characters/*","profiles.enhanced.skillCards.[].variants.[].combatMeta.stanceDisplay.[].value","neutral","41","82","number","src/lib/components/BaseStatsPanel.svelte;src/lib/components/CharacterCatalogPage.svelte;src/lib/components/CompactEntityCard.svelte;src/lib/components/endgame/as/AsBossTraits.svelte;src/lib/components/endgame/EndgameModeNav.svelte;src/lib/components/endgame/EndgameOverviewCard.svelte;src/lib/components/endgame/EndgameSeasonCard.svelte;src/lib/components/endgame/mechanics/MechanicSectionCard.svelte;... 86 candidate files"
"src/lib/generated/details/characters/*","profiles.enhanced.skillCards.[].iconKey","neutral","50","1040","string","src/lib/components/BaseStatsPanel.svelte;src/lib/components/EidolonCard.svelte;src/lib/components/endgame/EndgameModeIcon.svelte;src/lib/components/PrimaryNavigation.svelte;src/lib/components/RelicPropertyToken.svelte;src/lib/components/SkillCardPanel.svelte;src/lib/components/TraceAbilityHeading.svelte;src/lib/components/TraceCardPanel.svelte;... 20 candidate files"
"src/lib/generated/details/characters/*","profiles.enhanced.skillCards.[].variants.[].levels.[].descriptionTokens.[].underline","neutral","465","1860","boolean","src/lib/components/ChangelogModal.svelte;src/lib/components/InlineGameTextToken.svelte;src/lib/domain/game-text.ts;src/lib/domain/special-effects-presentation.ts;src/lib/domain/types.ts;scripts/data/text.ts;tests/unit/data.test.ts"
"src/lib/generated/details/characters/*","profiles.enhanced.skillCards.[].variants.[].combatMeta.extraEffects.[].id","neutral","29","290","string","src/lib/components/BaseStatsPanel.svelte;src/lib/components/ChangelogModal.svelte;src/lib/components/CharacterCatalogPage.svelte;src/lib/components/CharacterOverviewCard.svelte;src/lib/components/DetailPage.svelte;src/lib/components/EffectExplanationSection.svelte;src/lib/components/EidolonCard.svelte;src/lib/components/endgame/as/ApocalypticShadowNodeSection.svelte;... 117 candidate files"
"src/lib/generated/details/characters/*","profiles.enhanced.skillCards.[].variants.[].combatMeta.extraEffects.[].name","localized","29","388","string","src/lib/components/CharacterCatalogPage.svelte;src/lib/components/CharacterOverviewCard.svelte;src/lib/components/CompactEntityCard.svelte;src/lib/components/DetailPage.svelte;src/lib/components/EffectExplanationSection.svelte;src/lib/components/EidolonCard.svelte;src/lib/components/endgame/EndgameEnemyCard.svelte;src/lib/components/endgame/EndgameOverviewCard.svelte;... 110 candidate files"
"src/lib/generated/details/characters/*","profiles.enhanced.skillCards.[].variants.[].combatMeta.extraEffects.[].description","localized","29","3771","string","src/lib/components/CharacterCatalogPage.svelte;src/lib/components/DetailPage.svelte;src/lib/components/EffectExplanationSection.svelte;src/lib/components/EidolonCard.svelte;src/lib/components/endgame/mechanics/BuffOptionTile.svelte;src/lib/components/endgame/mechanics/MechanicEntry.svelte;src/lib/components/endgame/mechanics/MechanicSectionCard.svelte;src/lib/components/endgame/modes/AnomalyArbitrationDetailContent.svelte;... 47 candidate files"
"src/lib/generated/details/characters/*","profiles.enhanced.traces.[].id","neutral","130","1300","string","src/lib/components/BaseStatsPanel.svelte;src/lib/components/ChangelogModal.svelte;src/lib/components/CharacterCatalogPage.svelte;src/lib/components/CharacterOverviewCard.svelte;src/lib/components/DetailPage.svelte;src/lib/components/EffectExplanationSection.svelte;src/lib/components/EidolonCard.svelte;src/lib/components/endgame/as/ApocalypticShadowNodeSection.svelte;... 117 candidate files"
"src/lib/generated/details/characters/*","profiles.enhanced.traces.[].name","localized","130","2036","string","src/lib/components/CharacterCatalogPage.svelte;src/lib/components/CharacterOverviewCard.svelte;src/lib/components/CompactEntityCard.svelte;src/lib/components/DetailPage.svelte;src/lib/components/EffectExplanationSection.svelte;src/lib/components/EidolonCard.svelte;src/lib/components/endgame/EndgameEnemyCard.svelte;src/lib/components/endgame/EndgameOverviewCard.svelte;... 110 candidate files"
"src/lib/generated/details/characters/*","profiles.enhanced.traces.[].description","localized","130","7651","string","src/lib/components/CharacterCatalogPage.svelte;src/lib/components/DetailPage.svelte;src/lib/components/EffectExplanationSection.svelte;src/lib/components/EidolonCard.svelte;src/lib/components/endgame/mechanics/BuffOptionTile.svelte;src/lib/components/endgame/mechanics/MechanicEntry.svelte;src/lib/components/endgame/mechanics/MechanicSectionCard.svelte;src/lib/components/endgame/modes/AnomalyArbitrationDetailContent.svelte;... 47 candidate files"
"src/lib/generated/details/characters/*","profiles.enhanced.traces.[].type","neutral","130","870","string","src/lib/components/BaseStatsPanel.svelte;src/lib/components/ChangelogModal.svelte;src/lib/components/CharacterCatalogPage.svelte;src/lib/components/CharacterOverviewCard.svelte;src/lib/components/DescriptionText.svelte;src/lib/components/DetailPage.svelte;src/lib/components/EffectExplanationSection.svelte;src/lib/components/EidolonCard.svelte;... 174 candidate files"
"src/lib/generated/details/characters/*","profiles.enhanced.traces.[].iconKey","neutral","130","3535","string","src/lib/components/BaseStatsPanel.svelte;src/lib/components/EidolonCard.svelte;src/lib/components/endgame/EndgameModeIcon.svelte;src/lib/components/PrimaryNavigation.svelte;src/lib/components/RelicPropertyToken.svelte;src/lib/components/SkillCardPanel.svelte;src/lib/components/TraceAbilityHeading.svelte;src/lib/components/TraceCardPanel.svelte;... 20 candidate files"
"src/lib/generated/details/characters/*","profiles.enhanced.traces.[].sourcePointType","neutral","130","130","number","src/lib/domain/trace-groups.ts;src/lib/domain/types.ts;scripts/data/sync.ts;scripts/data/validate.ts;tests/unit/data.test.ts;tests/unit/shared-ui.test.ts;tests/unit/trace-groups.test.ts"
"src/lib/generated/details/characters/*","profiles.enhanced.traces.[].promotionLimit","neutral","100","100","number","src/lib/components/TraceAbilityHeading.svelte;src/lib/domain/types.ts;scripts/data/sync.ts;scripts/data/validate.ts;tests/unit/data.test.ts;tests/unit/trace-groups.test.ts"
"src/lib/generated/details/characters/*","profiles.enhanced.traces.[].anchorOrder","neutral","130","220","number","src/lib/domain/trace-groups.ts;src/lib/domain/types.ts;scripts/data/sync.ts;scripts/data/validate.ts;tests/unit/data.test.ts;tests/unit/shared-ui.test.ts;tests/unit/trace-groups.test.ts"
"src/lib/generated/details/characters/*","profiles.enhanced.traces.[].extraEffects.[].id","neutral","17","170","string","src/lib/components/BaseStatsPanel.svelte;src/lib/components/ChangelogModal.svelte;src/lib/components/CharacterCatalogPage.svelte;src/lib/components/CharacterOverviewCard.svelte;src/lib/components/DetailPage.svelte;src/lib/components/EffectExplanationSection.svelte;src/lib/components/EidolonCard.svelte;src/lib/components/endgame/as/ApocalypticShadowNodeSection.svelte;... 117 candidate files"
"src/lib/generated/details/characters/*","profiles.enhanced.traces.[].extraEffects.[].name","localized","17","250","string","src/lib/components/CharacterCatalogPage.svelte;src/lib/components/CharacterOverviewCard.svelte;src/lib/components/CompactEntityCard.svelte;src/lib/components/DetailPage.svelte;src/lib/components/EffectExplanationSection.svelte;src/lib/components/EidolonCard.svelte;src/lib/components/endgame/EndgameEnemyCard.svelte;src/lib/components/endgame/EndgameOverviewCard.svelte;... 110 candidate files"
"src/lib/generated/details/characters/*","profiles.enhanced.traces.[].extraEffects.[].description","localized","17","2277","string","src/lib/components/CharacterCatalogPage.svelte;src/lib/components/DetailPage.svelte;src/lib/components/EffectExplanationSection.svelte;src/lib/components/EidolonCard.svelte;src/lib/components/endgame/mechanics/BuffOptionTile.svelte;src/lib/components/endgame/mechanics/MechanicEntry.svelte;src/lib/components/endgame/mechanics/MechanicSectionCard.svelte;src/lib/components/endgame/modes/AnomalyArbitrationDetailContent.svelte;... 47 candidate files"
"src/lib/generated/details/characters/*","profiles.enhanced.traces.[].propertyType","neutral","100","1875","string","src/lib/components/EquipmentRecommendationSection.svelte;src/lib/domain/equipment-recommendation-view.ts;src/lib/domain/types.ts;scripts/assets/shared.ts;scripts/data/sync.ts;scripts/data/validate.ts;tests/unit/data.test.ts;tests/unit/visual-assets.test.ts"
"src/lib/generated/details/characters/*","profiles.enhanced.traces.[].prerequisiteIds.[]","neutral","87","870","string","src/lib/domain/trace-groups.ts;src/lib/domain/types.ts;scripts/data/sync.ts;scripts/data/validate.ts;tests/unit/data.test.ts;tests/unit/shared-ui.test.ts;tests/unit/trace-groups.test.ts"
"src/lib/generated/details/characters/*","profiles.enhanced.eidolons.[].id","neutral","60","540","string","src/lib/components/BaseStatsPanel.svelte;src/lib/components/ChangelogModal.svelte;src/lib/components/CharacterCatalogPage.svelte;src/lib/components/CharacterOverviewCard.svelte;src/lib/components/DetailPage.svelte;src/lib/components/EffectExplanationSection.svelte;src/lib/components/EidolonCard.svelte;src/lib/components/endgame/as/ApocalypticShadowNodeSection.svelte;... 117 candidate files"
"src/lib/generated/details/characters/*","profiles.enhanced.eidolons.[].rank","neutral","60","60","number","src/lib/components/DetailPage.svelte;src/lib/components/EidolonCard.svelte;src/lib/components/enemy/EnemyDetailPage.svelte;src/lib/components/enemy/EnemyRankTag.svelte;src/lib/domain/character-detail-icons.ts;src/lib/domain/endgame-view.ts;src/lib/domain/enemy-overview.ts;src/lib/domain/enemy-view.ts;... 25 candidate files"
"src/lib/generated/details/characters/*","profiles.enhanced.eidolons.[].name","localized","60","1170","string","src/lib/components/CharacterCatalogPage.svelte;src/lib/components/CharacterOverviewCard.svelte;src/lib/components/CompactEntityCard.svelte;src/lib/components/DetailPage.svelte;src/lib/components/EffectExplanationSection.svelte;src/lib/components/EidolonCard.svelte;src/lib/components/endgame/EndgameEnemyCard.svelte;src/lib/components/endgame/EndgameOverviewCard.svelte;... 110 candidate files"
"src/lib/generated/details/characters/*","profiles.enhanced.eidolons.[].description","localized","60","9470","string","src/lib/components/CharacterCatalogPage.svelte;src/lib/components/DetailPage.svelte;src/lib/components/EffectExplanationSection.svelte;src/lib/components/EidolonCard.svelte;src/lib/components/endgame/mechanics/BuffOptionTile.svelte;src/lib/components/endgame/mechanics/MechanicEntry.svelte;src/lib/components/endgame/mechanics/MechanicSectionCard.svelte;src/lib/components/endgame/modes/AnomalyArbitrationDetailContent.svelte;... 47 candidate files"
"src/lib/generated/details/characters/*","profiles.enhanced.eidolons.[].iconKey","neutral","60","900","string","src/lib/components/BaseStatsPanel.svelte;src/lib/components/EidolonCard.svelte;src/lib/components/endgame/EndgameModeIcon.svelte;src/lib/components/PrimaryNavigation.svelte;src/lib/components/RelicPropertyToken.svelte;src/lib/components/SkillCardPanel.svelte;src/lib/components/TraceAbilityHeading.svelte;src/lib/components/TraceCardPanel.svelte;... 20 candidate files"
"src/lib/generated/details/characters/*","profiles.enhanced.eidolons.[].extraEffects.[].id","neutral","21","210","string","src/lib/components/BaseStatsPanel.svelte;src/lib/components/ChangelogModal.svelte;src/lib/components/CharacterCatalogPage.svelte;src/lib/components/CharacterOverviewCard.svelte;src/lib/components/DetailPage.svelte;src/lib/components/EffectExplanationSection.svelte;src/lib/components/EidolonCard.svelte;src/lib/components/endgame/as/ApocalypticShadowNodeSection.svelte;... 117 candidate files"
"src/lib/generated/details/characters/*","profiles.enhanced.eidolons.[].extraEffects.[].name","localized","21","300","string","src/lib/components/CharacterCatalogPage.svelte;src/lib/components/CharacterOverviewCard.svelte;src/lib/components/CompactEntityCard.svelte;src/lib/components/DetailPage.svelte;src/lib/components/EffectExplanationSection.svelte;src/lib/components/EidolonCard.svelte;src/lib/components/endgame/EndgameEnemyCard.svelte;src/lib/components/endgame/EndgameOverviewCard.svelte;... 110 candidate files"
"src/lib/generated/details/characters/*","profiles.enhanced.eidolons.[].extraEffects.[].description","localized","21","2541","string","src/lib/components/CharacterCatalogPage.svelte;src/lib/components/DetailPage.svelte;src/lib/components/EffectExplanationSection.svelte;src/lib/components/EidolonCard.svelte;src/lib/components/endgame/mechanics/BuffOptionTile.svelte;src/lib/components/endgame/mechanics/MechanicEntry.svelte;src/lib/components/endgame/mechanics/MechanicSectionCard.svelte;src/lib/components/endgame/modes/AnomalyArbitrationDetailContent.svelte;... 47 candidate files"
"src/lib/generated/details/characters/*","profiles.base.skillCards.[].variants.[].combatMeta.specialResource","mixed","21","789","string","src/lib/components/SkillCombatMeta.svelte;src/lib/domain/types.ts;scripts/data/skill-combat.ts;scripts/data/sync.ts;scripts/data/validate.ts;tests/unit/data.test.ts"
"src/lib/generated/details/characters/*","profiles.base.skillCards.[].variants.[].combatMeta.toughnessDamage","neutral","1","2","number","src/lib/components/SkillCombatMeta.svelte;src/lib/domain/types.ts;scripts/data/skill-combat.ts;scripts/data/validate.ts;tests/unit/data.test.ts"
"src/lib/generated/details/characters/*","profiles.enhanced.skillCards.[].variants.[].combatMeta.specialResource","mixed","1","33","string","src/lib/components/SkillCombatMeta.svelte;src/lib/domain/types.ts;scripts/data/skill-combat.ts;scripts/data/sync.ts;scripts/data/validate.ts;tests/unit/data.test.ts"
"src/lib/generated/details/characters/*","profiles.base.skillCards.[].variants.[].levels.[].descriptionTokens.[].icon.spriteName","neutral","40","680","string","src/lib/components/InlineGameTextToken.svelte;src/lib/domain/game-text.ts;src/lib/domain/types.ts;tests/unit/data.test.ts"
"src/lib/generated/details/characters/*","profiles.base.skillCards.[].variants.[].levels.[].descriptionTokens.[].icon.id","neutral","40","40","number","src/lib/components/BaseStatsPanel.svelte;src/lib/components/ChangelogModal.svelte;src/lib/components/CharacterCatalogPage.svelte;src/lib/components/CharacterOverviewCard.svelte;src/lib/components/DetailPage.svelte;src/lib/components/EffectExplanationSection.svelte;src/lib/components/EidolonCard.svelte;src/lib/components/endgame/as/ApocalypticShadowNodeSection.svelte;... 117 candidate files"
"src/lib/generated/details/characters/*","profiles.base.skillCards.[].variants.[].levels.[].descriptionTokens.[].icon.width","neutral","40","40","number","src/lib/components/ChangelogModal.svelte;src/lib/components/CompactEntityCard.svelte;src/lib/components/DetailArtwork.svelte;src/lib/components/DetailPage.svelte;src/lib/components/endgame/as/ApocalypticShadowNodeSection.svelte;src/lib/components/endgame/as/AsBossDossier.svelte;src/lib/components/endgame/as/AsBossTraits.svelte;src/lib/components/endgame/EndgameEnemyCard.svelte;... 59 candidate files"
"src/lib/generated/details/characters/*","profiles.base.skillCards.[].variants.[].levels.[].descriptionTokens.[].icon.height","neutral","40","40","number","src/lib/components/ChangelogModal.svelte;src/lib/components/CompactEntityCard.svelte;src/lib/components/DetailArtwork.svelte;src/lib/components/DetailPage.svelte;src/lib/components/endgame/as/AsBossDossier.svelte;src/lib/components/endgame/EndgameEnemyCard.svelte;src/lib/components/endgame/EndgameModeIcon.svelte;src/lib/components/endgame/EndgameModeNav.svelte;... 42 candidate files"
"src/lib/generated/details/characters/*","profiles.base.specialEffects.[].kind","neutral","16","318","string","src/lib/components/BaseStatsPanel.svelte;src/lib/components/CharacterOverviewCard.svelte;src/lib/components/DescriptionText.svelte;src/lib/components/DetailPage.svelte;src/lib/components/endgame/EndgameEnemyCard.svelte;src/lib/components/endgame/mechanics/MechanicSectionCard.svelte;src/lib/components/endgame/modes/AnomalyArbitrationDetailContent.svelte;src/lib/components/endgame/modes/ApocalypticShadowMechanicsSection.svelte;... 54 candidate files"
"src/lib/generated/details/characters/*","profiles.base.specialEffects.[].skill.id","neutral","16","142","string","src/lib/components/BaseStatsPanel.svelte;src/lib/components/ChangelogModal.svelte;src/lib/components/CharacterCatalogPage.svelte;src/lib/components/CharacterOverviewCard.svelte;src/lib/components/DetailPage.svelte;src/lib/components/EffectExplanationSection.svelte;src/lib/components/EidolonCard.svelte;src/lib/components/endgame/as/ApocalypticShadowNodeSection.svelte;... 117 candidate files"
"src/lib/generated/details/characters/*","profiles.base.specialEffects.[].skill.name","localized","16","410","string","src/lib/components/CharacterCatalogPage.svelte;src/lib/components/CharacterOverviewCard.svelte;src/lib/components/CompactEntityCard.svelte;src/lib/components/DetailPage.svelte;src/lib/components/EffectExplanationSection.svelte;src/lib/components/EidolonCard.svelte;src/lib/components/endgame/EndgameEnemyCard.svelte;src/lib/components/endgame/EndgameOverviewCard.svelte;... 110 candidate files"
"src/lib/generated/details/characters/*","profiles.base.specialEffects.[].skill.type","mixed","16","176","string","src/lib/components/BaseStatsPanel.svelte;src/lib/components/ChangelogModal.svelte;src/lib/components/CharacterCatalogPage.svelte;src/lib/components/CharacterOverviewCard.svelte;src/lib/components/DescriptionText.svelte;src/lib/components/DetailPage.svelte;src/lib/components/EffectExplanationSection.svelte;src/lib/components/EidolonCard.svelte;... 174 candidate files"
"src/lib/generated/details/characters/*","profiles.base.specialEffects.[].skill.order","neutral","16","21","number","src/lib/components/endgame/as/AsBossTraits.svelte;src/lib/components/endgame/mechanics/BuffOptionGroup.svelte;src/lib/components/SpecialEffectRelation.svelte;src/lib/domain/endgame-view.ts;src/lib/domain/endgame.ts;src/lib/domain/types.ts;src/lib/search/normalization.ts;src/lib/search/presentation.ts;... 23 candidate files"
"src/lib/generated/details/characters/*","profiles.base.specialEffects.[].skill.source","neutral","16","184","string","src/lib/components/DetailArtwork.svelte;src/lib/components/DetailPage.svelte;src/lib/components/endgame/as/AsBossDossier.svelte;src/lib/components/enemy/EnemyDetailPage.svelte;src/lib/components/relic/RelicDetailPage.svelte;src/lib/components/relic/RelicIcon.svelte;src/lib/components/SemanticIconLabel.svelte;src/lib/content/changelog/index.ts;... 46 candidate files"
"src/lib/generated/details/characters/*","profiles.base.specialEffects.[].skill.progressionId","neutral","16","144","string","src/lib/components/SkillCardPanel.svelte;src/lib/domain/types.ts;scripts/data/skills.ts;scripts/data/sync.ts;scripts/data/validate.ts;tests/unit/data.test.ts"
"src/lib/generated/details/characters/*","profiles.base.specialEffects.[].skill.scalingParamIndexes.[]","neutral","40","40","number","src/lib/domain/types.ts;scripts/data/levelled.ts;scripts/data/skills.ts;scripts/data/sync.ts;scripts/data/text.ts;tests/unit/data.test.ts"
"src/lib/generated/details/characters/*","profiles.base.specialEffects.[].skill.levels.[].level","neutral","170","196","number","src/lib/components/BaseStatsPanel.svelte;src/lib/components/DetailPage.svelte;src/lib/components/endgame/as/ApocalypticShadowNodeSection.svelte;src/lib/components/endgame/as/AsBossDossier.svelte;src/lib/components/endgame/as/AsBossTraits.svelte;src/lib/components/endgame/EndgameEnemyCard.svelte;src/lib/components/endgame/EndgameEnemyGrid.svelte;src/lib/components/endgame/EndgameNodeHeading.svelte;... 53 candidate files"
"src/lib/generated/details/characters/*","profiles.base.specialEffects.[].skill.levels.[].description","localized","170","59552","string","src/lib/components/CharacterCatalogPage.svelte;src/lib/components/DetailPage.svelte;src/lib/components/EffectExplanationSection.svelte;src/lib/components/EidolonCard.svelte;src/lib/components/endgame/mechanics/BuffOptionTile.svelte;src/lib/components/endgame/mechanics/MechanicEntry.svelte;src/lib/components/endgame/mechanics/MechanicSectionCard.svelte;src/lib/components/endgame/modes/AnomalyArbitrationDetailContent.svelte;... 47 candidate files"
"src/lib/generated/details/characters/*","profiles.base.specialEffects.[].skill.levels.[].descriptionTokens.[].type","neutral","1740","13500","string","src/lib/components/BaseStatsPanel.svelte;src/lib/components/ChangelogModal.svelte;src/lib/components/CharacterCatalogPage.svelte;src/lib/components/CharacterOverviewCard.svelte;src/lib/components/DescriptionText.svelte;src/lib/components/DetailPage.svelte;src/lib/components/EffectExplanationSection.svelte;src/lib/components/EidolonCard.svelte;... 174 candidate files"
"src/lib/generated/details/characters/*","profiles.base.specialEffects.[].skill.levels.[].descriptionTokens.[].value","mixed","1740","62692","string","src/lib/components/BaseStatsPanel.svelte;src/lib/components/CharacterCatalogPage.svelte;src/lib/components/CompactEntityCard.svelte;src/lib/components/endgame/as/AsBossTraits.svelte;src/lib/components/endgame/EndgameModeNav.svelte;src/lib/components/endgame/EndgameOverviewCard.svelte;src/lib/components/endgame/EndgameSeasonCard.svelte;src/lib/components/endgame/mechanics/MechanicSectionCard.svelte;... 86 candidate files"
"src/lib/generated/details/characters/*","profiles.base.specialEffects.[].skill.levels.[].descriptionTokens.[].color","neutral","450","4950","string","src/lib/components/ChangelogModal.svelte;src/lib/components/CharacterOverviewCard.svelte;src/lib/components/CompactEntityCard.svelte;src/lib/components/DetailPage.svelte;src/lib/components/endgame/as/AsBossDossier.svelte;src/lib/components/endgame/as/AsBossTraits.svelte;src/lib/components/endgame/EndgameEnemyCard.svelte;src/lib/components/endgame/EndgameModeIcon.svelte;... 47 candidate files"
"src/lib/generated/details/characters/*","profiles.base.specialEffects.[].skill.levels.[].descriptionTokens.[].unbreak","neutral","560","2240","boolean","src/lib/components/InlineGameTextToken.svelte;src/lib/domain/game-text.ts;src/lib/domain/types.ts;scripts/data/text.ts;tests/unit/data.test.ts;tests/unit/search-metadata.test.ts;tests/unit/search.test.ts"
"src/lib/generated/details/characters/*","profiles.base.specialEffects.[].skill.levels.[].descriptionTokens.[].underline","neutral","175","700","boolean","src/lib/components/ChangelogModal.svelte;src/lib/components/InlineGameTextToken.svelte;src/lib/domain/game-text.ts;src/lib/domain/special-effects-presentation.ts;src/lib/domain/types.ts;scripts/data/text.ts;tests/unit/data.test.ts"
"src/lib/generated/details/characters/*","profiles.base.specialEffects.[].skill.attackType","neutral","16","142","string","src/lib/domain/types.ts;scripts/data/skills.ts;scripts/data/sync.ts;scripts/data/validate.ts;tests/unit/data.test.ts"
"src/lib/generated/details/characters/*","profiles.base.specialEffects.[].skill.combatMeta.effect.code","neutral","16","148","string","src/lib/components/CharacterOverviewCard.svelte;src/lib/components/DetailPage.svelte;src/lib/components/endgame/EndgameEnemyCard.svelte;src/lib/components/enemy/EnemyDetailPage.svelte;src/lib/components/enemy/EnemySkillCard.svelte;src/lib/components/EnemyCatalogPage.svelte;src/lib/components/EnemyWeaknessGroup.svelte;src/lib/components/EquipmentRecommendationSection.svelte;... 38 candidate files"
"src/lib/generated/details/characters/*","profiles.base.specialEffects.[].skill.combatMeta.effect.label","localized","16","128","string","src/lib/components/BaseStatsPanel.svelte;src/lib/components/ChangelogModal.svelte;src/lib/components/CharacterCatalogPage.svelte;src/lib/components/CharacterOverviewCard.svelte;src/lib/components/DescriptionText.svelte;src/lib/components/DetailPage.svelte;src/lib/components/EidolonCard.svelte;src/lib/components/endgame/as/AsBossDossier.svelte;... 81 candidate files"
"src/lib/generated/details/characters/*","profiles.base.specialEffects.[].skill.combatMeta.effect.known","neutral","16","64","boolean","src/lib/domain/types.ts;scripts/data/enemy-detail.ts;scripts/data/skill-combat.ts;scripts/data/sync.ts;scripts/data/validate.ts;tests/unit/data.test.ts;tests/unit/enemy-detail.test.ts"
"src/lib/generated/details/characters/*","profiles.base.specialEffects.[].skill.combatMeta.extraEffects.[].id","neutral","13","130","string","src/lib/components/BaseStatsPanel.svelte;src/lib/components/ChangelogModal.svelte;src/lib/components/CharacterCatalogPage.svelte;src/lib/components/CharacterOverviewCard.svelte;src/lib/components/DetailPage.svelte;src/lib/components/EffectExplanationSection.svelte;src/lib/components/EidolonCard.svelte;src/lib/components/endgame/as/ApocalypticShadowNodeSection.svelte;... 117 candidate files"
"src/lib/generated/details/characters/*","profiles.base.specialEffects.[].skill.combatMeta.extraEffects.[].name","localized","13","191","string","src/lib/components/CharacterCatalogPage.svelte;src/lib/components/CharacterOverviewCard.svelte;src/lib/components/CompactEntityCard.svelte;src/lib/components/DetailPage.svelte;src/lib/components/EffectExplanationSection.svelte;src/lib/components/EidolonCard.svelte;src/lib/components/endgame/EndgameEnemyCard.svelte;src/lib/components/endgame/EndgameOverviewCard.svelte;... 110 candidate files"
"src/lib/generated/details/characters/*","profiles.base.specialEffects.[].skill.combatMeta.extraEffects.[].description","localized","13","1515","string","src/lib/components/CharacterCatalogPage.svelte;src/lib/components/DetailPage.svelte;src/lib/components/EffectExplanationSection.svelte;src/lib/components/EidolonCard.svelte;src/lib/components/endgame/mechanics/BuffOptionTile.svelte;src/lib/components/endgame/mechanics/MechanicEntry.svelte;src/lib/components/endgame/mechanics/MechanicSectionCard.svelte;src/lib/components/endgame/modes/AnomalyArbitrationDetailContent.svelte;... 47 candidate files"
"src/lib/generated/details/characters/*","profiles.base.specialEffects.[].order","neutral","14","19","number","src/lib/components/endgame/as/AsBossTraits.svelte;src/lib/components/endgame/mechanics/BuffOptionGroup.svelte;src/lib/components/SpecialEffectRelation.svelte;src/lib/domain/endgame-view.ts;src/lib/domain/endgame.ts;src/lib/domain/types.ts;src/lib/search/normalization.ts;src/lib/search/presentation.ts;... 23 candidate files"
"src/lib/generated/details/characters/*","profiles.base.specialEffects.[].linkedAvatarId","neutral","14","84","string","src/lib/components/SpecialEffectRelation.svelte;src/lib/domain/types.ts;src/routes/[category=category]/[id]/+page.server.ts;scripts/data/special-effects.ts;scripts/data/sync.ts;scripts/data/validate.ts;tests/unit/data.test.ts"
"src/lib/generated/details/characters/*","profiles.base.specialEffects.[].tarotFigurePath","neutral","14","1064","string","src/lib/domain/types.ts;scripts/data/special-effects.ts;scripts/data/sync.ts;scripts/data/validate.ts;tests/unit/data.test.ts"
"src/lib/generated/details/characters/*","profiles.base.specialEffects.[].tarotIconPath","neutral","14","896","string","src/lib/domain/types.ts;scripts/data/special-effects.ts;scripts/data/sync.ts;scripts/data/validate.ts;tests/unit/data.test.ts"
"src/lib/generated/details/characters/*","profiles.base.specialEffects.[].skill.combatMeta.energyGain","neutral","2","4","number","src/lib/components/SkillCombatMeta.svelte;src/lib/domain/types.ts;scripts/data/skill-combat.ts;scripts/data/validate.ts;tests/unit/data.test.ts"
"src/lib/generated/details/characters/*","profiles.base.specialEffects.[].skill.combatMeta.stanceDisplay.[].type","neutral","4","26","string","src/lib/components/BaseStatsPanel.svelte;src/lib/components/ChangelogModal.svelte;src/lib/components/CharacterCatalogPage.svelte;src/lib/components/CharacterOverviewCard.svelte;src/lib/components/DescriptionText.svelte;src/lib/components/DetailPage.svelte;src/lib/components/EffectExplanationSection.svelte;src/lib/components/EidolonCard.svelte;... 174 candidate files"
"src/lib/generated/details/characters/*","profiles.base.specialEffects.[].skill.combatMeta.stanceDisplay.[].value","neutral","4","6","number","src/lib/components/BaseStatsPanel.svelte;src/lib/components/CharacterCatalogPage.svelte;src/lib/components/CompactEntityCard.svelte;src/lib/components/endgame/as/AsBossTraits.svelte;src/lib/components/endgame/EndgameModeNav.svelte;src/lib/components/endgame/EndgameOverviewCard.svelte;src/lib/components/endgame/EndgameSeasonCard.svelte;src/lib/components/endgame/mechanics/MechanicSectionCard.svelte;... 86 candidate files"
"src/lib/generated/details/characters/*","profiles.base.specialEffects.[].linkedAvatarIds.[]","neutral","9","54","string","src/lib/components/SpecialEffectRelation.svelte;src/lib/domain/types.ts;src/routes/[category=category]/[id]/+page.server.ts;scripts/data/special-effects.ts;scripts/data/sync.ts;scripts/data/validate.ts;tests/unit/data.test.ts"
"src/lib/generated/details/characters/*","profiles.base.specialEffects.[].simplifiedLinkedAvatarIds.[]","neutral","6","36","string","src/lib/domain/types.ts;scripts/data/special-effects.ts;scripts/data/sync.ts;scripts/data/validate.ts;tests/unit/data.test.ts"
"src/lib/generated/details/enemies/*","id","neutral","628","5652","string","src/lib/components/BaseStatsPanel.svelte;src/lib/components/ChangelogModal.svelte;src/lib/components/CharacterCatalogPage.svelte;src/lib/components/CharacterOverviewCard.svelte;src/lib/components/DetailPage.svelte;src/lib/components/EffectExplanationSection.svelte;src/lib/components/EidolonCard.svelte;src/lib/components/endgame/as/ApocalypticShadowNodeSection.svelte;... 117 candidate files"
"src/lib/generated/details/enemies/*","name","localized","628","14322","string","src/lib/components/CharacterCatalogPage.svelte;src/lib/components/CharacterOverviewCard.svelte;src/lib/components/CompactEntityCard.svelte;src/lib/components/DetailPage.svelte;src/lib/components/EffectExplanationSection.svelte;src/lib/components/EidolonCard.svelte;src/lib/components/endgame/EndgameEnemyCard.svelte;src/lib/components/endgame/EndgameOverviewCard.svelte;... 110 candidate files"
"src/lib/generated/details/enemies/*","description","localized","628","135251","string","src/lib/components/CharacterCatalogPage.svelte;src/lib/components/DetailPage.svelte;src/lib/components/EffectExplanationSection.svelte;src/lib/components/EidolonCard.svelte;src/lib/components/endgame/mechanics/BuffOptionTile.svelte;src/lib/components/endgame/mechanics/MechanicEntry.svelte;src/lib/components/endgame/mechanics/MechanicSectionCard.svelte;src/lib/components/endgame/modes/AnomalyArbitrationDetailContent.svelte;... 47 candidate files"
"src/lib/generated/details/enemies/*","type","neutral","628","6281","string","src/lib/components/BaseStatsPanel.svelte;src/lib/components/ChangelogModal.svelte;src/lib/components/CharacterCatalogPage.svelte;src/lib/components/CharacterOverviewCard.svelte;src/lib/components/DescriptionText.svelte;src/lib/components/DetailPage.svelte;src/lib/components/EffectExplanationSection.svelte;src/lib/components/EidolonCard.svelte;... 174 candidate files"
"src/lib/generated/details/enemies/*","typeName","localized","628","6281","string","src/lib/components/relic/RelicDetailPage.svelte;src/lib/domain/enemy-view.ts;src/lib/domain/types.ts;scripts/data/sync.ts"
"src/lib/generated/details/enemies/*","weaknesses.[].element","neutral","1714","14538","string","src/lib/components/CharacterCatalogPage.svelte;src/lib/components/CharacterOverviewCard.svelte;src/lib/components/CompactEntityCard.svelte;src/lib/components/DetailPage.svelte;src/lib/components/endgame/EndgameEnemyCard.svelte;src/lib/components/endgame/mechanics/BuffOptionTile.svelte;src/lib/components/endgame/mechanics/MechanicEntry.svelte;src/lib/components/endgame/mechanics/MechanicSectionCard.svelte;... 38 candidate files"
"src/lib/generated/details/enemies/*","weaknesses.[].name","localized","1714","10796","string","src/lib/components/CharacterCatalogPage.svelte;src/lib/components/CharacterOverviewCard.svelte;src/lib/components/CompactEntityCard.svelte;src/lib/components/DetailPage.svelte;src/lib/components/EffectExplanationSection.svelte;src/lib/components/EidolonCard.svelte;src/lib/components/endgame/EndgameEnemyCard.svelte;src/lib/components/endgame/EndgameOverviewCard.svelte;... 110 candidate files"
"src/lib/generated/details/enemies/*","kind","neutral","628","4396","string","src/lib/components/BaseStatsPanel.svelte;src/lib/components/CharacterOverviewCard.svelte;src/lib/components/DescriptionText.svelte;src/lib/components/DetailPage.svelte;src/lib/components/endgame/EndgameEnemyCard.svelte;src/lib/components/endgame/mechanics/MechanicSectionCard.svelte;src/lib/components/endgame/modes/AnomalyArbitrationDetailContent.svelte;src/lib/components/endgame/modes/ApocalypticShadowMechanicsSection.svelte;... 54 candidate files"
"src/lib/generated/details/enemies/*","rank","neutral","628","6281","string","src/lib/components/DetailPage.svelte;src/lib/components/EidolonCard.svelte;src/lib/components/enemy/EnemyDetailPage.svelte;src/lib/components/enemy/EnemyRankTag.svelte;src/lib/domain/character-detail-icons.ts;src/lib/domain/endgame-view.ts;src/lib/domain/enemy-overview.ts;src/lib/domain/enemy-view.ts;... 25 candidate files"
"src/lib/generated/details/enemies/*","template.monsterTemplateId","neutral","628","5652","string","src/lib/components/endgame/EndgameEnemyCard.svelte;src/lib/components/enemy/EnemyDetailPage.svelte;src/lib/domain/endgame-view.ts;src/lib/domain/endgame.ts;src/lib/domain/enemy-view.ts;src/lib/domain/types.ts;src/lib/server/endgame.ts;src/lib/server/enemies.ts;... 20 candidate files"
"src/lib/generated/details/enemies/*","template.name","localized","628","14322","string","src/lib/components/CharacterCatalogPage.svelte;src/lib/components/CharacterOverviewCard.svelte;src/lib/components/CompactEntityCard.svelte;src/lib/components/DetailPage.svelte;src/lib/components/EffectExplanationSection.svelte;src/lib/components/EidolonCard.svelte;src/lib/components/endgame/EndgameEnemyCard.svelte;src/lib/components/endgame/EndgameOverviewCard.svelte;... 110 candidate files"
"src/lib/generated/details/enemies/*","template.rank","neutral","628","6281","string","src/lib/components/DetailPage.svelte;src/lib/components/EidolonCard.svelte;src/lib/components/enemy/EnemyDetailPage.svelte;src/lib/components/enemy/EnemyRankTag.svelte;src/lib/domain/character-detail-icons.ts;src/lib/domain/endgame-view.ts;src/lib/domain/enemy-overview.ts;src/lib/domain/enemy-view.ts;... 25 candidate files"
"src/lib/generated/details/enemies/*","template.baseStats.hp","neutral","628","4093","string","src/lib/components/BaseStatsPanel.svelte;src/lib/components/endgame/EndgameEnemyCard.svelte;src/lib/components/endgame/HpDisplay.svelte;src/lib/components/enemy/EnemyStatsPanel.svelte;src/lib/components/enemy/EnemyTemplateBaseStatsPanel.svelte;src/lib/domain/endgame-view.ts;src/lib/domain/endgame.ts;src/lib/domain/stats.ts;... 26 candidate files"
"src/lib/generated/details/enemies/*","template.baseStats.attack","neutral","628","2806","string","src/lib/components/BaseStatsPanel.svelte;src/lib/components/enemy/EnemyStatsPanel.svelte;src/lib/components/enemy/EnemyTemplateBaseStatsPanel.svelte;src/lib/domain/stats.ts;src/lib/domain/types.ts;scripts/data/enemy-detail.ts;scripts/data/stats.ts;scripts/data/sync.ts;... 13 candidate files"
"src/lib/generated/details/enemies/*","template.baseStats.defence","neutral","628","3140","string","src/lib/components/BaseStatsPanel.svelte;src/lib/components/enemy/EnemyStatsPanel.svelte;src/lib/components/enemy/EnemyTemplateBaseStatsPanel.svelte;src/lib/domain/stats.ts;src/lib/domain/types.ts;scripts/data/enemy-detail.ts;scripts/data/stats.ts;scripts/data/sync.ts;... 13 candidate files"
"src/lib/generated/details/enemies/*","template.baseStats.criticalDamage","neutral","628","3140","string","src/lib/components/enemy/EnemyTemplateBaseStatsPanel.svelte;src/lib/domain/types.ts;scripts/data/sync.ts;scripts/data/validate.ts;tests/unit/enemy-detail.test.ts"
"src/lib/generated/details/enemies/*","template.baseStats.speed","neutral","615","3001","string","src/lib/components/BaseStatsPanel.svelte;src/lib/components/endgame/EndgameEnemyCard.svelte;src/lib/components/enemy/EnemyStatsPanel.svelte;src/lib/components/enemy/EnemyTemplateBaseStatsPanel.svelte;src/lib/domain/endgame-view.ts;src/lib/domain/endgame.ts;src/lib/domain/types.ts;scripts/data/endgame.ts;... 20 candidate files"
"src/lib/generated/details/enemies/*","template.baseStats.stance","neutral","596","2817","string","src/lib/components/enemy/EnemyTemplateBaseStatsPanel.svelte;src/lib/components/SkillCombatMeta.svelte;src/lib/domain/decimal.ts;src/lib/domain/types.ts;scripts/data/endgame.ts;scripts/data/sync.ts;scripts/data/validate.ts;tests/e2e/site.spec.ts;... 9 candidate files"
"src/lib/generated/details/enemies/*","template.baseStats.effectResistance","neutral","554","2762","string","src/lib/components/enemy/EnemyStatsPanel.svelte;src/lib/components/enemy/EnemyTemplateBaseStatsPanel.svelte;src/lib/domain/types.ts;scripts/data/enemy-detail.ts;scripts/data/sync.ts;tests/unit/enemy-detail.test.ts"
"src/lib/generated/details/enemies/*","monsters.[].monsterId","neutral","2649","27883","string","src/lib/components/endgame/EndgameEnemyCard.svelte;src/lib/components/enemy/EnemyDetailPage.svelte;src/lib/domain/endgame-view.ts;src/lib/domain/endgame.ts;src/lib/domain/enemy-view.ts;src/lib/domain/types.ts;src/lib/server/endgame.ts;scripts/data/as-boss-guides.ts;... 19 candidate files"
"src/lib/generated/details/enemies/*","monsters.[].monsterTemplateId","neutral","2649","23841","string","src/lib/components/endgame/EndgameEnemyCard.svelte;src/lib/components/enemy/EnemyDetailPage.svelte;src/lib/domain/endgame-view.ts;src/lib/domain/endgame.ts;src/lib/domain/enemy-view.ts;src/lib/domain/types.ts;src/lib/server/endgame.ts;src/lib/server/enemies.ts;... 20 candidate files"
"src/lib/generated/details/enemies/*","monsters.[].hardLevelGroup","neutral","2649","7947","string","src/lib/domain/endgame.ts;src/lib/domain/enemy-view.ts;src/lib/domain/types.ts;scripts/data/endgame.ts;scripts/data/sync.ts"
"src/lib/generated/details/enemies/*","monsters.[].eliteGroup","neutral","2649","7991","string","src/lib/domain/enemy-view.ts;src/lib/domain/types.ts;scripts/data/sync.ts"
"src/lib/generated/details/enemies/*","monsters.[].modifiers.hp.ratio","neutral","2649","14565","string","src/lib/domain/endgame-view.ts;src/lib/domain/endgame.ts;src/lib/domain/types.ts;scripts/data/endgame.ts;scripts/data/enemy-detail.ts;scripts/data/pure-fiction-hp.ts;scripts/data/sync.ts;scripts/data/validate.ts;... 11 candidate files"
"src/lib/generated/details/enemies/*","monsters.[].modifiers.attack.ratio","neutral","2649","10541","string","src/lib/domain/endgame-view.ts;src/lib/domain/endgame.ts;src/lib/domain/types.ts;scripts/data/endgame.ts;scripts/data/enemy-detail.ts;scripts/data/pure-fiction-hp.ts;scripts/data/sync.ts;scripts/data/validate.ts;... 11 candidate files"
"src/lib/generated/details/enemies/*","monsters.[].modifiers.defence.ratio","neutral","2649","7961","string","src/lib/domain/endgame-view.ts;src/lib/domain/endgame.ts;src/lib/domain/types.ts;scripts/data/endgame.ts;scripts/data/enemy-detail.ts;scripts/data/pure-fiction-hp.ts;scripts/data/sync.ts;scripts/data/validate.ts;... 11 candidate files"
"src/lib/generated/details/enemies/*","monsters.[].modifiers.speed.ratio","neutral","2649","7947","string","src/lib/domain/endgame-view.ts;src/lib/domain/endgame.ts;src/lib/domain/types.ts;scripts/data/endgame.ts;scripts/data/enemy-detail.ts;scripts/data/pure-fiction-hp.ts;scripts/data/sync.ts;scripts/data/validate.ts;... 11 candidate files"
"src/lib/generated/details/enemies/*","monsters.[].modifiers.stance.ratio","neutral","2649","7947","string","src/lib/domain/endgame-view.ts;src/lib/domain/endgame.ts;src/lib/domain/types.ts;scripts/data/endgame.ts;scripts/data/enemy-detail.ts;scripts/data/pure-fiction-hp.ts;scripts/data/sync.ts;scripts/data/validate.ts;... 11 candidate files"
"src/lib/generated/details/enemies/*","monsters.[].stats.minLevel","neutral","2649","2649","number","src/lib/components/BaseStatsPanel.svelte;src/lib/components/enemy/EnemyDetailPage.svelte;src/lib/domain/stats.ts;src/lib/domain/types.ts;scripts/data/enemy-detail.ts;scripts/data/stats.ts;scripts/data/validate.ts;tests/unit/data.test.ts;... 9 candidate files"
"src/lib/generated/details/enemies/*","monsters.[].stats.maxLevel","neutral","2649","7947","number","src/lib/components/BaseStatsPanel.svelte;src/lib/components/enemy/EnemyDetailPage.svelte;src/lib/domain/stats.ts;src/lib/domain/types.ts;scripts/data/enemy-detail.ts;scripts/data/stats.ts;scripts/data/validate.ts;tests/unit/data.test.ts;... 9 candidate files"
"src/lib/generated/details/enemies/*","monsters.[].stats.defaultLevel","neutral","2649","5298","number","src/lib/components/BaseStatsPanel.svelte;src/lib/components/enemy/EnemyDetailPage.svelte;src/lib/components/SkillProgressionPanel.svelte;src/lib/domain/types.ts;scripts/data/enemy-detail.ts;scripts/data/skills.ts;scripts/data/stats.ts;scripts/data/validate.ts;... 10 candidate files"
"src/lib/generated/details/enemies/*","monsters.[].stats.levels.[].level","neutral","264900","508608","number","src/lib/components/BaseStatsPanel.svelte;src/lib/components/DetailPage.svelte;src/lib/components/endgame/as/ApocalypticShadowNodeSection.svelte;src/lib/components/endgame/as/AsBossDossier.svelte;src/lib/components/endgame/as/AsBossTraits.svelte;src/lib/components/endgame/EndgameEnemyCard.svelte;src/lib/components/endgame/EndgameEnemyGrid.svelte;src/lib/components/endgame/EndgameNodeHeading.svelte;... 53 candidate files"
"src/lib/generated/details/enemies/*","monsters.[].stats.levels.[].hp.status","neutral","264900","2649000","string","src/lib/components/endgame/EndgameSeasonHero.svelte;src/lib/components/enemy/EnemyStatsPanel.svelte;src/lib/components/Navigator.svelte;src/lib/domain/endgame-view.ts;src/lib/domain/endgame.ts;src/lib/domain/types.ts;src/lib/search/endgame.ts;src/routes/+error.svelte;... 29 candidate files"
"src/lib/generated/details/enemies/*","monsters.[].stats.levels.[].hp.value","neutral","264900","4136653","string","src/lib/components/BaseStatsPanel.svelte;src/lib/components/CharacterCatalogPage.svelte;src/lib/components/CompactEntityCard.svelte;src/lib/components/endgame/as/AsBossTraits.svelte;src/lib/components/endgame/EndgameModeNav.svelte;src/lib/components/endgame/EndgameOverviewCard.svelte;src/lib/components/endgame/EndgameSeasonCard.svelte;src/lib/components/endgame/mechanics/MechanicSectionCard.svelte;... 86 candidate files"
"src/lib/generated/details/enemies/*","monsters.[].stats.levels.[].attack.status","neutral","264900","2649000","string","src/lib/components/endgame/EndgameSeasonHero.svelte;src/lib/components/enemy/EnemyStatsPanel.svelte;src/lib/components/Navigator.svelte;src/lib/domain/endgame-view.ts;src/lib/domain/endgame.ts;src/lib/domain/types.ts;src/lib/search/endgame.ts;src/routes/+error.svelte;... 29 candidate files"
"src/lib/generated/details/enemies/*","monsters.[].stats.levels.[].attack.value","neutral","264900","3306039","string","src/lib/components/BaseStatsPanel.svelte;src/lib/components/CharacterCatalogPage.svelte;src/lib/components/CompactEntityCard.svelte;src/lib/components/endgame/as/AsBossTraits.svelte;src/lib/components/endgame/EndgameModeNav.svelte;src/lib/components/endgame/EndgameOverviewCard.svelte;src/lib/components/endgame/EndgameSeasonCard.svelte;src/lib/components/endgame/mechanics/MechanicSectionCard.svelte;... 86 candidate files"
"src/lib/generated/details/enemies/*","monsters.[].stats.levels.[].defence.status","neutral","264900","2649000","string","src/lib/components/endgame/EndgameSeasonHero.svelte;src/lib/components/enemy/EnemyStatsPanel.svelte;src/lib/components/Navigator.svelte;src/lib/domain/endgame-view.ts;src/lib/domain/endgame.ts;src/lib/domain/types.ts;src/lib/search/endgame.ts;src/routes/+error.svelte;... 29 candidate files"
"src/lib/generated/details/enemies/*","monsters.[].stats.levels.[].defence.value","neutral","264900","3128490","string","src/lib/components/BaseStatsPanel.svelte;src/lib/components/CharacterCatalogPage.svelte;src/lib/components/CompactEntityCard.svelte;src/lib/components/endgame/as/AsBossTraits.svelte;src/lib/components/endgame/EndgameModeNav.svelte;src/lib/components/endgame/EndgameOverviewCard.svelte;src/lib/components/endgame/EndgameSeasonCard.svelte;src/lib/components/endgame/mechanics/MechanicSectionCard.svelte;... 86 candidate files"
"src/lib/generated/details/enemies/*","monsters.[].stats.levels.[].speed.status","neutral","264900","2668500","string","src/lib/components/endgame/EndgameSeasonHero.svelte;src/lib/components/enemy/EnemyStatsPanel.svelte;src/lib/components/Navigator.svelte;src/lib/domain/endgame-view.ts;src/lib/domain/endgame.ts;src/lib/domain/types.ts;src/lib/search/endgame.ts;src/routes/+error.svelte;... 29 candidate files"
"src/lib/generated/details/enemies/*","monsters.[].stats.levels.[].speed.value","neutral","258400","1482065","string","src/lib/components/BaseStatsPanel.svelte;src/lib/components/CharacterCatalogPage.svelte;src/lib/components/CompactEntityCard.svelte;src/lib/components/endgame/as/AsBossTraits.svelte;src/lib/components/endgame/EndgameModeNav.svelte;src/lib/components/endgame/EndgameOverviewCard.svelte;src/lib/components/endgame/EndgameSeasonCard.svelte;src/lib/components/endgame/mechanics/MechanicSectionCard.svelte;... 86 candidate files"
"src/lib/generated/details/enemies/*","monsters.[].stats.levels.[].toughness.status","neutral","264900","2667300","string","src/lib/components/endgame/EndgameSeasonHero.svelte;src/lib/components/enemy/EnemyStatsPanel.svelte;src/lib/components/Navigator.svelte;src/lib/domain/endgame-view.ts;src/lib/domain/endgame.ts;src/lib/domain/types.ts;src/lib/search/endgame.ts;src/routes/+error.svelte;... 29 candidate files"
"src/lib/generated/details/enemies/*","monsters.[].stats.levels.[].toughness.value","neutral","258800","1147100","string","src/lib/components/BaseStatsPanel.svelte;src/lib/components/CharacterCatalogPage.svelte;src/lib/components/CompactEntityCard.svelte;src/lib/components/endgame/as/AsBossTraits.svelte;src/lib/components/endgame/EndgameModeNav.svelte;src/lib/components/endgame/EndgameOverviewCard.svelte;src/lib/components/endgame/EndgameSeasonCard.svelte;src/lib/components/endgame/mechanics/MechanicSectionCard.svelte;... 86 candidate files"
"src/lib/generated/details/enemies/*","monsters.[].stats.levels.[].effectHit.status","neutral","264900","2649000","string","src/lib/components/endgame/EndgameSeasonHero.svelte;src/lib/components/enemy/EnemyStatsPanel.svelte;src/lib/components/Navigator.svelte;src/lib/domain/endgame-view.ts;src/lib/domain/endgame.ts;src/lib/domain/types.ts;src/lib/search/endgame.ts;src/routes/+error.svelte;... 29 candidate files"
"src/lib/generated/details/enemies/*","monsters.[].stats.levels.[].effectHit.value","neutral","264900","1353639","string","src/lib/components/BaseStatsPanel.svelte;src/lib/components/CharacterCatalogPage.svelte;src/lib/components/CompactEntityCard.svelte;src/lib/components/endgame/as/AsBossTraits.svelte;src/lib/components/endgame/EndgameModeNav.svelte;src/lib/components/endgame/EndgameOverviewCard.svelte;src/lib/components/endgame/EndgameSeasonCard.svelte;src/lib/components/endgame/mechanics/MechanicSectionCard.svelte;... 86 candidate files"
"src/lib/generated/details/enemies/*","monsters.[].stats.levels.[].effectResistance.status","neutral","264900","2649000","string","src/lib/components/endgame/EndgameSeasonHero.svelte;src/lib/components/enemy/EnemyStatsPanel.svelte;src/lib/components/Navigator.svelte;src/lib/domain/endgame-view.ts;src/lib/domain/endgame.ts;src/lib/domain/types.ts;src/lib/search/endgame.ts;src/routes/+error.svelte;... 29 candidate files"
"src/lib/generated/details/enemies/*","monsters.[].stats.levels.[].effectResistance.value","neutral","264900","1502469","string","src/lib/components/BaseStatsPanel.svelte;src/lib/components/CharacterCatalogPage.svelte;src/lib/components/CompactEntityCard.svelte;src/lib/components/endgame/as/AsBossTraits.svelte;src/lib/components/endgame/EndgameModeNav.svelte;src/lib/components/endgame/EndgameOverviewCard.svelte;src/lib/components/endgame/EndgameSeasonCard.svelte;src/lib/components/endgame/mechanics/MechanicSectionCard.svelte;... 86 candidate files"
"src/lib/generated/details/enemies/*","monsters.[].weaknesses.[].element","neutral","7317","61231","string","src/lib/components/CharacterCatalogPage.svelte;src/lib/components/CharacterOverviewCard.svelte;src/lib/components/CompactEntityCard.svelte;src/lib/components/DetailPage.svelte;src/lib/components/endgame/EndgameEnemyCard.svelte;src/lib/components/endgame/mechanics/BuffOptionTile.svelte;src/lib/components/endgame/mechanics/MechanicEntry.svelte;src/lib/components/endgame/mechanics/MechanicSectionCard.svelte;... 38 candidate files"
"src/lib/generated/details/enemies/*","monsters.[].weaknesses.[].name","localized","7317","45822","string","src/lib/components/CharacterCatalogPage.svelte;src/lib/components/CharacterOverviewCard.svelte;src/lib/components/CompactEntityCard.svelte;src/lib/components/DetailPage.svelte;src/lib/components/EffectExplanationSection.svelte;src/lib/components/EidolonCard.svelte;src/lib/components/endgame/EndgameEnemyCard.svelte;src/lib/components/endgame/EndgameOverviewCard.svelte;... 110 candidate files"
"src/lib/generated/details/enemies/*","monsters.[].resistances.[].element","neutral","10747","88377","string","src/lib/components/CharacterCatalogPage.svelte;src/lib/components/CharacterOverviewCard.svelte;src/lib/components/CompactEntityCard.svelte;src/lib/components/DetailPage.svelte;src/lib/components/endgame/EndgameEnemyCard.svelte;src/lib/components/endgame/mechanics/BuffOptionTile.svelte;src/lib/components/endgame/mechanics/MechanicEntry.svelte;src/lib/components/endgame/mechanics/MechanicSectionCard.svelte;... 38 candidate files"
"src/lib/generated/details/enemies/*","monsters.[].resistances.[].name","localized","10747","67652","string","src/lib/components/CharacterCatalogPage.svelte;src/lib/components/CharacterOverviewCard.svelte;src/lib/components/CompactEntityCard.svelte;src/lib/components/DetailPage.svelte;src/lib/components/EffectExplanationSection.svelte;src/lib/components/EidolonCard.svelte;src/lib/components/endgame/EndgameEnemyCard.svelte;src/lib/components/endgame/EndgameOverviewCard.svelte;... 110 candidate files"
"src/lib/generated/details/enemies/*","monsters.[].resistances.[].value","neutral","10747","32254","number","src/lib/components/BaseStatsPanel.svelte;src/lib/components/CharacterCatalogPage.svelte;src/lib/components/CompactEntityCard.svelte;src/lib/components/endgame/as/AsBossTraits.svelte;src/lib/components/endgame/EndgameModeNav.svelte;src/lib/components/endgame/EndgameOverviewCard.svelte;src/lib/components/endgame/EndgameSeasonCard.svelte;src/lib/components/endgame/mechanics/MechanicSectionCard.svelte;... 86 candidate files"
"src/lib/generated/details/enemies/*","monsters.[].specialResistances.[].code","neutral","1244","17497","string","src/lib/components/CharacterOverviewCard.svelte;src/lib/components/DetailPage.svelte;src/lib/components/endgame/EndgameEnemyCard.svelte;src/lib/components/enemy/EnemyDetailPage.svelte;src/lib/components/enemy/EnemySkillCard.svelte;src/lib/components/EnemyCatalogPage.svelte;src/lib/components/EnemyWeaknessGroup.svelte;src/lib/components/EquipmentRecommendationSection.svelte;... 38 candidate files"
"src/lib/generated/details/enemies/*","monsters.[].specialResistances.[].label","localized","1244","17416","string","src/lib/components/BaseStatsPanel.svelte;src/lib/components/ChangelogModal.svelte;src/lib/components/CharacterCatalogPage.svelte;src/lib/components/CharacterOverviewCard.svelte;src/lib/components/DescriptionText.svelte;src/lib/components/DetailPage.svelte;src/lib/components/EidolonCard.svelte;src/lib/components/endgame/as/AsBossDossier.svelte;... 81 candidate files"
"src/lib/generated/details/enemies/*","monsters.[].specialResistances.[].value","neutral","1244","5343","string","src/lib/components/BaseStatsPanel.svelte;src/lib/components/CharacterCatalogPage.svelte;src/lib/components/CompactEntityCard.svelte;src/lib/components/endgame/as/AsBossTraits.svelte;src/lib/components/endgame/EndgameModeNav.svelte;src/lib/components/endgame/EndgameOverviewCard.svelte;src/lib/components/endgame/EndgameSeasonCard.svelte;src/lib/components/endgame/mechanics/MechanicSectionCard.svelte;... 86 candidate files"
"src/lib/generated/details/enemies/*","monsters.[].skills.[].id","neutral","11318","124498","string","src/lib/components/BaseStatsPanel.svelte;src/lib/components/ChangelogModal.svelte;src/lib/components/CharacterCatalogPage.svelte;src/lib/components/CharacterOverviewCard.svelte;src/lib/components/DetailPage.svelte;src/lib/components/EffectExplanationSection.svelte;src/lib/components/EidolonCard.svelte;src/lib/components/endgame/as/ApocalypticShadowNodeSection.svelte;... 117 candidate files"
"src/lib/generated/details/enemies/*","monsters.[].skills.[].name","localized","11318","171487","string","src/lib/components/CharacterCatalogPage.svelte;src/lib/components/CharacterOverviewCard.svelte;src/lib/components/CompactEntityCard.svelte;src/lib/components/DetailPage.svelte;src/lib/components/EffectExplanationSection.svelte;src/lib/components/EidolonCard.svelte;src/lib/components/endgame/EndgameEnemyCard.svelte;src/lib/components/endgame/EndgameOverviewCard.svelte;... 110 candidate files"
"src/lib/generated/details/enemies/*","monsters.[].skills.[].description","localized","11318","1351269","string","src/lib/components/CharacterCatalogPage.svelte;src/lib/components/DetailPage.svelte;src/lib/components/EffectExplanationSection.svelte;src/lib/components/EidolonCard.svelte;src/lib/components/endgame/mechanics/BuffOptionTile.svelte;src/lib/components/endgame/mechanics/MechanicEntry.svelte;src/lib/components/endgame/mechanics/MechanicSectionCard.svelte;src/lib/components/endgame/modes/AnomalyArbitrationDetailContent.svelte;... 47 candidate files"
"src/lib/generated/details/enemies/*","monsters.[].skills.[].kind","neutral","11318","81111","string","src/lib/components/BaseStatsPanel.svelte;src/lib/components/CharacterOverviewCard.svelte;src/lib/components/DescriptionText.svelte;src/lib/components/DetailPage.svelte;src/lib/components/endgame/EndgameEnemyCard.svelte;src/lib/components/endgame/mechanics/MechanicSectionCard.svelte;src/lib/components/endgame/modes/AnomalyArbitrationDetailContent.svelte;src/lib/components/endgame/modes/ApocalypticShadowMechanicsSection.svelte;... 54 candidate files"
"src/lib/generated/details/enemies/*","monsters.[].skills.[].tag.code","neutral","11318","111753","string","src/lib/components/CharacterOverviewCard.svelte;src/lib/components/DetailPage.svelte;src/lib/components/endgame/EndgameEnemyCard.svelte;src/lib/components/enemy/EnemyDetailPage.svelte;src/lib/components/enemy/EnemySkillCard.svelte;src/lib/components/EnemyCatalogPage.svelte;src/lib/components/EnemyWeaknessGroup.svelte;src/lib/components/EquipmentRecommendationSection.svelte;... 38 candidate files"
"src/lib/generated/details/enemies/*","monsters.[].skills.[].tag.label","localized","11318","90544","string","src/lib/components/BaseStatsPanel.svelte;src/lib/components/ChangelogModal.svelte;src/lib/components/CharacterCatalogPage.svelte;src/lib/components/CharacterOverviewCard.svelte;src/lib/components/DescriptionText.svelte;src/lib/components/DetailPage.svelte;src/lib/components/EidolonCard.svelte;src/lib/components/endgame/as/AsBossDossier.svelte;... 81 candidate files"
"src/lib/generated/details/enemies/*","monsters.[].skills.[].tag.known","neutral","11318","45272","boolean","src/lib/domain/types.ts;scripts/data/enemy-detail.ts;scripts/data/skill-combat.ts;scripts/data/sync.ts;scripts/data/validate.ts;tests/unit/data.test.ts;tests/unit/enemy-detail.test.ts"
"src/lib/generated/details/enemies/*","monsters.[].skills.[].damageType.element","neutral","5879","50412","string","src/lib/components/CharacterCatalogPage.svelte;src/lib/components/CharacterOverviewCard.svelte;src/lib/components/CompactEntityCard.svelte;src/lib/components/DetailPage.svelte;src/lib/components/endgame/EndgameEnemyCard.svelte;src/lib/components/endgame/mechanics/BuffOptionTile.svelte;src/lib/components/endgame/mechanics/MechanicEntry.svelte;src/lib/components/endgame/mechanics/MechanicSectionCard.svelte;... 38 candidate files"
"src/lib/generated/details/enemies/*","monsters.[].skills.[].damageType.name","localized","5879","39031","string","src/lib/components/CharacterCatalogPage.svelte;src/lib/components/CharacterOverviewCard.svelte;src/lib/components/CompactEntityCard.svelte;src/lib/components/DetailPage.svelte;src/lib/components/EffectExplanationSection.svelte;src/lib/components/EidolonCard.svelte;src/lib/components/endgame/EndgameEnemyCard.svelte;src/lib/components/endgame/EndgameOverviewCard.svelte;... 110 candidate files"
"src/lib/generated/details/enemies/*","monsters.[].skills.[].phases.[]","neutral","12908","12908","number","src/lib/domain/types.ts;scripts/data/enemy-detail.ts;scripts/data/sync.ts;scripts/data/validate.ts;scripts/investigations/enemy-variants.ts;tests/unit/enemy-detail.test.ts"
"src/lib/generated/details/enemies/*","monsters.[].skillPhases.[].index","neutral","3169","3169","number","src/lib/components/DetailArtwork.svelte;src/lib/components/EffectExplanationSection.svelte;src/lib/components/endgame/as/AsBossDossier.svelte;src/lib/components/endgame/EndgameEnemyGrid.svelte;src/lib/components/endgame/EndgameModeNav.svelte;src/lib/components/endgame/EndgameOverviewCard.svelte;src/lib/components/endgame/EndgameOverviewHeroArtwork.svelte;src/lib/components/endgame/EndgameSeasonCard.svelte;... 55 candidate files"
"src/lib/generated/details/enemies/*","monsters.[].skillPhases.[].skillIds.[]","neutral","14024","154264","string","src/lib/domain/enemy-view.ts;src/lib/domain/types.ts;scripts/data/enemy-detail.ts;scripts/data/validate.ts;scripts/investigations/enemy-variants.ts;tests/unit/enemy-detail.test.ts"
"src/lib/generated/details/enemies/*","defaultMonsterId","neutral","628","5652","string","src/lib/components/enemy/EnemyDetailPage.svelte;src/lib/domain/enemy-view.ts;src/lib/domain/types.ts;scripts/data/sync.ts;scripts/data/validate.ts;tests/unit/enemy-detail.test.ts"
"src/lib/generated/details/enemies/*","defaultMonster.monsterId","neutral","628","5652","string","src/lib/components/endgame/EndgameEnemyCard.svelte;src/lib/components/enemy/EnemyDetailPage.svelte;src/lib/domain/endgame-view.ts;src/lib/domain/endgame.ts;src/lib/domain/enemy-view.ts;src/lib/domain/types.ts;src/lib/server/endgame.ts;scripts/data/as-boss-guides.ts;... 19 candidate files"
"src/lib/generated/details/enemies/*","defaultMonster.monsterTemplateId","neutral","628","5652","string","src/lib/components/endgame/EndgameEnemyCard.svelte;src/lib/components/enemy/EnemyDetailPage.svelte;src/lib/domain/endgame-view.ts;src/lib/domain/endgame.ts;src/lib/domain/enemy-view.ts;src/lib/domain/types.ts;src/lib/server/endgame.ts;src/lib/server/enemies.ts;... 20 candidate files"
"src/lib/generated/details/enemies/*","defaultMonster.hardLevelGroup","neutral","628","1884","string","src/lib/domain/endgame.ts;src/lib/domain/enemy-view.ts;src/lib/domain/types.ts;scripts/data/endgame.ts;scripts/data/sync.ts"
"src/lib/generated/details/enemies/*","defaultMonster.eliteGroup","neutral","628","1884","string","src/lib/domain/enemy-view.ts;src/lib/domain/types.ts;scripts/data/sync.ts"
"src/lib/generated/details/enemies/*","defaultMonster.modifiers.hp.ratio","neutral","628","1884","string","src/lib/domain/endgame-view.ts;src/lib/domain/endgame.ts;src/lib/domain/types.ts;scripts/data/endgame.ts;scripts/data/enemy-detail.ts;scripts/data/pure-fiction-hp.ts;scripts/data/sync.ts;scripts/data/validate.ts;... 11 candidate files"
"src/lib/generated/details/enemies/*","defaultMonster.modifiers.attack.ratio","neutral","628","1884","string","src/lib/domain/endgame-view.ts;src/lib/domain/endgame.ts;src/lib/domain/types.ts;scripts/data/endgame.ts;scripts/data/enemy-detail.ts;scripts/data/pure-fiction-hp.ts;scripts/data/sync.ts;scripts/data/validate.ts;... 11 candidate files"
"src/lib/generated/details/enemies/*","defaultMonster.modifiers.defence.ratio","neutral","628","1884","string","src/lib/domain/endgame-view.ts;src/lib/domain/endgame.ts;src/lib/domain/types.ts;scripts/data/endgame.ts;scripts/data/enemy-detail.ts;scripts/data/pure-fiction-hp.ts;scripts/data/sync.ts;scripts/data/validate.ts;... 11 candidate files"
"src/lib/generated/details/enemies/*","defaultMonster.modifiers.speed.ratio","neutral","628","1884","string","src/lib/domain/endgame-view.ts;src/lib/domain/endgame.ts;src/lib/domain/types.ts;scripts/data/endgame.ts;scripts/data/enemy-detail.ts;scripts/data/pure-fiction-hp.ts;scripts/data/sync.ts;scripts/data/validate.ts;... 11 candidate files"
"src/lib/generated/details/enemies/*","defaultMonster.modifiers.stance.ratio","neutral","628","1884","string","src/lib/domain/endgame-view.ts;src/lib/domain/endgame.ts;src/lib/domain/types.ts;scripts/data/endgame.ts;scripts/data/enemy-detail.ts;scripts/data/pure-fiction-hp.ts;scripts/data/sync.ts;scripts/data/validate.ts;... 11 candidate files"
"src/lib/generated/details/enemies/*","defaultMonster.stats.minLevel","neutral","628","628","number","src/lib/components/BaseStatsPanel.svelte;src/lib/components/enemy/EnemyDetailPage.svelte;src/lib/domain/stats.ts;src/lib/domain/types.ts;scripts/data/enemy-detail.ts;scripts/data/stats.ts;scripts/data/validate.ts;tests/unit/data.test.ts;... 9 candidate files"
"src/lib/generated/details/enemies/*","defaultMonster.stats.maxLevel","neutral","628","1884","number","src/lib/components/BaseStatsPanel.svelte;src/lib/components/enemy/EnemyDetailPage.svelte;src/lib/domain/stats.ts;src/lib/domain/types.ts;scripts/data/enemy-detail.ts;scripts/data/stats.ts;scripts/data/validate.ts;tests/unit/data.test.ts;... 9 candidate files"
"src/lib/generated/details/enemies/*","defaultMonster.stats.defaultLevel","neutral","628","1256","number","src/lib/components/BaseStatsPanel.svelte;src/lib/components/enemy/EnemyDetailPage.svelte;src/lib/components/SkillProgressionPanel.svelte;src/lib/domain/types.ts;scripts/data/enemy-detail.ts;scripts/data/skills.ts;scripts/data/stats.ts;scripts/data/validate.ts;... 10 candidate files"
"src/lib/generated/details/enemies/*","defaultMonster.stats.levels.[].level","neutral","62800","120576","number","src/lib/components/BaseStatsPanel.svelte;src/lib/components/DetailPage.svelte;src/lib/components/endgame/as/ApocalypticShadowNodeSection.svelte;src/lib/components/endgame/as/AsBossDossier.svelte;src/lib/components/endgame/as/AsBossTraits.svelte;src/lib/components/endgame/EndgameEnemyCard.svelte;src/lib/components/endgame/EndgameEnemyGrid.svelte;src/lib/components/endgame/EndgameNodeHeading.svelte;... 53 candidate files"
"src/lib/generated/details/enemies/*","defaultMonster.stats.levels.[].hp.status","neutral","62800","628000","string","src/lib/components/endgame/EndgameSeasonHero.svelte;src/lib/components/enemy/EnemyStatsPanel.svelte;src/lib/components/Navigator.svelte;src/lib/domain/endgame-view.ts;src/lib/domain/endgame.ts;src/lib/domain/types.ts;src/lib/search/endgame.ts;src/routes/+error.svelte;... 29 candidate files"
"src/lib/generated/details/enemies/*","defaultMonster.stats.levels.[].hp.value","neutral","62800","860444","string","src/lib/components/BaseStatsPanel.svelte;src/lib/components/CharacterCatalogPage.svelte;src/lib/components/CompactEntityCard.svelte;src/lib/components/endgame/as/AsBossTraits.svelte;src/lib/components/endgame/EndgameModeNav.svelte;src/lib/components/endgame/EndgameOverviewCard.svelte;src/lib/components/endgame/EndgameSeasonCard.svelte;src/lib/components/endgame/mechanics/MechanicSectionCard.svelte;... 86 candidate files"
"src/lib/generated/details/enemies/*","defaultMonster.stats.levels.[].attack.status","neutral","62800","628000","string","src/lib/components/endgame/EndgameSeasonHero.svelte;src/lib/components/enemy/EnemyStatsPanel.svelte;src/lib/components/Navigator.svelte;src/lib/domain/endgame-view.ts;src/lib/domain/endgame.ts;src/lib/domain/types.ts;src/lib/search/endgame.ts;src/routes/+error.svelte;... 29 candidate files"
"src/lib/generated/details/enemies/*","defaultMonster.stats.levels.[].attack.value","neutral","62800","750778","string","src/lib/components/BaseStatsPanel.svelte;src/lib/components/CharacterCatalogPage.svelte;src/lib/components/CompactEntityCard.svelte;src/lib/components/endgame/as/AsBossTraits.svelte;src/lib/components/endgame/EndgameModeNav.svelte;src/lib/components/endgame/EndgameOverviewCard.svelte;src/lib/components/endgame/EndgameSeasonCard.svelte;src/lib/components/endgame/mechanics/MechanicSectionCard.svelte;... 86 candidate files"
"src/lib/generated/details/enemies/*","defaultMonster.stats.levels.[].defence.status","neutral","62800","628000","string","src/lib/components/endgame/EndgameSeasonHero.svelte;src/lib/components/enemy/EnemyStatsPanel.svelte;src/lib/components/Navigator.svelte;src/lib/domain/endgame-view.ts;src/lib/domain/endgame.ts;src/lib/domain/types.ts;src/lib/search/endgame.ts;src/routes/+error.svelte;... 29 candidate files"
"src/lib/generated/details/enemies/*","defaultMonster.stats.levels.[].defence.value","neutral","62800","741336","string","src/lib/components/BaseStatsPanel.svelte;src/lib/components/CharacterCatalogPage.svelte;src/lib/components/CompactEntityCard.svelte;src/lib/components/endgame/as/AsBossTraits.svelte;src/lib/components/endgame/EndgameModeNav.svelte;src/lib/components/endgame/EndgameOverviewCard.svelte;src/lib/components/endgame/EndgameSeasonCard.svelte;src/lib/components/endgame/mechanics/MechanicSectionCard.svelte;... 86 candidate files"
"src/lib/generated/details/enemies/*","defaultMonster.stats.levels.[].speed.status","neutral","62800","631900","string","src/lib/components/endgame/EndgameSeasonHero.svelte;src/lib/components/enemy/EnemyStatsPanel.svelte;src/lib/components/Navigator.svelte;src/lib/domain/endgame-view.ts;src/lib/domain/endgame.ts;src/lib/domain/types.ts;src/lib/search/endgame.ts;src/routes/+error.svelte;... 29 candidate files"
"src/lib/generated/details/enemies/*","defaultMonster.stats.levels.[].speed.value","neutral","61500","353472","string","src/lib/components/BaseStatsPanel.svelte;src/lib/components/CharacterCatalogPage.svelte;src/lib/components/CompactEntityCard.svelte;src/lib/components/endgame/as/AsBossTraits.svelte;src/lib/components/endgame/EndgameModeNav.svelte;src/lib/components/endgame/EndgameOverviewCard.svelte;src/lib/components/endgame/EndgameSeasonCard.svelte;src/lib/components/endgame/mechanics/MechanicSectionCard.svelte;... 86 candidate files"
"src/lib/generated/details/enemies/*","defaultMonster.stats.levels.[].toughness.status","neutral","62800","637600","string","src/lib/components/endgame/EndgameSeasonHero.svelte;src/lib/components/enemy/EnemyStatsPanel.svelte;src/lib/components/Navigator.svelte;src/lib/domain/endgame-view.ts;src/lib/domain/endgame.ts;src/lib/domain/types.ts;src/lib/search/endgame.ts;src/routes/+error.svelte;... 29 candidate files"
"src/lib/generated/details/enemies/*","defaultMonster.stats.levels.[].toughness.value","neutral","59600","271600","string","src/lib/components/BaseStatsPanel.svelte;src/lib/components/CharacterCatalogPage.svelte;src/lib/components/CompactEntityCard.svelte;src/lib/components/endgame/as/AsBossTraits.svelte;src/lib/components/endgame/EndgameModeNav.svelte;src/lib/components/endgame/EndgameOverviewCard.svelte;src/lib/components/endgame/EndgameSeasonCard.svelte;src/lib/components/endgame/mechanics/MechanicSectionCard.svelte;... 86 candidate files"
"src/lib/generated/details/enemies/*","defaultMonster.stats.levels.[].effectHit.status","neutral","62800","628000","string","src/lib/components/endgame/EndgameSeasonHero.svelte;src/lib/components/enemy/EnemyStatsPanel.svelte;src/lib/components/Navigator.svelte;src/lib/domain/endgame-view.ts;src/lib/domain/endgame.ts;src/lib/domain/types.ts;src/lib/search/endgame.ts;src/routes/+error.svelte;... 29 candidate files"
"src/lib/generated/details/enemies/*","defaultMonster.stats.levels.[].effectHit.value","neutral","62800","320908","string","src/lib/components/BaseStatsPanel.svelte;src/lib/components/CharacterCatalogPage.svelte;src/lib/components/CompactEntityCard.svelte;src/lib/components/endgame/as/AsBossTraits.svelte;src/lib/components/endgame/EndgameModeNav.svelte;src/lib/components/endgame/EndgameOverviewCard.svelte;src/lib/components/endgame/EndgameSeasonCard.svelte;src/lib/components/endgame/mechanics/MechanicSectionCard.svelte;... 86 candidate files"
"src/lib/generated/details/enemies/*","defaultMonster.stats.levels.[].effectResistance.status","neutral","62800","628000","string","src/lib/components/endgame/EndgameSeasonHero.svelte;src/lib/components/enemy/EnemyStatsPanel.svelte;src/lib/components/Navigator.svelte;src/lib/domain/endgame-view.ts;src/lib/domain/endgame.ts;src/lib/domain/types.ts;src/lib/search/endgame.ts;src/routes/+error.svelte;... 29 candidate files"
"src/lib/generated/details/enemies/*","defaultMonster.stats.levels.[].effectResistance.value","neutral","62800","357068","string","src/lib/components/BaseStatsPanel.svelte;src/lib/components/CharacterCatalogPage.svelte;src/lib/components/CompactEntityCard.svelte;src/lib/components/endgame/as/AsBossTraits.svelte;src/lib/components/endgame/EndgameModeNav.svelte;src/lib/components/endgame/EndgameOverviewCard.svelte;src/lib/components/endgame/EndgameSeasonCard.svelte;src/lib/components/endgame/mechanics/MechanicSectionCard.svelte;... 86 candidate files"
"src/lib/generated/details/enemies/*","defaultMonster.weaknesses.[].element","neutral","1714","14538","string","src/lib/components/CharacterCatalogPage.svelte;src/lib/components/CharacterOverviewCard.svelte;src/lib/components/CompactEntityCard.svelte;src/lib/components/DetailPage.svelte;src/lib/components/endgame/EndgameEnemyCard.svelte;src/lib/components/endgame/mechanics/BuffOptionTile.svelte;src/lib/components/endgame/mechanics/MechanicEntry.svelte;src/lib/components/endgame/mechanics/MechanicSectionCard.svelte;... 38 candidate files"
"src/lib/generated/details/enemies/*","defaultMonster.weaknesses.[].name","localized","1714","10796","string","src/lib/components/CharacterCatalogPage.svelte;src/lib/components/CharacterOverviewCard.svelte;src/lib/components/CompactEntityCard.svelte;src/lib/components/DetailPage.svelte;src/lib/components/EffectExplanationSection.svelte;src/lib/components/EidolonCard.svelte;src/lib/components/endgame/EndgameEnemyCard.svelte;src/lib/components/endgame/EndgameOverviewCard.svelte;... 110 candidate files"
"src/lib/generated/details/enemies/*","defaultMonster.resistances.[].element","neutral","2468","20098","string","src/lib/components/CharacterCatalogPage.svelte;src/lib/components/CharacterOverviewCard.svelte;src/lib/components/CompactEntityCard.svelte;src/lib/components/DetailPage.svelte;src/lib/components/endgame/EndgameEnemyCard.svelte;src/lib/components/endgame/mechanics/BuffOptionTile.svelte;src/lib/components/endgame/mechanics/MechanicEntry.svelte;src/lib/components/endgame/mechanics/MechanicSectionCard.svelte;... 38 candidate files"
"src/lib/generated/details/enemies/*","defaultMonster.resistances.[].name","localized","2468","15463","string","src/lib/components/CharacterCatalogPage.svelte;src/lib/components/CharacterOverviewCard.svelte;src/lib/components/CompactEntityCard.svelte;src/lib/components/DetailPage.svelte;src/lib/components/EffectExplanationSection.svelte;src/lib/components/EidolonCard.svelte;src/lib/components/endgame/EndgameEnemyCard.svelte;src/lib/components/endgame/EndgameOverviewCard.svelte;... 110 candidate files"
"src/lib/generated/details/enemies/*","defaultMonster.resistances.[].value","neutral","2468","7410","number","src/lib/components/BaseStatsPanel.svelte;src/lib/components/CharacterCatalogPage.svelte;src/lib/components/CompactEntityCard.svelte;src/lib/components/endgame/as/AsBossTraits.svelte;src/lib/components/endgame/EndgameModeNav.svelte;src/lib/components/endgame/EndgameOverviewCard.svelte;src/lib/components/endgame/EndgameSeasonCard.svelte;src/lib/components/endgame/mechanics/MechanicSectionCard.svelte;... 86 candidate files"
"src/lib/generated/details/enemies/*","defaultMonster.specialResistances.[].code","neutral","404","5598","string","src/lib/components/CharacterOverviewCard.svelte;src/lib/components/DetailPage.svelte;src/lib/components/endgame/EndgameEnemyCard.svelte;src/lib/components/enemy/EnemyDetailPage.svelte;src/lib/components/enemy/EnemySkillCard.svelte;src/lib/components/EnemyCatalogPage.svelte;src/lib/components/EnemyWeaknessGroup.svelte;src/lib/components/EquipmentRecommendationSection.svelte;... 38 candidate files"
"src/lib/generated/details/enemies/*","defaultMonster.specialResistances.[].label","localized","404","5656","string","src/lib/components/BaseStatsPanel.svelte;src/lib/components/ChangelogModal.svelte;src/lib/components/CharacterCatalogPage.svelte;src/lib/components/CharacterOverviewCard.svelte;src/lib/components/DescriptionText.svelte;src/lib/components/DetailPage.svelte;src/lib/components/EidolonCard.svelte;src/lib/components/endgame/as/AsBossDossier.svelte;... 81 candidate files"
"src/lib/generated/details/enemies/*","defaultMonster.specialResistances.[].value","neutral","404","1857","string","src/lib/components/BaseStatsPanel.svelte;src/lib/components/CharacterCatalogPage.svelte;src/lib/components/CompactEntityCard.svelte;src/lib/components/endgame/as/AsBossTraits.svelte;src/lib/components/endgame/EndgameModeNav.svelte;src/lib/components/endgame/EndgameOverviewCard.svelte;src/lib/components/endgame/EndgameSeasonCard.svelte;src/lib/components/endgame/mechanics/MechanicSectionCard.svelte;... 86 candidate files"
"src/lib/generated/details/enemies/*","defaultMonster.skills.[].id","neutral","3125","34375","string","src/lib/components/BaseStatsPanel.svelte;src/lib/components/ChangelogModal.svelte;src/lib/components/CharacterCatalogPage.svelte;src/lib/components/CharacterOverviewCard.svelte;src/lib/components/DetailPage.svelte;src/lib/components/EffectExplanationSection.svelte;src/lib/components/EidolonCard.svelte;src/lib/components/endgame/as/ApocalypticShadowNodeSection.svelte;... 117 candidate files"
"src/lib/generated/details/enemies/*","defaultMonster.skills.[].name","localized","3125","50121","string","src/lib/components/CharacterCatalogPage.svelte;src/lib/components/CharacterOverviewCard.svelte;src/lib/components/CompactEntityCard.svelte;src/lib/components/DetailPage.svelte;src/lib/components/EffectExplanationSection.svelte;src/lib/components/EidolonCard.svelte;src/lib/components/endgame/EndgameEnemyCard.svelte;src/lib/components/endgame/EndgameOverviewCard.svelte;... 110 candidate files"
"src/lib/generated/details/enemies/*","defaultMonster.skills.[].description","localized","3125","403866","string","src/lib/components/CharacterCatalogPage.svelte;src/lib/components/DetailPage.svelte;src/lib/components/EffectExplanationSection.svelte;src/lib/components/EidolonCard.svelte;src/lib/components/endgame/mechanics/BuffOptionTile.svelte;src/lib/components/endgame/mechanics/MechanicEntry.svelte;src/lib/components/endgame/mechanics/MechanicSectionCard.svelte;src/lib/components/endgame/modes/AnomalyArbitrationDetailContent.svelte;... 47 candidate files"
"src/lib/generated/details/enemies/*","defaultMonster.skills.[].kind","neutral","3125","22429","string","src/lib/components/BaseStatsPanel.svelte;src/lib/components/CharacterOverviewCard.svelte;src/lib/components/DescriptionText.svelte;src/lib/components/DetailPage.svelte;src/lib/components/endgame/EndgameEnemyCard.svelte;src/lib/components/endgame/mechanics/MechanicSectionCard.svelte;src/lib/components/endgame/modes/AnomalyArbitrationDetailContent.svelte;src/lib/components/endgame/modes/ApocalypticShadowMechanicsSection.svelte;... 54 candidate files"
"src/lib/generated/details/enemies/*","defaultMonster.skills.[].tag.code","neutral","3125","30173","string","src/lib/components/CharacterOverviewCard.svelte;src/lib/components/DetailPage.svelte;src/lib/components/endgame/EndgameEnemyCard.svelte;src/lib/components/enemy/EnemyDetailPage.svelte;src/lib/components/enemy/EnemySkillCard.svelte;src/lib/components/EnemyCatalogPage.svelte;src/lib/components/EnemyWeaknessGroup.svelte;src/lib/components/EquipmentRecommendationSection.svelte;... 38 candidate files"
"src/lib/generated/details/enemies/*","defaultMonster.skills.[].tag.label","localized","3125","25000","string","src/lib/components/BaseStatsPanel.svelte;src/lib/components/ChangelogModal.svelte;src/lib/components/CharacterCatalogPage.svelte;src/lib/components/CharacterOverviewCard.svelte;src/lib/components/DescriptionText.svelte;src/lib/components/DetailPage.svelte;src/lib/components/EidolonCard.svelte;src/lib/components/endgame/as/AsBossDossier.svelte;... 81 candidate files"
"src/lib/generated/details/enemies/*","defaultMonster.skills.[].tag.known","neutral","3125","12500","boolean","src/lib/domain/types.ts;scripts/data/enemy-detail.ts;scripts/data/skill-combat.ts;scripts/data/sync.ts;scripts/data/validate.ts;tests/unit/data.test.ts;tests/unit/enemy-detail.test.ts"
"src/lib/generated/details/enemies/*","defaultMonster.skills.[].damageType.element","neutral","1504","12956","string","src/lib/components/CharacterCatalogPage.svelte;src/lib/components/CharacterOverviewCard.svelte;src/lib/components/CompactEntityCard.svelte;src/lib/components/DetailPage.svelte;src/lib/components/endgame/EndgameEnemyCard.svelte;src/lib/components/endgame/mechanics/BuffOptionTile.svelte;src/lib/components/endgame/mechanics/MechanicEntry.svelte;src/lib/components/endgame/mechanics/MechanicSectionCard.svelte;... 38 candidate files"
"src/lib/generated/details/enemies/*","defaultMonster.skills.[].damageType.name","localized","1504","10001","string","src/lib/components/CharacterCatalogPage.svelte;src/lib/components/CharacterOverviewCard.svelte;src/lib/components/CompactEntityCard.svelte;src/lib/components/DetailPage.svelte;src/lib/components/EffectExplanationSection.svelte;src/lib/components/EidolonCard.svelte;src/lib/components/endgame/EndgameEnemyCard.svelte;src/lib/components/endgame/EndgameOverviewCard.svelte;... 110 candidate files"
"src/lib/generated/details/enemies/*","defaultMonster.skills.[].phases.[]","neutral","3908","3908","number","src/lib/domain/types.ts;scripts/data/enemy-detail.ts;scripts/data/sync.ts;scripts/data/validate.ts;scripts/investigations/enemy-variants.ts;tests/unit/enemy-detail.test.ts"
"src/lib/generated/details/enemies/*","defaultMonster.skillPhases.[].index","neutral","862","862","number","src/lib/components/DetailArtwork.svelte;src/lib/components/EffectExplanationSection.svelte;src/lib/components/endgame/as/AsBossDossier.svelte;src/lib/components/endgame/EndgameEnemyGrid.svelte;src/lib/components/endgame/EndgameModeNav.svelte;src/lib/components/endgame/EndgameOverviewCard.svelte;src/lib/components/endgame/EndgameOverviewHeroArtwork.svelte;src/lib/components/endgame/EndgameSeasonCard.svelte;... 55 candidate files"
"src/lib/generated/details/enemies/*","defaultMonster.skillPhases.[].skillIds.[]","neutral","4278","47058","string","src/lib/domain/enemy-view.ts;src/lib/domain/types.ts;scripts/data/enemy-detail.ts;scripts/data/validate.ts;scripts/investigations/enemy-variants.ts;tests/unit/enemy-detail.test.ts"
"src/lib/generated/details/enemies/*","monsters.[].modifiers.stance.value","neutral","453","2286","string","src/lib/components/BaseStatsPanel.svelte;src/lib/components/CharacterCatalogPage.svelte;src/lib/components/CompactEntityCard.svelte;src/lib/components/endgame/as/AsBossTraits.svelte;src/lib/components/endgame/EndgameModeNav.svelte;src/lib/components/endgame/EndgameOverviewCard.svelte;src/lib/components/endgame/EndgameSeasonCard.svelte;src/lib/components/endgame/mechanics/MechanicSectionCard.svelte;... 86 candidate files"
"src/lib/generated/details/enemies/*","monsters.[].modifiers.speed.value","neutral","336","1446","string","src/lib/components/BaseStatsPanel.svelte;src/lib/components/CharacterCatalogPage.svelte;src/lib/components/CompactEntityCard.svelte;src/lib/components/endgame/as/AsBossTraits.svelte;src/lib/components/endgame/EndgameModeNav.svelte;src/lib/components/endgame/EndgameOverviewCard.svelte;src/lib/components/endgame/EndgameSeasonCard.svelte;src/lib/components/endgame/mechanics/MechanicSectionCard.svelte;... 86 candidate files"
"src/lib/generated/details/enemies/*","monsters.[].summons.[].monsterId","neutral","1417","13847","string","src/lib/components/endgame/EndgameEnemyCard.svelte;src/lib/components/enemy/EnemyDetailPage.svelte;src/lib/domain/endgame-view.ts;src/lib/domain/endgame.ts;src/lib/domain/enemy-view.ts;src/lib/domain/types.ts;src/lib/server/endgame.ts;scripts/data/as-boss-guides.ts;... 19 candidate files"
"src/lib/generated/details/enemies/*","monsters.[].summons.[].monsterTemplateId","neutral","1417","12753","string","src/lib/components/endgame/EndgameEnemyCard.svelte;src/lib/components/enemy/EnemyDetailPage.svelte;src/lib/domain/endgame-view.ts;src/lib/domain/endgame.ts;src/lib/domain/enemy-view.ts;src/lib/domain/types.ts;src/lib/server/endgame.ts;src/lib/server/enemies.ts;... 20 candidate files"
"src/lib/generated/details/enemies/*","monsters.[].summons.[].name","localized","1417","24157","string","src/lib/components/CharacterCatalogPage.svelte;src/lib/components/CharacterOverviewCard.svelte;src/lib/components/CompactEntityCard.svelte;src/lib/components/DetailPage.svelte;src/lib/components/EffectExplanationSection.svelte;src/lib/components/EidolonCard.svelte;src/lib/components/endgame/EndgameEnemyCard.svelte;src/lib/components/endgame/EndgameOverviewCard.svelte;... 110 candidate files"
"src/lib/generated/details/enemies/*","monsters.[].summons.[].rank","neutral","1417","14860","string","src/lib/components/DetailPage.svelte;src/lib/components/EidolonCard.svelte;src/lib/components/enemy/EnemyDetailPage.svelte;src/lib/components/enemy/EnemyRankTag.svelte;src/lib/domain/character-detail-icons.ts;src/lib/domain/endgame-view.ts;src/lib/domain/enemy-overview.ts;src/lib/domain/enemy-view.ts;... 25 candidate files"
"src/lib/generated/details/enemies/*","monsters.[].summons.[].weaknesses.[].element","neutral","3650","30891","string","src/lib/components/CharacterCatalogPage.svelte;src/lib/components/CharacterOverviewCard.svelte;src/lib/components/CompactEntityCard.svelte;src/lib/components/DetailPage.svelte;src/lib/components/endgame/EndgameEnemyCard.svelte;src/lib/components/endgame/mechanics/BuffOptionTile.svelte;src/lib/components/endgame/mechanics/MechanicEntry.svelte;src/lib/components/endgame/mechanics/MechanicSectionCard.svelte;... 38 candidate files"
"src/lib/generated/details/enemies/*","monsters.[].summons.[].weaknesses.[].name","localized","3650","23293","string","src/lib/components/CharacterCatalogPage.svelte;src/lib/components/CharacterOverviewCard.svelte;src/lib/components/CompactEntityCard.svelte;src/lib/components/DetailPage.svelte;src/lib/components/EffectExplanationSection.svelte;src/lib/components/EidolonCard.svelte;src/lib/components/endgame/EndgameEnemyCard.svelte;src/lib/components/endgame/EndgameOverviewCard.svelte;... 110 candidate files"
"src/lib/generated/details/enemies/*","monsters.[].summons.[].href","neutral","1417","25506","string","src/lib/components/CharacterCatalogPage.svelte;src/lib/components/CharacterOverviewCard.svelte;src/lib/components/CompactEntityCard.svelte;src/lib/components/DetailPage.svelte;src/lib/components/endgame/EndgameEnemyCard.svelte;src/lib/components/endgame/EndgameLocalNav.svelte;src/lib/components/endgame/EndgameModeNav.svelte;src/lib/components/endgame/EndgameOverviewCard.svelte;... 47 candidate files"
"src/lib/generated/details/enemies/*","defaultMonster.summons.[].monsterId","neutral","432","4136","string","src/lib/components/endgame/EndgameEnemyCard.svelte;src/lib/components/enemy/EnemyDetailPage.svelte;src/lib/domain/endgame-view.ts;src/lib/domain/endgame.ts;src/lib/domain/enemy-view.ts;src/lib/domain/types.ts;src/lib/server/endgame.ts;scripts/data/as-boss-guides.ts;... 19 candidate files"
"src/lib/generated/details/enemies/*","defaultMonster.summons.[].monsterTemplateId","neutral","432","3888","string","src/lib/components/endgame/EndgameEnemyCard.svelte;src/lib/components/enemy/EnemyDetailPage.svelte;src/lib/domain/endgame-view.ts;src/lib/domain/endgame.ts;src/lib/domain/enemy-view.ts;src/lib/domain/types.ts;src/lib/server/endgame.ts;src/lib/server/enemies.ts;... 20 candidate files"
"src/lib/generated/details/enemies/*","defaultMonster.summons.[].name","localized","432","7651","string","src/lib/components/CharacterCatalogPage.svelte;src/lib/components/CharacterOverviewCard.svelte;src/lib/components/CompactEntityCard.svelte;src/lib/components/DetailPage.svelte;src/lib/components/EffectExplanationSection.svelte;src/lib/components/EidolonCard.svelte;src/lib/components/endgame/EndgameEnemyCard.svelte;src/lib/components/endgame/EndgameOverviewCard.svelte;... 110 candidate files"
"src/lib/generated/details/enemies/*","defaultMonster.summons.[].rank","neutral","432","4521","string","src/lib/components/DetailPage.svelte;src/lib/components/EidolonCard.svelte;src/lib/components/enemy/EnemyDetailPage.svelte;src/lib/components/enemy/EnemyRankTag.svelte;src/lib/domain/character-detail-icons.ts;src/lib/domain/endgame-view.ts;src/lib/domain/enemy-overview.ts;src/lib/domain/enemy-view.ts;... 25 candidate files"
"src/lib/generated/details/enemies/*","defaultMonster.summons.[].weaknesses.[].element","neutral","1136","9783","string","src/lib/components/CharacterCatalogPage.svelte;src/lib/components/CharacterOverviewCard.svelte;src/lib/components/CompactEntityCard.svelte;src/lib/components/DetailPage.svelte;src/lib/components/endgame/EndgameEnemyCard.svelte;src/lib/components/endgame/mechanics/BuffOptionTile.svelte;src/lib/components/endgame/mechanics/MechanicEntry.svelte;src/lib/components/endgame/mechanics/MechanicSectionCard.svelte;... 38 candidate files"
"src/lib/generated/details/enemies/*","defaultMonster.summons.[].weaknesses.[].name","localized","1136","7246","string","src/lib/components/CharacterCatalogPage.svelte;src/lib/components/CharacterOverviewCard.svelte;src/lib/components/CompactEntityCard.svelte;src/lib/components/DetailPage.svelte;src/lib/components/EffectExplanationSection.svelte;src/lib/components/EidolonCard.svelte;src/lib/components/endgame/EndgameEnemyCard.svelte;src/lib/components/endgame/EndgameOverviewCard.svelte;... 110 candidate files"
"src/lib/generated/details/enemies/*","defaultMonster.summons.[].href","neutral","432","7776","string","src/lib/components/CharacterCatalogPage.svelte;src/lib/components/CharacterOverviewCard.svelte;src/lib/components/CompactEntityCard.svelte;src/lib/components/DetailPage.svelte;src/lib/components/endgame/EndgameEnemyCard.svelte;src/lib/components/endgame/EndgameLocalNav.svelte;src/lib/components/endgame/EndgameModeNav.svelte;src/lib/components/endgame/EndgameOverviewCard.svelte;... 47 candidate files"
"src/lib/generated/details/enemies/*","monsters.[].skills.[].extraEffects.[].id","neutral","2415","26090","string","src/lib/components/BaseStatsPanel.svelte;src/lib/components/ChangelogModal.svelte;src/lib/components/CharacterCatalogPage.svelte;src/lib/components/CharacterOverviewCard.svelte;src/lib/components/DetailPage.svelte;src/lib/components/EffectExplanationSection.svelte;src/lib/components/EidolonCard.svelte;src/lib/components/endgame/as/ApocalypticShadowNodeSection.svelte;... 117 candidate files"
"src/lib/generated/details/enemies/*","monsters.[].skills.[].extraEffects.[].name","localized","2415","29655","string","src/lib/components/CharacterCatalogPage.svelte;src/lib/components/CharacterOverviewCard.svelte;src/lib/components/CompactEntityCard.svelte;src/lib/components/DetailPage.svelte;src/lib/components/EffectExplanationSection.svelte;src/lib/components/EidolonCard.svelte;src/lib/components/endgame/EndgameEnemyCard.svelte;src/lib/components/endgame/EndgameOverviewCard.svelte;... 110 candidate files"
"src/lib/generated/details/enemies/*","monsters.[].skills.[].extraEffects.[].description","localized","2415","441817","string","src/lib/components/CharacterCatalogPage.svelte;src/lib/components/DetailPage.svelte;src/lib/components/EffectExplanationSection.svelte;src/lib/components/EidolonCard.svelte;src/lib/components/endgame/mechanics/BuffOptionTile.svelte;src/lib/components/endgame/mechanics/MechanicEntry.svelte;src/lib/components/endgame/mechanics/MechanicSectionCard.svelte;src/lib/components/endgame/modes/AnomalyArbitrationDetailContent.svelte;... 47 candidate files"
"src/lib/generated/details/enemies/*","defaultMonster.skills.[].extraEffects.[].id","neutral","926","10019","string","src/lib/components/BaseStatsPanel.svelte;src/lib/components/ChangelogModal.svelte;src/lib/components/CharacterCatalogPage.svelte;src/lib/components/CharacterOverviewCard.svelte;src/lib/components/DetailPage.svelte;src/lib/components/EffectExplanationSection.svelte;src/lib/components/EidolonCard.svelte;src/lib/components/endgame/as/ApocalypticShadowNodeSection.svelte;... 117 candidate files"
"src/lib/generated/details/enemies/*","defaultMonster.skills.[].extraEffects.[].name","localized","926","11210","string","src/lib/components/CharacterCatalogPage.svelte;src/lib/components/CharacterOverviewCard.svelte;src/lib/components/CompactEntityCard.svelte;src/lib/components/DetailPage.svelte;src/lib/components/EffectExplanationSection.svelte;src/lib/components/EidolonCard.svelte;src/lib/components/endgame/EndgameEnemyCard.svelte;src/lib/components/endgame/EndgameOverviewCard.svelte;... 110 candidate files"
"src/lib/generated/details/enemies/*","defaultMonster.skills.[].extraEffects.[].description","localized","926","160312","string","src/lib/components/CharacterCatalogPage.svelte;src/lib/components/DetailPage.svelte;src/lib/components/EffectExplanationSection.svelte;src/lib/components/EidolonCard.svelte;src/lib/components/endgame/mechanics/BuffOptionTile.svelte;src/lib/components/endgame/mechanics/MechanicEntry.svelte;src/lib/components/endgame/mechanics/MechanicSectionCard.svelte;src/lib/components/endgame/modes/AnomalyArbitrationDetailContent.svelte;... 47 candidate files"
"src/lib/generated/details/enemies/*","monsters.[].stats.levels.[].toughness.reason","neutral","6100","85400","string","src/lib/domain/endgame-view.ts;src/lib/domain/endgame.ts;src/lib/domain/types.ts;scripts/assets/enemies/ensure.ts;scripts/assets/enemies/shared.ts;scripts/assets/enemies/sync.ts;scripts/data/debug-pf-hp.ts;scripts/data/endgame.ts;... 18 candidate files"
"src/lib/generated/details/enemies/*","defaultMonster.stats.levels.[].toughness.reason","neutral","3200","44800","string","src/lib/domain/endgame-view.ts;src/lib/domain/endgame.ts;src/lib/domain/types.ts;scripts/assets/enemies/ensure.ts;scripts/assets/enemies/shared.ts;scripts/assets/enemies/sync.ts;scripts/data/debug-pf-hp.ts;scripts/data/endgame.ts;... 18 candidate files"
"src/lib/generated/details/enemies/*","monsters.[].stats.levels.[].speed.reason","neutral","6500","91000","string","src/lib/domain/endgame-view.ts;src/lib/domain/endgame.ts;src/lib/domain/types.ts;scripts/assets/enemies/ensure.ts;scripts/assets/enemies/shared.ts;scripts/assets/enemies/sync.ts;scripts/data/debug-pf-hp.ts;scripts/data/endgame.ts;... 18 candidate files"
"src/lib/generated/details/enemies/*","defaultMonster.stats.levels.[].speed.reason","neutral","1300","18200","string","src/lib/domain/endgame-view.ts;src/lib/domain/endgame.ts;src/lib/domain/types.ts;scripts/assets/enemies/ensure.ts;scripts/assets/enemies/shared.ts;scripts/assets/enemies/sync.ts;scripts/data/debug-pf-hp.ts;scripts/data/endgame.ts;... 18 candidate files"
"src/lib/generated/details/light-cones/*","id","neutral","169","1183","string","src/lib/components/BaseStatsPanel.svelte;src/lib/components/ChangelogModal.svelte;src/lib/components/CharacterCatalogPage.svelte;src/lib/components/CharacterOverviewCard.svelte;src/lib/components/DetailPage.svelte;src/lib/components/EffectExplanationSection.svelte;src/lib/components/EidolonCard.svelte;src/lib/components/endgame/as/ApocalypticShadowNodeSection.svelte;... 117 candidate files"
"src/lib/generated/details/light-cones/*","name","localized","169","3020","string","src/lib/components/CharacterCatalogPage.svelte;src/lib/components/CharacterOverviewCard.svelte;src/lib/components/CompactEntityCard.svelte;src/lib/components/DetailPage.svelte;src/lib/components/EffectExplanationSection.svelte;src/lib/components/EidolonCard.svelte;src/lib/components/endgame/EndgameEnemyCard.svelte;src/lib/components/endgame/EndgameOverviewCard.svelte;... 110 candidate files"
"src/lib/generated/details/light-cones/*","description","localized","169","15717","string","src/lib/components/CharacterCatalogPage.svelte;src/lib/components/DetailPage.svelte;src/lib/components/EffectExplanationSection.svelte;src/lib/components/EidolonCard.svelte;src/lib/components/endgame/mechanics/BuffOptionTile.svelte;src/lib/components/endgame/mechanics/MechanicEntry.svelte;src/lib/components/endgame/mechanics/MechanicSectionCard.svelte;src/lib/components/endgame/modes/AnomalyArbitrationDetailContent.svelte;... 47 candidate files"
"src/lib/generated/details/light-cones/*","rarity","neutral","169","169","number","src/lib/components/CharacterCatalogPage.svelte;src/lib/components/CharacterOverviewCard.svelte;src/lib/components/DetailPage.svelte;src/lib/components/EnemyCatalogPage.svelte;src/lib/components/EquipmentRecommendationSection.svelte;src/lib/components/LightConeCatalogPage.svelte;src/lib/components/LightConeOverviewCard.svelte;src/lib/components/OverviewToolbar.svelte;... 28 candidate files"
"src/lib/generated/details/light-cones/*","path","neutral","169","1346","string","src/lib/components/CharacterCatalogPage.svelte;src/lib/components/CharacterOverviewCard.svelte;src/lib/components/DetailPage.svelte;src/lib/components/EquipmentRecommendationSection.svelte;src/lib/components/FilterChip.svelte;src/lib/components/FilterGroup.svelte;src/lib/components/LightConeCatalogPage.svelte;src/lib/components/LightConeOverviewCard.svelte;... 71 candidate files"
"src/lib/generated/details/light-cones/*","pathName","localized","169","1352","string","src/lib/components/CharacterCatalogPage.svelte;src/lib/components/CharacterOverviewCard.svelte;src/lib/components/DetailPage.svelte;src/lib/components/EquipmentRecommendationSection.svelte;src/lib/components/LightConeCatalogPage.svelte;src/lib/components/LightConeOverviewCard.svelte;src/lib/domain/enemy-view.ts;src/lib/domain/types.ts;... 14 candidate files"
"src/lib/generated/details/light-cones/*","kind","neutral","169","2028","string","src/lib/components/BaseStatsPanel.svelte;src/lib/components/CharacterOverviewCard.svelte;src/lib/components/DescriptionText.svelte;src/lib/components/DetailPage.svelte;src/lib/components/endgame/EndgameEnemyCard.svelte;src/lib/components/endgame/mechanics/MechanicSectionCard.svelte;src/lib/components/endgame/modes/AnomalyArbitrationDetailContent.svelte;src/lib/components/endgame/modes/ApocalypticShadowMechanicsSection.svelte;... 54 candidate files"
"src/lib/generated/details/light-cones/*","story","localized","169","78576","string","src/lib/components/DetailPage.svelte;src/lib/domain/types.ts;scripts/data/sync.ts"
"src/lib/generated/details/light-cones/*","passive.id","neutral","169","1183","string","src/lib/components/BaseStatsPanel.svelte;src/lib/components/ChangelogModal.svelte;src/lib/components/CharacterCatalogPage.svelte;src/lib/components/CharacterOverviewCard.svelte;src/lib/components/DetailPage.svelte;src/lib/components/EffectExplanationSection.svelte;src/lib/components/EidolonCard.svelte;src/lib/components/endgame/as/ApocalypticShadowNodeSection.svelte;... 117 candidate files"
"src/lib/generated/details/light-cones/*","passive.name","localized","169","1697","string","src/lib/components/CharacterCatalogPage.svelte;src/lib/components/CharacterOverviewCard.svelte;src/lib/components/CompactEntityCard.svelte;src/lib/components/DetailPage.svelte;src/lib/components/EffectExplanationSection.svelte;src/lib/components/EidolonCard.svelte;src/lib/components/endgame/EndgameEnemyCard.svelte;src/lib/components/endgame/EndgameOverviewCard.svelte;... 110 candidate files"
"src/lib/generated/details/light-cones/*","passive.superimposition.scalingParamIndexes.[]","neutral","373","373","number","src/lib/domain/types.ts;scripts/data/levelled.ts;scripts/data/skills.ts;scripts/data/sync.ts;scripts/data/text.ts;tests/unit/data.test.ts"
"src/lib/generated/details/light-cones/*","passive.superimposition.levels.[].level","neutral","845","845","number","src/lib/components/BaseStatsPanel.svelte;src/lib/components/DetailPage.svelte;src/lib/components/endgame/as/ApocalypticShadowNodeSection.svelte;src/lib/components/endgame/as/AsBossDossier.svelte;src/lib/components/endgame/as/AsBossTraits.svelte;src/lib/components/endgame/EndgameEnemyCard.svelte;src/lib/components/endgame/EndgameEnemyGrid.svelte;src/lib/components/endgame/EndgameNodeHeading.svelte;... 53 candidate files"
"src/lib/generated/details/light-cones/*","passive.superimposition.levels.[].description","localized","845","167355","string","src/lib/components/CharacterCatalogPage.svelte;src/lib/components/DetailPage.svelte;src/lib/components/EffectExplanationSection.svelte;src/lib/components/EidolonCard.svelte;src/lib/components/endgame/mechanics/BuffOptionTile.svelte;src/lib/components/endgame/mechanics/MechanicEntry.svelte;src/lib/components/endgame/mechanics/MechanicSectionCard.svelte;src/lib/components/endgame/modes/AnomalyArbitrationDetailContent.svelte;... 47 candidate files"
"src/lib/generated/details/light-cones/*","passive.superimposition.levels.[].descriptionTokens.[].type","neutral","6305","54615","string","src/lib/components/BaseStatsPanel.svelte;src/lib/components/ChangelogModal.svelte;src/lib/components/CharacterCatalogPage.svelte;src/lib/components/CharacterOverviewCard.svelte;src/lib/components/DescriptionText.svelte;src/lib/components/DetailPage.svelte;src/lib/components/EffectExplanationSection.svelte;src/lib/components/EidolonCard.svelte;... 174 candidate files"
"src/lib/generated/details/light-cones/*","passive.superimposition.levels.[].descriptionTokens.[].value","mixed","6305","178275","string","src/lib/components/BaseStatsPanel.svelte;src/lib/components/CharacterCatalogPage.svelte;src/lib/components/CompactEntityCard.svelte;src/lib/components/endgame/as/AsBossTraits.svelte;src/lib/components/endgame/EndgameModeNav.svelte;src/lib/components/endgame/EndgameOverviewCard.svelte;src/lib/components/endgame/EndgameSeasonCard.svelte;src/lib/components/endgame/mechanics/MechanicSectionCard.svelte;... 86 candidate files"
"src/lib/generated/details/light-cones/*","passive.superimposition.levels.[].descriptionTokens.[].color","neutral","1865","20515","string","src/lib/components/ChangelogModal.svelte;src/lib/components/CharacterOverviewCard.svelte;src/lib/components/CompactEntityCard.svelte;src/lib/components/DetailPage.svelte;src/lib/components/endgame/as/AsBossDossier.svelte;src/lib/components/endgame/as/AsBossTraits.svelte;src/lib/components/endgame/EndgameEnemyCard.svelte;src/lib/components/endgame/EndgameModeIcon.svelte;... 47 candidate files"
"src/lib/generated/details/light-cones/*","passive.superimposition.levels.[].descriptionTokens.[].unbreak","neutral","2730","10920","boolean","src/lib/components/InlineGameTextToken.svelte;src/lib/domain/game-text.ts;src/lib/domain/types.ts;scripts/data/text.ts;tests/unit/data.test.ts;tests/unit/search-metadata.test.ts;tests/unit/search.test.ts"
"src/lib/generated/details/light-cones/*","baseStats.minLevel","neutral","169","169","number","src/lib/components/BaseStatsPanel.svelte;src/lib/components/enemy/EnemyDetailPage.svelte;src/lib/domain/stats.ts;src/lib/domain/types.ts;scripts/data/enemy-detail.ts;scripts/data/stats.ts;scripts/data/validate.ts;tests/unit/data.test.ts;... 9 candidate files"
"src/lib/generated/details/light-cones/*","baseStats.maxLevel","neutral","169","338","number","src/lib/components/BaseStatsPanel.svelte;src/lib/components/enemy/EnemyDetailPage.svelte;src/lib/domain/stats.ts;src/lib/domain/types.ts;scripts/data/enemy-detail.ts;scripts/data/stats.ts;scripts/data/validate.ts;tests/unit/data.test.ts;... 9 candidate files"
"src/lib/generated/details/light-cones/*","baseStats.defaultLevel","neutral","169","338","number","src/lib/components/BaseStatsPanel.svelte;src/lib/components/enemy/EnemyDetailPage.svelte;src/lib/components/SkillProgressionPanel.svelte;src/lib/domain/types.ts;scripts/data/enemy-detail.ts;scripts/data/skills.ts;scripts/data/stats.ts;scripts/data/validate.ts;... 10 candidate files"
"src/lib/generated/details/light-cones/*","baseStats.stages.[].fromLevel","neutral","1183","2197","number","src/lib/domain/stats.ts;src/lib/domain/types.ts;scripts/data/stats.ts;tests/unit/shared-ui.test.ts"
"src/lib/generated/details/light-cones/*","baseStats.stages.[].toLevel","neutral","1183","2366","number","src/lib/domain/types.ts;scripts/data/stats.ts;tests/unit/shared-ui.test.ts"
"src/lib/generated/details/light-cones/*","baseStats.stages.[].hp.base","neutral","1183","6092","number","src/lib/components/BaseStatsPanel.svelte;src/lib/components/DetailPage.svelte;src/lib/domain/endgame.ts;src/lib/domain/stats.ts;src/lib/domain/types.ts;src/lib/search/name-metadata.ts;scripts/data/character-names.ts;scripts/data/endgame.ts;... 22 candidate files"
"src/lib/generated/details/light-cones/*","baseStats.stages.[].hp.perLevel","neutral","1183","4424","number","src/lib/domain/stats.ts;src/lib/domain/types.ts;scripts/data/stats.ts;tests/unit/shared-ui.test.ts"
"src/lib/generated/details/light-cones/*","baseStats.stages.[].attack.base","neutral","1183","5989","number","src/lib/components/BaseStatsPanel.svelte;src/lib/components/DetailPage.svelte;src/lib/domain/endgame.ts;src/lib/domain/stats.ts;src/lib/domain/types.ts;src/lib/search/name-metadata.ts;scripts/data/character-names.ts;scripts/data/endgame.ts;... 22 candidate files"
"src/lib/generated/details/light-cones/*","baseStats.stages.[].attack.perLevel","neutral","1183","4522","number","src/lib/domain/stats.ts;src/lib/domain/types.ts;scripts/data/stats.ts;tests/unit/shared-ui.test.ts"
"src/lib/generated/details/light-cones/*","baseStats.stages.[].defence.base","neutral","1183","4237","number","src/lib/components/BaseStatsPanel.svelte;src/lib/components/DetailPage.svelte;src/lib/domain/endgame.ts;src/lib/domain/stats.ts;src/lib/domain/types.ts;src/lib/search/name-metadata.ts;scripts/data/character-names.ts;scripts/data/endgame.ts;... 22 candidate files"
"src/lib/generated/details/light-cones/*","baseStats.stages.[].defence.perLevel","neutral","1183","4053","number","src/lib/domain/stats.ts;src/lib/domain/types.ts;scripts/data/stats.ts;tests/unit/shared-ui.test.ts"
"src/lib/generated/details/light-cones/*","baseStats.iconKeys.hp","neutral","169","2873","string","src/lib/components/BaseStatsPanel.svelte;src/lib/components/endgame/EndgameEnemyCard.svelte;src/lib/components/endgame/HpDisplay.svelte;src/lib/components/enemy/EnemyStatsPanel.svelte;src/lib/components/enemy/EnemyTemplateBaseStatsPanel.svelte;src/lib/domain/endgame-view.ts;src/lib/domain/endgame.ts;src/lib/domain/stats.ts;... 26 candidate files"
"src/lib/generated/details/light-cones/*","baseStats.iconKeys.attack","neutral","169","3042","string","src/lib/components/BaseStatsPanel.svelte;src/lib/components/enemy/EnemyStatsPanel.svelte;src/lib/components/enemy/EnemyTemplateBaseStatsPanel.svelte;src/lib/domain/stats.ts;src/lib/domain/types.ts;scripts/data/enemy-detail.ts;scripts/data/stats.ts;scripts/data/sync.ts;... 13 candidate files"
"src/lib/generated/details/light-cones/*","baseStats.iconKeys.defence","neutral","169","3211","string","src/lib/components/BaseStatsPanel.svelte;src/lib/components/enemy/EnemyStatsPanel.svelte;src/lib/components/enemy/EnemyTemplateBaseStatsPanel.svelte;src/lib/domain/stats.ts;src/lib/domain/types.ts;scripts/data/enemy-detail.ts;scripts/data/stats.ts;scripts/data/sync.ts;... 13 candidate files"
"src/lib/generated/details/relics/*","id","neutral","60","300","string","src/lib/components/BaseStatsPanel.svelte;src/lib/components/ChangelogModal.svelte;src/lib/components/CharacterCatalogPage.svelte;src/lib/components/CharacterOverviewCard.svelte;src/lib/components/DetailPage.svelte;src/lib/components/EffectExplanationSection.svelte;src/lib/components/EidolonCard.svelte;src/lib/components/endgame/as/ApocalypticShadowNodeSection.svelte;... 117 candidate files"
"src/lib/generated/details/relics/*","name","localized","60","1366","string","src/lib/components/CharacterCatalogPage.svelte;src/lib/components/CharacterOverviewCard.svelte;src/lib/components/CompactEntityCard.svelte;src/lib/components/DetailPage.svelte;src/lib/components/EffectExplanationSection.svelte;src/lib/components/EidolonCard.svelte;src/lib/components/endgame/EndgameEnemyCard.svelte;src/lib/components/endgame/EndgameOverviewCard.svelte;... 110 candidate files"
"src/lib/generated/details/relics/*","description","localized","60","10129","string","src/lib/components/CharacterCatalogPage.svelte;src/lib/components/DetailPage.svelte;src/lib/components/EffectExplanationSection.svelte;src/lib/components/EidolonCard.svelte;src/lib/components/endgame/mechanics/BuffOptionTile.svelte;src/lib/components/endgame/mechanics/MechanicEntry.svelte;src/lib/components/endgame/mechanics/MechanicSectionCard.svelte;src/lib/components/endgame/modes/AnomalyArbitrationDetailContent.svelte;... 47 candidate files"
"src/lib/generated/details/relics/*","version","neutral","60","300","string","src/lib/components/relic/RelicDetailPage.svelte;src/lib/domain/enemy-view.ts;src/lib/domain/types.ts;src/routes/sitemap.xml/+server.ts;scripts/assets/enemies/ensure.ts;scripts/assets/enemies/shared.ts;scripts/assets/enemies/sync.ts;scripts/data/sync.ts;... 11 candidate files"
"src/lib/generated/details/relics/*","category","neutral","60","480","string","src/lib/components/CharacterCatalogPage.svelte;src/lib/components/DetailPage.svelte;src/lib/components/endgame/EndgameOverviewCard.svelte;src/lib/components/endgame/EndgameSeasonCard.svelte;src/lib/components/endgame/EndgameSeasonHero.svelte;src/lib/components/EnemyCatalogPage.svelte;src/lib/components/LightConeCatalogPage.svelte;src/lib/components/RelicCatalogPage.svelte;... 29 candidate files"
"src/lib/generated/details/relics/*","effectRequirements.[]","neutral","92","92","number","src/lib/domain/types.ts;scripts/data/sync.ts;scripts/data/validate.ts;tests/unit/relic-filters.test.ts"
"src/lib/generated/details/relics/*","type","neutral","60","480","string","src/lib/components/BaseStatsPanel.svelte;src/lib/components/ChangelogModal.svelte;src/lib/components/CharacterCatalogPage.svelte;src/lib/components/CharacterOverviewCard.svelte;src/lib/components/DescriptionText.svelte;src/lib/components/DetailPage.svelte;src/lib/components/EffectExplanationSection.svelte;src/lib/components/EidolonCard.svelte;... 174 candidate files"
"src/lib/generated/details/relics/*","typeName","localized","60","840","string","src/lib/components/relic/RelicDetailPage.svelte;src/lib/domain/enemy-view.ts;src/lib/domain/types.ts;scripts/data/sync.ts"
"src/lib/generated/details/relics/*","kind","neutral","60","420","string","src/lib/components/BaseStatsPanel.svelte;src/lib/components/CharacterOverviewCard.svelte;src/lib/components/DescriptionText.svelte;src/lib/components/DetailPage.svelte;src/lib/components/endgame/EndgameEnemyCard.svelte;src/lib/components/endgame/mechanics/MechanicSectionCard.svelte;src/lib/components/endgame/modes/AnomalyArbitrationDetailContent.svelte;src/lib/components/endgame/modes/ApocalypticShadowMechanicsSection.svelte;... 54 candidate files"
"src/lib/generated/details/relics/*","effects.[].required","neutral","92","92","number","src/lib/components/relic/RelicDetailPage.svelte;src/lib/domain/types.ts;scripts/assets/enemies/shared.ts;scripts/assets/shared.ts;scripts/data/sync.ts;scripts/data/validate.ts;scripts/deployment/prepare.ts;tests/unit/deployment-build.test.ts;... 10 candidate files"
"src/lib/generated/details/relics/*","effects.[].description","localized","92","9517","string","src/lib/components/CharacterCatalogPage.svelte;src/lib/components/DetailPage.svelte;src/lib/components/EffectExplanationSection.svelte;src/lib/components/EidolonCard.svelte;src/lib/components/endgame/mechanics/BuffOptionTile.svelte;src/lib/components/endgame/mechanics/MechanicEntry.svelte;src/lib/components/endgame/mechanics/MechanicSectionCard.svelte;src/lib/components/endgame/modes/AnomalyArbitrationDetailContent.svelte;... 47 candidate files"
"src/lib/generated/details/relics/*","pieces.[].id","neutral","184","1288","string","src/lib/components/BaseStatsPanel.svelte;src/lib/components/ChangelogModal.svelte;src/lib/components/CharacterCatalogPage.svelte;src/lib/components/CharacterOverviewCard.svelte;src/lib/components/DetailPage.svelte;src/lib/components/EffectExplanationSection.svelte;src/lib/components/EidolonCard.svelte;src/lib/components/endgame/as/ApocalypticShadowNodeSection.svelte;... 117 candidate files"
"src/lib/generated/details/relics/*","pieces.[].slot","neutral","184","1160","string","src/lib/components/CharacterOverviewCard.svelte;src/lib/components/CompactEntityCard.svelte;src/lib/components/endgame/as/ApocalypticShadowNodeSection.svelte;src/lib/components/endgame/EndgameNodeHeading.svelte;src/lib/components/endgame/EndgameNodeSection.svelte;src/lib/components/endgame/mechanics/MechanicEntry.svelte;src/lib/components/endgame/modes/AnomalyArbitrationDetailContent.svelte;src/lib/components/endgame/modes/ApocalypticShadowDetailContent.svelte;... 44 candidate files"
"src/lib/generated/details/relics/*","pieces.[].name","localized","184","4556","string","src/lib/components/CharacterCatalogPage.svelte;src/lib/components/CharacterOverviewCard.svelte;src/lib/components/CompactEntityCard.svelte;src/lib/components/DetailPage.svelte;src/lib/components/EffectExplanationSection.svelte;src/lib/components/EidolonCard.svelte;src/lib/components/endgame/EndgameEnemyCard.svelte;src/lib/components/endgame/EndgameOverviewCard.svelte;... 110 candidate files"
"src/lib/generated/details/relics/*","pieces.[].description","localized","184","21923","string","src/lib/components/CharacterCatalogPage.svelte;src/lib/components/DetailPage.svelte;src/lib/components/EffectExplanationSection.svelte;src/lib/components/EidolonCard.svelte;src/lib/components/endgame/mechanics/BuffOptionTile.svelte;src/lib/components/endgame/mechanics/MechanicEntry.svelte;src/lib/components/endgame/mechanics/MechanicSectionCard.svelte;src/lib/components/endgame/modes/AnomalyArbitrationDetailContent.svelte;... 47 candidate files"
"src/lib/generated/details/relics/*","sources.[]","mixed","134","5274","string","src/lib/domain/types.ts;scripts/assets/shared.ts;scripts/data/enemy-detail.ts;scripts/data/enemy-stats.ts;scripts/data/raw.ts;scripts/data/sync.ts;tests/unit/data.test.ts;tests/unit/invariants.test.ts;... 9 candidate files"
"src/lib/generated/endgame/aa.json","schemaVersion","neutral","1","2","number","src/lib/domain/endgame.ts;src/lib/domain/search-index.ts;src/lib/domain/types.ts;src/lib/domain/visual-assets.ts;src/lib/search/documents.ts;src/lib/search/endgame.ts;src/lib/search/name-metadata.ts;src/lib/search/search.ts;... 36 candidate files"
"src/lib/generated/endgame/aa.json","mode","neutral","1","4","string","src/lib/components/endgame/EndgameModeIcon.svelte;src/lib/components/endgame/EndgameModeNav.svelte;src/lib/components/endgame/EndgameOverviewCard.svelte;src/lib/components/endgame/EndgameOverviewHeroArtwork.svelte;src/lib/components/endgame/EndgameSeasonCard.svelte;src/lib/domain/endgame-view.ts;src/lib/domain/endgame.ts;src/lib/domain/search-index.ts;... 33 candidate files"
"src/lib/generated/endgame/aa.json","groups.[].mode","neutral","9","36","string","src/lib/components/endgame/EndgameModeIcon.svelte;src/lib/components/endgame/EndgameModeNav.svelte;src/lib/components/endgame/EndgameOverviewCard.svelte;src/lib/components/endgame/EndgameOverviewHeroArtwork.svelte;src/lib/components/endgame/EndgameSeasonCard.svelte;src/lib/domain/endgame-view.ts;src/lib/domain/endgame.ts;src/lib/domain/search-index.ts;... 33 candidate files"
"src/lib/generated/endgame/aa.json","groups.[].groupId","neutral","9","9","number","src/lib/components/endgame/EndgameOverviewCard.svelte;src/lib/components/endgame/EndgameSeasonCard.svelte;src/lib/components/endgame/EndgameSeasonHero.svelte;src/lib/domain/endgame-view.ts;src/lib/domain/endgame.ts;src/lib/domain/search-index.ts;src/lib/search/endgame.ts;src/lib/server/endgame.ts;... 23 candidate files"
"src/lib/generated/endgame/aa.json","groups.[].name","localized","9","126","string","src/lib/components/CharacterCatalogPage.svelte;src/lib/components/CharacterOverviewCard.svelte;src/lib/components/CompactEntityCard.svelte;src/lib/components/DetailPage.svelte;src/lib/components/EffectExplanationSection.svelte;src/lib/components/EidolonCard.svelte;src/lib/components/endgame/EndgameEnemyCard.svelte;src/lib/components/endgame/EndgameOverviewCard.svelte;... 110 candidate files"
"src/lib/generated/endgame/aa.json","groups.[].encounters.[].id","neutral","45","657","string","src/lib/components/BaseStatsPanel.svelte;src/lib/components/ChangelogModal.svelte;src/lib/components/CharacterCatalogPage.svelte;src/lib/components/CharacterOverviewCard.svelte;src/lib/components/DetailPage.svelte;src/lib/components/EffectExplanationSection.svelte;src/lib/components/EidolonCard.svelte;src/lib/components/endgame/as/ApocalypticShadowNodeSection.svelte;... 117 candidate files"
"src/lib/generated/endgame/aa.json","groups.[].encounters.[].configId","neutral","45","135","number","src/lib/domain/endgame.ts;scripts/data/as-boss-guides.ts;scripts/data/endgame.ts;scripts/data/maze-buffs.ts;scripts/data/validate.ts;tests/unit/endgame.test.ts"
"src/lib/generated/endgame/aa.json","groups.[].encounters.[].name","localized","45","792","string","src/lib/components/CharacterCatalogPage.svelte;src/lib/components/CharacterOverviewCard.svelte;src/lib/components/CompactEntityCard.svelte;src/lib/components/DetailPage.svelte;src/lib/components/EffectExplanationSection.svelte;src/lib/components/EidolonCard.svelte;src/lib/components/endgame/EndgameEnemyCard.svelte;src/lib/components/endgame/EndgameOverviewCard.svelte;... 110 candidate files"
"src/lib/generated/endgame/aa.json","groups.[].encounters.[].ordinal","neutral","27","27","number","src/lib/components/endgame/EndgameWaveGroup.svelte;src/lib/components/endgame/EndgameWaveLayout.svelte;src/lib/components/endgame/presentation.ts;src/lib/domain/endgame-navigation.ts;src/lib/domain/endgame-view.ts;src/lib/domain/endgame.ts;scripts/data/endgame.ts;tests/e2e/endgame.spec.ts;... 10 candidate files"
"src/lib/generated/endgame/aa.json","groups.[].encounters.[].variant","neutral","45","567","string","src/lib/components/CharacterCatalogPage.svelte;src/lib/components/endgame/as/AsBossDossier.svelte;src/lib/components/endgame/EndgameEnemyCard.svelte;src/lib/components/endgame/EndgameEnemyGrid.svelte;src/lib/components/endgame/EndgameOverviewCard.svelte;src/lib/components/endgame/EndgameSeasonCard.svelte;src/lib/components/endgame/EndgameWaveGroup.svelte;src/lib/components/Navigator.svelte;... 32 candidate files"
"src/lib/generated/endgame/aa.json","groups.[].encounters.[].battles.[].slot","neutral","45","45","number","src/lib/components/CharacterOverviewCard.svelte;src/lib/components/CompactEntityCard.svelte;src/lib/components/endgame/as/ApocalypticShadowNodeSection.svelte;src/lib/components/endgame/EndgameNodeHeading.svelte;src/lib/components/endgame/EndgameNodeSection.svelte;src/lib/components/endgame/mechanics/MechanicEntry.svelte;src/lib/components/endgame/modes/AnomalyArbitrationDetailContent.svelte;src/lib/components/endgame/modes/ApocalypticShadowDetailContent.svelte;... 44 candidate files"
"src/lib/generated/endgame/aa.json","groups.[].encounters.[].battles.[].stages.[].eventId","neutral","45","360","number","src/lib/domain/endgame.ts;scripts/data/endgame.ts"
"src/lib/generated/endgame/aa.json","groups.[].encounters.[].battles.[].stages.[].stageId","neutral","45","360","number","src/lib/domain/endgame-view.ts;src/lib/domain/endgame.ts;scripts/data/debug-pf-hp.ts;scripts/data/endgame.ts;scripts/data/validate.ts;tests/unit/endgame.test.ts"
"src/lib/generated/endgame/aa.json","groups.[].encounters.[].battles.[].stages.[].level","neutral","45","108","number","src/lib/components/BaseStatsPanel.svelte;src/lib/components/DetailPage.svelte;src/lib/components/endgame/as/ApocalypticShadowNodeSection.svelte;src/lib/components/endgame/as/AsBossDossier.svelte;src/lib/components/endgame/as/AsBossTraits.svelte;src/lib/components/endgame/EndgameEnemyCard.svelte;src/lib/components/endgame/EndgameEnemyGrid.svelte;src/lib/components/endgame/EndgameNodeHeading.svelte;... 53 candidate files"
"src/lib/generated/endgame/aa.json","groups.[].encounters.[].battles.[].stages.[].hardLevelGroup","neutral","45","45","number","src/lib/domain/endgame.ts;src/lib/domain/enemy-view.ts;src/lib/domain/types.ts;scripts/data/endgame.ts;scripts/data/sync.ts"
"src/lib/generated/endgame/aa.json","groups.[].encounters.[].battles.[].stages.[].previewMonsterIds.[]","neutral","158","1152","number","src/lib/domain/endgame.ts;scripts/data/endgame.ts;scripts/data/validate.ts;tests/unit/endgame.test.ts"
"src/lib/generated/endgame/aa.json","groups.[].encounters.[].battles.[].stages.[].waveModel.kind","neutral","45","720","string","src/lib/components/BaseStatsPanel.svelte;src/lib/components/CharacterOverviewCard.svelte;src/lib/components/DescriptionText.svelte;src/lib/components/DetailPage.svelte;src/lib/components/endgame/EndgameEnemyCard.svelte;src/lib/components/endgame/mechanics/MechanicSectionCard.svelte;src/lib/components/endgame/modes/AnomalyArbitrationDetailContent.svelte;src/lib/components/endgame/modes/ApocalypticShadowMechanicsSection.svelte;... 54 candidate files"
"src/lib/generated/endgame/aa.json","groups.[].encounters.[].battles.[].stages.[].waveModel.waveGroupId","neutral","45","360","number","src/lib/domain/endgame.ts;scripts/data/endgame.ts"
"src/lib/generated/endgame/aa.json","groups.[].encounters.[].battles.[].stages.[].waveModel.waves.[].waveId","neutral","82","738","number","src/lib/domain/endgame-view.ts;src/lib/domain/endgame.ts;scripts/data/debug-pf-hp.ts;scripts/data/endgame.ts;scripts/data/validate.ts;tests/unit/endgame.test.ts"
"src/lib/generated/endgame/aa.json","groups.[].encounters.[].battles.[].stages.[].waveModel.waves.[].monsterGroups.[].monsterGroupId","neutral","82","738","number","src/lib/domain/endgame.ts;scripts/data/debug-pf-hp.ts;scripts/data/endgame.ts;tests/unit/endgame.test.ts"
"src/lib/generated/endgame/aa.json","groups.[].encounters.[].battles.[].stages.[].waveModel.waves.[].monsterGroups.[].orderedEnemies.[].monsterId","neutral","198","1432","number","src/lib/components/endgame/EndgameEnemyCard.svelte;src/lib/components/enemy/EnemyDetailPage.svelte;src/lib/domain/endgame-view.ts;src/lib/domain/endgame.ts;src/lib/domain/enemy-view.ts;src/lib/domain/types.ts;src/lib/server/endgame.ts;scripts/data/as-boss-guides.ts;... 19 candidate files"
"src/lib/generated/endgame/aa.json","groups.[].encounters.[].battles.[].stages.[].waveModel.waves.[].monsterGroups.[].orderedEnemies.[].monsterTemplateId","neutral","198","1386","number","src/lib/components/endgame/EndgameEnemyCard.svelte;src/lib/components/enemy/EnemyDetailPage.svelte;src/lib/domain/endgame-view.ts;src/lib/domain/endgame.ts;src/lib/domain/enemy-view.ts;src/lib/domain/types.ts;src/lib/server/endgame.ts;src/lib/server/enemies.ts;... 20 candidate files"
"src/lib/generated/endgame/aa.json","groups.[].encounters.[].battles.[].stages.[].waveModel.waves.[].monsterGroups.[].orderedEnemies.[].name","localized","198","4088","string","src/lib/components/CharacterCatalogPage.svelte;src/lib/components/CharacterOverviewCard.svelte;src/lib/components/CompactEntityCard.svelte;src/lib/components/DetailPage.svelte;src/lib/components/EffectExplanationSection.svelte;src/lib/components/EidolonCard.svelte;src/lib/components/endgame/EndgameEnemyCard.svelte;src/lib/components/endgame/EndgameOverviewCard.svelte;... 110 candidate files"
"src/lib/generated/endgame/aa.json","groups.[].encounters.[].battles.[].stages.[].waveModel.waves.[].monsterGroups.[].orderedEnemies.[].hp.hpBase","neutral","198","1279","string","src/lib/domain/endgame-view.ts;src/lib/domain/endgame.ts;scripts/data/debug-pf-hp.ts;scripts/data/endgame.ts;scripts/data/pure-fiction-hp.ts;scripts/data/stats.ts;scripts/data/validate.ts;tests/unit/endgame-view.test.ts;... 9 candidate files"
"src/lib/generated/endgame/aa.json","groups.[].encounters.[].battles.[].stages.[].waveModel.waves.[].monsterGroups.[].orderedEnemies.[].hp.instanceRatio","neutral","198","729","string","src/lib/domain/endgame-view.ts;src/lib/domain/endgame.ts;scripts/data/debug-pf-hp.ts;scripts/data/endgame.ts;scripts/data/enemy-detail.ts;scripts/data/enemy-stats.ts;scripts/data/pure-fiction-hp.ts;scripts/data/validate.ts;... 10 candidate files"
"src/lib/generated/endgame/aa.json","groups.[].encounters.[].battles.[].stages.[].waveModel.waves.[].monsterGroups.[].orderedEnemies.[].hp.levelRatio","neutral","198","2042","string","src/lib/domain/endgame-view.ts;src/lib/domain/endgame.ts;scripts/data/debug-pf-hp.ts;scripts/data/endgame.ts;scripts/data/enemy-detail.ts;scripts/data/enemy-stats.ts;scripts/data/pure-fiction-hp.ts;scripts/data/validate.ts;... 10 candidate files"
"src/lib/generated/endgame/aa.json","groups.[].encounters.[].battles.[].stages.[].waveModel.waves.[].monsterGroups.[].orderedEnemies.[].hp.eliteRatio","neutral","198","864","string","src/lib/domain/endgame-view.ts;src/lib/domain/endgame.ts;scripts/data/debug-pf-hp.ts;scripts/data/endgame.ts;scripts/data/enemy-detail.ts;scripts/data/enemy-stats.ts;scripts/data/pure-fiction-hp.ts;scripts/data/validate.ts;... 10 candidate files"
"src/lib/generated/endgame/aa.json","groups.[].encounters.[].battles.[].stages.[].waveModel.waves.[].monsterGroups.[].orderedEnemies.[].hp.baseEncounterMaxHpPerBar","neutral","198","3123","string","src/lib/domain/endgame-view.ts;src/lib/domain/endgame.ts;scripts/data/debug-pf-hp.ts;scripts/data/endgame.ts;scripts/data/pure-fiction-hp.ts;scripts/data/validate.ts;tests/unit/endgame-view.test.ts;tests/unit/endgame.test.ts"
"src/lib/generated/endgame/aa.json","groups.[].encounters.[].battles.[].stages.[].waveModel.waves.[].monsterGroups.[].orderedEnemies.[].hp.final.status","neutral","198","1980","string","src/lib/components/endgame/EndgameSeasonHero.svelte;src/lib/components/enemy/EnemyStatsPanel.svelte;src/lib/components/Navigator.svelte;src/lib/domain/endgame-view.ts;src/lib/domain/endgame.ts;src/lib/domain/types.ts;src/lib/search/endgame.ts;src/routes/+error.svelte;... 29 candidate files"
"src/lib/generated/endgame/aa.json","groups.[].encounters.[].battles.[].stages.[].waveModel.waves.[].monsterGroups.[].orderedEnemies.[].hp.final.maxHpPerBar","neutral","198","3123","string","src/lib/domain/endgame-view.ts;src/lib/domain/endgame.ts;scripts/data/debug-pf-hp.ts;scripts/data/endgame.ts;scripts/data/pure-fiction-hp.ts;scripts/data/validate.ts;tests/unit/endgame-view.test.ts;tests/unit/endgame.test.ts"
"src/lib/generated/endgame/aa.json","groups.[].encounters.[].battles.[].stages.[].waveModel.waves.[].monsterGroups.[].orderedEnemies.[].hp.final.source","neutral","198","3168","string","src/lib/components/DetailArtwork.svelte;src/lib/components/DetailPage.svelte;src/lib/components/endgame/as/AsBossDossier.svelte;src/lib/components/enemy/EnemyDetailPage.svelte;src/lib/components/relic/RelicDetailPage.svelte;src/lib/components/relic/RelicIcon.svelte;src/lib/components/SemanticIconLabel.svelte;src/lib/content/changelog/index.ts;... 46 candidate files"
"src/lib/generated/endgame/aa.json","groups.[].encounters.[].battles.[].stages.[].waveModel.waves.[].monsterGroups.[].orderedEnemies.[].hp.final.rounding","neutral","198","3366","string","src/lib/domain/endgame.ts;scripts/data/debug-pf-hp.ts;scripts/data/endgame.ts;scripts/data/pure-fiction-hp.ts;scripts/data/validate.ts;tests/unit/endgame-view.test.ts;tests/unit/endgame.test.ts"
"src/lib/generated/endgame/aa.json","groups.[].encounters.[].battles.[].stages.[].waveModel.waves.[].monsterGroups.[].orderedEnemies.[].hp.eliteGroupId","neutral","198","590","number","src/lib/domain/endgame-view.ts;src/lib/domain/endgame.ts;scripts/data/endgame.ts;tests/unit/endgame-view.test.ts"
"src/lib/generated/endgame/aa.json","groups.[].encounters.[].battles.[].stages.[].waveModel.waves.[].monsterGroups.[].orderedEnemies.[].hp.eliteGroupTable","neutral","198","2934","string","src/lib/domain/endgame-view.ts;src/lib/domain/endgame.ts;scripts/data/endgame.ts;tests/unit/endgame-view.test.ts"
"src/lib/generated/endgame/aa.json","groups.[].encounters.[].battles.[].stages.[].waveModel.waves.[].monsterGroups.[].orderedEnemies.[].hp.eliteContextSource","neutral","198","2574","string","src/lib/domain/endgame-view.ts;src/lib/domain/endgame.ts;scripts/data/endgame.ts;tests/unit/endgame-view.test.ts"
"src/lib/generated/endgame/aa.json","groups.[].encounters.[].battles.[].stages.[].waveModel.waves.[].monsterGroups.[].orderedEnemies.[].hp.eliteContextConfidence","neutral","198","1980","string","src/lib/domain/endgame-view.ts;src/lib/domain/endgame.ts;scripts/data/endgame.ts;tests/unit/endgame-view.test.ts"
"src/lib/generated/endgame/aa.json","groups.[].encounters.[].battles.[].stages.[].waveModel.waves.[].monsterGroups.[].orderedEnemies.[].speed.status","neutral","198","1983","string","src/lib/components/endgame/EndgameSeasonHero.svelte;src/lib/components/enemy/EnemyStatsPanel.svelte;src/lib/components/Navigator.svelte;src/lib/domain/endgame-view.ts;src/lib/domain/endgame.ts;src/lib/domain/types.ts;src/lib/search/endgame.ts;src/routes/+error.svelte;... 29 candidate files"
"src/lib/generated/endgame/aa.json","groups.[].encounters.[].battles.[].stages.[].waveModel.waves.[].monsterGroups.[].orderedEnemies.[].speed.base","neutral","197","970","string","src/lib/components/BaseStatsPanel.svelte;src/lib/components/DetailPage.svelte;src/lib/domain/endgame.ts;src/lib/domain/stats.ts;src/lib/domain/types.ts;src/lib/search/name-metadata.ts;scripts/data/character-names.ts;scripts/data/endgame.ts;... 22 candidate files"
"src/lib/generated/endgame/aa.json","groups.[].encounters.[].battles.[].stages.[].waveModel.waves.[].monsterGroups.[].orderedEnemies.[].speed.instanceRatio","neutral","197","591","string","src/lib/domain/endgame-view.ts;src/lib/domain/endgame.ts;scripts/data/debug-pf-hp.ts;scripts/data/endgame.ts;scripts/data/enemy-detail.ts;scripts/data/enemy-stats.ts;scripts/data/pure-fiction-hp.ts;scripts/data/validate.ts;... 10 candidate files"
"src/lib/generated/endgame/aa.json","groups.[].encounters.[].battles.[].stages.[].waveModel.waves.[].monsterGroups.[].orderedEnemies.[].speed.instanceValue","neutral","197","595","string","src/lib/domain/endgame.ts;scripts/data/endgame.ts;scripts/data/enemy-detail.ts;scripts/data/enemy-stats.ts;scripts/data/validate.ts;tests/unit/endgame-view.test.ts"
"src/lib/generated/endgame/aa.json","groups.[].encounters.[].battles.[].stages.[].waveModel.waves.[].monsterGroups.[].orderedEnemies.[].speed.levelRatio","neutral","197","1151","string","src/lib/domain/endgame-view.ts;src/lib/domain/endgame.ts;scripts/data/debug-pf-hp.ts;scripts/data/endgame.ts;scripts/data/enemy-detail.ts;scripts/data/enemy-stats.ts;scripts/data/pure-fiction-hp.ts;scripts/data/validate.ts;... 10 candidate files"
"src/lib/generated/endgame/aa.json","groups.[].encounters.[].battles.[].stages.[].waveModel.waves.[].monsterGroups.[].orderedEnemies.[].speed.eliteRatio","neutral","197","591","string","src/lib/domain/endgame-view.ts;src/lib/domain/endgame.ts;scripts/data/debug-pf-hp.ts;scripts/data/endgame.ts;scripts/data/enemy-detail.ts;scripts/data/enemy-stats.ts;scripts/data/pure-fiction-hp.ts;scripts/data/validate.ts;... 10 candidate files"
"src/lib/generated/endgame/aa.json","groups.[].encounters.[].battles.[].stages.[].waveModel.waves.[].monsterGroups.[].orderedEnemies.[].speed.configuredValue","neutral","197","1544","string","src/lib/domain/endgame-view.ts;src/lib/domain/endgame.ts;scripts/data/enemy-detail.ts;scripts/data/enemy-stats.ts;scripts/data/validate.ts;tests/unit/endgame-view.test.ts;tests/unit/endgame.test.ts"
"src/lib/generated/endgame/aa.json","groups.[].encounters.[].battles.[].stages.[].waveModel.waves.[].monsterGroups.[].orderedEnemies.[].toughness.internalStance.status","neutral","198","1989","string","src/lib/components/endgame/EndgameSeasonHero.svelte;src/lib/components/enemy/EnemyStatsPanel.svelte;src/lib/components/Navigator.svelte;src/lib/domain/endgame-view.ts;src/lib/domain/endgame.ts;src/lib/domain/types.ts;src/lib/search/endgame.ts;src/routes/+error.svelte;... 29 candidate files"
"src/lib/generated/endgame/aa.json","groups.[].encounters.[].battles.[].stages.[].waveModel.waves.[].monsterGroups.[].orderedEnemies.[].toughness.internalStance.baseInternal","neutral","195","920","string","src/lib/domain/endgame.ts;scripts/data/enemy-stats.ts;scripts/data/validate.ts;tests/unit/endgame-view.test.ts;tests/unit/endgame.test.ts"
"src/lib/generated/endgame/aa.json","groups.[].encounters.[].battles.[].stages.[].waveModel.waves.[].monsterGroups.[].orderedEnemies.[].toughness.internalStance.instanceRatio","neutral","195","585","string","src/lib/domain/endgame-view.ts;src/lib/domain/endgame.ts;scripts/data/debug-pf-hp.ts;scripts/data/endgame.ts;scripts/data/enemy-detail.ts;scripts/data/enemy-stats.ts;scripts/data/pure-fiction-hp.ts;scripts/data/validate.ts;... 10 candidate files"
"src/lib/generated/endgame/aa.json","groups.[].encounters.[].battles.[].stages.[].waveModel.waves.[].monsterGroups.[].orderedEnemies.[].toughness.internalStance.instanceValueInternal","neutral","195","595","string","src/lib/domain/endgame.ts;scripts/data/enemy-stats.ts;scripts/data/validate.ts;tests/unit/endgame-view.test.ts;tests/unit/endgame.test.ts"
"src/lib/generated/endgame/aa.json","groups.[].encounters.[].battles.[].stages.[].waveModel.waves.[].monsterGroups.[].orderedEnemies.[].toughness.internalStance.hardLevelRatio","neutral","195","585","string","src/lib/domain/endgame.ts;scripts/data/enemy-stats.ts;scripts/data/validate.ts;tests/unit/endgame-view.test.ts;tests/unit/endgame.test.ts"
"src/lib/generated/endgame/aa.json","groups.[].encounters.[].battles.[].stages.[].waveModel.waves.[].monsterGroups.[].orderedEnemies.[].toughness.internalStance.eliteRatio","neutral","195","585","string","src/lib/domain/endgame-view.ts;src/lib/domain/endgame.ts;scripts/data/debug-pf-hp.ts;scripts/data/endgame.ts;scripts/data/enemy-detail.ts;scripts/data/enemy-stats.ts;scripts/data/pure-fiction-hp.ts;scripts/data/validate.ts;... 10 candidate files"
"src/lib/generated/endgame/aa.json","groups.[].encounters.[].battles.[].stages.[].waveModel.waves.[].monsterGroups.[].orderedEnemies.[].toughness.internalStance.resolvedInternal","neutral","195","922","string","src/lib/domain/endgame.ts;scripts/data/endgame.ts;scripts/data/enemy-stats.ts;scripts/data/validate.ts;tests/unit/endgame-view.test.ts;tests/unit/endgame.test.ts"
"src/lib/generated/endgame/aa.json","groups.[].encounters.[].battles.[].stages.[].waveModel.waves.[].monsterGroups.[].orderedEnemies.[].toughness.display.status","neutral","198","1989","string","src/lib/components/endgame/EndgameSeasonHero.svelte;src/lib/components/enemy/EnemyStatsPanel.svelte;src/lib/components/Navigator.svelte;src/lib/domain/endgame-view.ts;src/lib/domain/endgame.ts;src/lib/domain/types.ts;src/lib/search/endgame.ts;src/routes/+error.svelte;... 29 candidate files"
"src/lib/generated/endgame/aa.json","groups.[].encounters.[].battles.[].stages.[].waveModel.waves.[].monsterGroups.[].orderedEnemies.[].toughness.display.perBar","neutral","195","905","string","src/lib/domain/endgame-view.ts;src/lib/domain/endgame.ts;scripts/data/endgame.ts;scripts/data/validate.ts;tests/unit/endgame-view.test.ts;tests/unit/endgame.test.ts"
"src/lib/generated/endgame/aa.json","groups.[].encounters.[].battles.[].stages.[].waveModel.waves.[].monsterGroups.[].orderedEnemies.[].toughness.barCount","neutral","196","196","number","src/lib/components/endgame/EndgameEnemyCard.svelte;src/lib/domain/endgame-view.ts;src/lib/domain/endgame.ts;scripts/data/endgame.ts;scripts/data/validate.ts;tests/unit/endgame-view.test.ts;tests/unit/endgame.test.ts"
"src/lib/generated/endgame/aa.json","groups.[].encounters.[].battles.[].stages.[].waveModel.waves.[].monsterGroups.[].orderedEnemies.[].toughness.runtimeStatus","neutral","198","1890","string","src/lib/domain/endgame.ts;scripts/data/endgame.ts;tests/unit/endgame-view.test.ts;tests/unit/endgame.test.ts"
"src/lib/generated/endgame/aa.json","groups.[].encounters.[].battles.[].stages.[].waveModel.waves.[].monsterGroups.[].orderedEnemies.[].mechanics.sharedHp","neutral","198","983","boolean","src/lib/domain/endgame-view.ts;src/lib/domain/endgame.ts;scripts/data/endgame.ts;tests/unit/endgame-view.test.ts;tests/unit/endgame.test.ts"
"src/lib/generated/endgame/aa.json","groups.[].encounters.[].battles.[].stages.[].waveModel.waves.[].monsterGroups.[].orderedEnemies.[].mechanics.restoresHp","neutral","198","985","boolean","src/lib/domain/endgame-view.ts;src/lib/domain/endgame.ts;scripts/data/endgame.ts;tests/unit/endgame-view.test.ts;tests/unit/endgame.test.ts"
"src/lib/generated/endgame/aa.json","groups.[].encounters.[].battles.[].stages.[].waveModel.waves.[].monsterGroups.[].orderedEnemies.[].mechanics.locksHp","neutral","198","964","boolean","src/lib/domain/endgame-view.ts;src/lib/domain/endgame.ts;scripts/data/endgame.ts;tests/unit/endgame-view.test.ts"
"src/lib/generated/endgame/aa.json","groups.[].encounters.[].battles.[].stages.[].waveModel.waves.[].monsterGroups.[].orderedEnemies.[].mechanics.manipulatesHp","neutral","198","958","boolean","src/lib/domain/endgame-view.ts;src/lib/domain/endgame.ts;scripts/data/endgame.ts;tests/unit/endgame-view.test.ts"
"src/lib/generated/endgame/aa.json","groups.[].encounters.[].battles.[].stages.[].waveModel.waves.[].monsterGroups.[].orderedEnemies.[].mechanics.characterConfig","neutral","198","12960","string","src/lib/domain/endgame.ts;scripts/data/endgame.ts"
"src/lib/generated/endgame/aa.json","groups.[].encounters.[].battles.[].stages.[].waveModel.waves.[].monsterGroups.[].orderedEnemies.[].mechanics.abilityConfig","neutral","189","12169","string","src/lib/domain/endgame.ts;scripts/data/endgame.ts"
"src/lib/generated/endgame/aa.json","groups.[].encounters.[].battles.[].stages.[].waveModel.waves.[].monsterGroups.[].orderedEnemies.[].mechanics.abilityReferences.[]","neutral","3601","141833","string","src/lib/domain/endgame.ts;scripts/data/endgame.ts;tests/unit/endgame-view.test.ts"
"src/lib/generated/endgame/aa.json","groups.[].encounters.[].battles.[].stages.[].waveModel.waves.[].monsterGroups.[].orderedEnemies.[].mechanics.effectiveTotalHp","neutral","127","1946","string","src/lib/domain/endgame.ts;scripts/data/endgame.ts;tests/unit/endgame.test.ts"
"src/lib/generated/endgame/aa.json","groups.[].encounters.[].battles.[].stages.[].waveModel.waves.[].monsterGroups.[].orderedEnemies.[].mechanics.effectiveTotalHpStatus","neutral","198","2223","string","src/lib/domain/endgame-view.ts;src/lib/domain/endgame.ts;scripts/data/endgame.ts;tests/unit/endgame-view.test.ts;tests/unit/endgame.test.ts"
"src/lib/generated/endgame/aa.json","groups.[].encounters.[].battles.[].stages.[].waveModel.waves.[].maxMonsterCount","neutral","82","86","number","src/lib/domain/endgame.ts;scripts/data/endgame.ts"
"src/lib/generated/endgame/aa.json","groups.[].encounters.[].battles.[].stages.[].waveModel.waves.[].maxTeammateCount","neutral","82","82","number","src/lib/domain/endgame.ts;scripts/data/endgame.ts"
"src/lib/generated/endgame/aa.json","groups.[].encounters.[].battles.[].stages.[].waveModel.waves.[].clearPreviousAbility","neutral","82","328","boolean","src/lib/domain/endgame.ts;scripts/data/endgame.ts"
"src/lib/generated/endgame/aa.json","groups.[].encounters.[].battles.[].stages.[].waveModel.waves.[].monsterGroups.[].orderedEnemies.[].speed.reason","neutral","1","14","string","src/lib/domain/endgame-view.ts;src/lib/domain/endgame.ts;src/lib/domain/types.ts;scripts/assets/enemies/ensure.ts;scripts/assets/enemies/shared.ts;scripts/assets/enemies/sync.ts;scripts/data/debug-pf-hp.ts;scripts/data/endgame.ts;... 18 candidate files"
"src/lib/generated/endgame/aa.json","groups.[].encounters.[].battles.[].stages.[].waveModel.waves.[].monsterGroups.[].orderedEnemies.[].toughness.internalStance.reason","neutral","3","42","string","src/lib/domain/endgame-view.ts;src/lib/domain/endgame.ts;src/lib/domain/types.ts;scripts/assets/enemies/ensure.ts;scripts/assets/enemies/shared.ts;scripts/assets/enemies/sync.ts;scripts/data/debug-pf-hp.ts;scripts/data/endgame.ts;... 18 candidate files"
"src/lib/generated/endgame/aa.json","groups.[].encounters.[].battles.[].stages.[].waveModel.waves.[].monsterGroups.[].orderedEnemies.[].toughness.display.reason","neutral","3","42","string","src/lib/domain/endgame-view.ts;src/lib/domain/endgame.ts;src/lib/domain/types.ts;scripts/assets/enemies/ensure.ts;scripts/assets/enemies/shared.ts;scripts/assets/enemies/sync.ts;scripts/data/debug-pf-hp.ts;scripts/data/endgame.ts;... 18 candidate files"
"src/lib/generated/endgame/aa.json","groups.[].encounters.[].battles.[].stages.[].waveModel.waves.[].monsterGroups.[].orderedEnemies.[].mechanics.phaseCount","neutral","32","32","number","src/lib/components/endgame/HpDisplay.svelte;src/lib/domain/endgame-view.ts;src/lib/domain/endgame.ts;scripts/data/endgame.ts;tests/unit/endgame.test.ts"
"src/lib/generated/endgame/aa.json","groups.[].encounters.[].battles.[].stages.[].waveModel.waves.[].monsterGroups.[].orderedEnemies.[].mechanics.summons.[]","neutral","125","957","number","src/lib/components/enemy/EnemyDetailPage.svelte;src/lib/domain/endgame-view.ts;src/lib/domain/endgame.ts;src/lib/domain/enemy-view.ts;src/lib/domain/types.ts;src/lib/server/enemies.ts;scripts/data/endgame.ts;scripts/data/sync.ts;... 11 candidate files"
"src/lib/generated/endgame/aa.json","groups.[].encounters.[].traits.[].buff.id","neutral","77","539","number","src/lib/components/BaseStatsPanel.svelte;src/lib/components/ChangelogModal.svelte;src/lib/components/CharacterCatalogPage.svelte;src/lib/components/CharacterOverviewCard.svelte;src/lib/components/DetailPage.svelte;src/lib/components/EffectExplanationSection.svelte;src/lib/components/EidolonCard.svelte;src/lib/components/endgame/as/ApocalypticShadowNodeSection.svelte;... 117 candidate files"
"src/lib/generated/endgame/aa.json","groups.[].encounters.[].traits.[].buff.name","localized","77","650","string","src/lib/components/CharacterCatalogPage.svelte;src/lib/components/CharacterOverviewCard.svelte;src/lib/components/CompactEntityCard.svelte;src/lib/components/DetailPage.svelte;src/lib/components/EffectExplanationSection.svelte;src/lib/components/EidolonCard.svelte;src/lib/components/endgame/EndgameEnemyCard.svelte;src/lib/components/endgame/EndgameOverviewCard.svelte;... 110 candidate files"
"src/lib/generated/endgame/aa.json","groups.[].encounters.[].traits.[].buff.nameHash","neutral","77","1657","string","src/lib/domain/endgame.ts;scripts/data/as-boss-guides.ts;scripts/data/maze-buffs.ts;tests/unit/endgame.test.ts"
"src/lib/generated/endgame/aa.json","groups.[].encounters.[].traits.[].buff.description","localized","77","18578","string","src/lib/components/CharacterCatalogPage.svelte;src/lib/components/DetailPage.svelte;src/lib/components/EffectExplanationSection.svelte;src/lib/components/EidolonCard.svelte;src/lib/components/endgame/mechanics/BuffOptionTile.svelte;src/lib/components/endgame/mechanics/MechanicEntry.svelte;src/lib/components/endgame/mechanics/MechanicSectionCard.svelte;src/lib/components/endgame/modes/AnomalyArbitrationDetailContent.svelte;... 47 candidate files"
"src/lib/generated/endgame/aa.json","groups.[].encounters.[].traits.[].buff.descriptionHash","neutral","77","1625","string","src/lib/domain/endgame.ts;scripts/data/as-boss-guides.ts;scripts/data/maze-buffs.ts;tests/unit/endgame.test.ts"
"src/lib/generated/endgame/aa.json","groups.[].encounters.[].traits.[].buff.params.[]","neutral","151","735","string","src/lib/components/CharacterCatalogPage.svelte;src/lib/components/DetailPage.svelte;src/lib/components/EnemyCatalogPage.svelte;src/lib/components/LightConeCatalogPage.svelte;src/lib/components/RelicCatalogPage.svelte;src/lib/domain/character-filters.ts;src/lib/domain/endgame.ts;src/lib/domain/enemy-overview.ts;... 27 candidate files"
"src/lib/generated/endgame/aa.json","groups.[].encounters.[].traits.[].buff.upstreamIconPath","neutral","77","6157","string","src/lib/domain/endgame.ts;scripts/data/maze-buffs.ts;tests/unit/endgame.test.ts"
"src/lib/generated/endgame/aa.json","groups.[].encounters.[].traits.[].buff.bindingKey","neutral","77","3022","string","src/lib/domain/endgame.ts;scripts/data/endgame.ts;scripts/data/maze-buffs.ts;tests/unit/endgame.test.ts"
"src/lib/generated/endgame/aa.json","groups.[].encounters.[].traits.[].provenance.table","neutral","77","1701","string","src/lib/components/enemy/EnemyDetailPage.svelte;src/lib/domain/endgame.ts;src/lib/search/name-metadata.ts;scripts/data/as-boss-guides.ts;scripts/data/character-names.ts;scripts/data/endgame.ts;scripts/data/maze-buffs.ts;tests/e2e/enemy-detail.spec.ts;... 11 candidate files"
"src/lib/generated/endgame/aa.json","groups.[].encounters.[].traits.[].provenance.ownerId","neutral","77","231","number","src/lib/domain/endgame.ts;src/lib/domain/trace-groups.ts;scripts/data/as-boss-guides.ts;scripts/data/endgame.ts;scripts/data/extra-effects.ts;scripts/data/sync.ts;tests/unit/endgame.test.ts"
"src/lib/generated/endgame/aa.json","groups.[].encounters.[].traits.[].provenance.field","neutral","77","777","string","src/lib/domain/endgame.ts;src/lib/search/name-metadata.ts;scripts/data/as-boss-guides.ts;scripts/data/character-names.ts;scripts/data/endgame.ts;scripts/data/extra-effects.ts;scripts/data/localization.ts;scripts/data/maze-buffs.ts;... 17 candidate files"
"src/lib/generated/endgame/aa.json","groups.[].encounters.[].traits.[].provenance.arrayIndex","neutral","77","77","number","src/lib/domain/endgame.ts;scripts/data/as-boss-guides.ts;scripts/data/endgame.ts;scripts/data/maze-buffs.ts;tests/unit/endgame.test.ts"
"src/lib/generated/endgame/aa.json","groups.[].encounters.[].judgmentQuadrantKey","neutral","18","306","string","src/lib/domain/endgame-view.ts;src/lib/domain/endgame.ts;src/routes/endgame/[mode=endgameMode]/[groupId]/+page.svelte;scripts/data/endgame.ts;scripts/data/validate.ts;tests/unit/endgame-view.test.ts;tests/unit/endgame.test.ts"
"src/lib/generated/endgame/aa.json","groups.[].judgmentQuadrant.key","neutral","9","153","string","src/lib/components/CharacterCatalogPage.svelte;src/lib/components/CharacterOverviewCard.svelte;src/lib/components/DetailPage.svelte;src/lib/components/endgame/as/AsBossDossier.svelte;src/lib/components/endgame/EndgameEnemyGrid.svelte;src/lib/components/endgame/EndgameWaveGroup.svelte;src/lib/components/endgame/EndgameWaveLayout.svelte;src/lib/components/endgame/mechanics/MechanicSectionCard.svelte;... 53 candidate files"
"src/lib/generated/endgame/aa.json","groups.[].judgmentQuadrant.bossConfigId","neutral","9","27","number","src/lib/domain/endgame.ts;scripts/data/endgame.ts"
"src/lib/generated/endgame/aa.json","groups.[].judgmentQuadrant.selectCount","neutral","9","9","number","src/lib/domain/endgame.ts;scripts/data/endgame.ts"
"src/lib/generated/endgame/aa.json","groups.[].judgmentQuadrant.options.[].order","neutral","27","27","number","src/lib/components/endgame/as/AsBossTraits.svelte;src/lib/components/endgame/mechanics/BuffOptionGroup.svelte;src/lib/components/SpecialEffectRelation.svelte;src/lib/domain/endgame-view.ts;src/lib/domain/endgame.ts;src/lib/domain/types.ts;src/lib/search/normalization.ts;src/lib/search/presentation.ts;... 23 candidate files"
"src/lib/generated/endgame/aa.json","groups.[].judgmentQuadrant.options.[].buff.id","neutral","27","189","number","src/lib/components/BaseStatsPanel.svelte;src/lib/components/ChangelogModal.svelte;src/lib/components/CharacterCatalogPage.svelte;src/lib/components/CharacterOverviewCard.svelte;src/lib/components/DetailPage.svelte;src/lib/components/EffectExplanationSection.svelte;src/lib/components/EidolonCard.svelte;src/lib/components/endgame/as/ApocalypticShadowNodeSection.svelte;... 117 candidate files"
"src/lib/generated/endgame/aa.json","groups.[].judgmentQuadrant.options.[].buff.name","localized","27","378","string","src/lib/components/CharacterCatalogPage.svelte;src/lib/components/CharacterOverviewCard.svelte;src/lib/components/CompactEntityCard.svelte;src/lib/components/DetailPage.svelte;src/lib/components/EffectExplanationSection.svelte;src/lib/components/EidolonCard.svelte;src/lib/components/endgame/EndgameEnemyCard.svelte;src/lib/components/endgame/EndgameOverviewCard.svelte;... 110 candidate files"
"src/lib/generated/endgame/aa.json","groups.[].judgmentQuadrant.options.[].buff.nameHash","neutral","27","580","string","src/lib/domain/endgame.ts;scripts/data/as-boss-guides.ts;scripts/data/maze-buffs.ts;tests/unit/endgame.test.ts"
"src/lib/generated/endgame/aa.json","groups.[].judgmentQuadrant.options.[].buff.description","localized","27","6025","string","src/lib/components/CharacterCatalogPage.svelte;src/lib/components/DetailPage.svelte;src/lib/components/EffectExplanationSection.svelte;src/lib/components/EidolonCard.svelte;src/lib/components/endgame/mechanics/BuffOptionTile.svelte;src/lib/components/endgame/mechanics/MechanicEntry.svelte;src/lib/components/endgame/mechanics/MechanicSectionCard.svelte;src/lib/components/endgame/modes/AnomalyArbitrationDetailContent.svelte;... 47 candidate files"
"src/lib/generated/endgame/aa.json","groups.[].judgmentQuadrant.options.[].buff.descriptionHash","neutral","27","577","string","src/lib/domain/endgame.ts;scripts/data/as-boss-guides.ts;scripts/data/maze-buffs.ts;tests/unit/endgame.test.ts"
"src/lib/generated/endgame/aa.json","groups.[].judgmentQuadrant.options.[].buff.params.[]","neutral","57","276","string","src/lib/components/CharacterCatalogPage.svelte;src/lib/components/DetailPage.svelte;src/lib/components/EnemyCatalogPage.svelte;src/lib/components/LightConeCatalogPage.svelte;src/lib/components/RelicCatalogPage.svelte;src/lib/domain/character-filters.ts;src/lib/domain/endgame.ts;src/lib/domain/enemy-overview.ts;... 27 candidate files"
"src/lib/generated/endgame/aa.json","groups.[].judgmentQuadrant.options.[].buff.upstreamIconPath","neutral","27","2360","string","src/lib/domain/endgame.ts;scripts/data/maze-buffs.ts;tests/unit/endgame.test.ts"
"src/lib/generated/endgame/aa.json","groups.[].judgmentQuadrant.options.[].buff.bindingKey","neutral","27","1242","string","src/lib/domain/endgame.ts;scripts/data/endgame.ts;scripts/data/maze-buffs.ts;tests/unit/endgame.test.ts"
"src/lib/generated/endgame/aa.json","groups.[].judgmentQuadrant.options.[].provenance.table","neutral","27","675","string","src/lib/components/enemy/EnemyDetailPage.svelte;src/lib/domain/endgame.ts;src/lib/search/name-metadata.ts;scripts/data/as-boss-guides.ts;scripts/data/character-names.ts;scripts/data/endgame.ts;scripts/data/maze-buffs.ts;tests/e2e/enemy-detail.spec.ts;... 11 candidate files"
"src/lib/generated/endgame/aa.json","groups.[].judgmentQuadrant.options.[].provenance.ownerId","neutral","27","81","number","src/lib/domain/endgame.ts;src/lib/domain/trace-groups.ts;scripts/data/as-boss-guides.ts;scripts/data/endgame.ts;scripts/data/extra-effects.ts;scripts/data/sync.ts;tests/unit/endgame.test.ts"
"src/lib/generated/endgame/aa.json","groups.[].judgmentQuadrant.options.[].provenance.field","neutral","27","270","string","src/lib/domain/endgame.ts;src/lib/search/name-metadata.ts;scripts/data/as-boss-guides.ts;scripts/data/character-names.ts;scripts/data/endgame.ts;scripts/data/extra-effects.ts;scripts/data/localization.ts;scripts/data/maze-buffs.ts;... 17 candidate files"
"src/lib/generated/endgame/aa.json","groups.[].judgmentQuadrant.options.[].provenance.arrayIndex","neutral","27","27","number","src/lib/domain/endgame.ts;scripts/data/as-boss-guides.ts;scripts/data/endgame.ts;scripts/data/maze-buffs.ts;tests/unit/endgame.test.ts"
"src/lib/generated/endgame/aa.json","groups.[].judgmentQuadrant.provenance.table","neutral","9","225","string","src/lib/components/enemy/EnemyDetailPage.svelte;src/lib/domain/endgame.ts;src/lib/search/name-metadata.ts;scripts/data/as-boss-guides.ts;scripts/data/character-names.ts;scripts/data/endgame.ts;scripts/data/maze-buffs.ts;tests/e2e/enemy-detail.spec.ts;... 11 candidate files"
"src/lib/generated/endgame/aa.json","groups.[].judgmentQuadrant.provenance.ownerId","neutral","9","27","number","src/lib/domain/endgame.ts;src/lib/domain/trace-groups.ts;scripts/data/as-boss-guides.ts;scripts/data/endgame.ts;scripts/data/extra-effects.ts;scripts/data/sync.ts;tests/unit/endgame.test.ts"
"src/lib/generated/endgame/aa.json","groups.[].judgmentQuadrant.provenance.field","neutral","9","90","string","src/lib/domain/endgame.ts;src/lib/search/name-metadata.ts;scripts/data/as-boss-guides.ts;scripts/data/character-names.ts;scripts/data/endgame.ts;scripts/data/extra-effects.ts;scripts/data/localization.ts;scripts/data/maze-buffs.ts;... 17 candidate files"
"src/lib/generated/endgame/as.json","schemaVersion","neutral","1","2","number","src/lib/domain/endgame.ts;src/lib/domain/search-index.ts;src/lib/domain/types.ts;src/lib/domain/visual-assets.ts;src/lib/search/documents.ts;src/lib/search/endgame.ts;src/lib/search/name-metadata.ts;src/lib/search/search.ts;... 36 candidate files"
"src/lib/generated/endgame/as.json","mode","neutral","1","4","string","src/lib/components/endgame/EndgameModeIcon.svelte;src/lib/components/endgame/EndgameModeNav.svelte;src/lib/components/endgame/EndgameOverviewCard.svelte;src/lib/components/endgame/EndgameOverviewHeroArtwork.svelte;src/lib/components/endgame/EndgameSeasonCard.svelte;src/lib/domain/endgame-view.ts;src/lib/domain/endgame.ts;src/lib/domain/search-index.ts;... 33 candidate files"
"src/lib/generated/endgame/as.json","groups.[].mode","neutral","20","80","string","src/lib/components/endgame/EndgameModeIcon.svelte;src/lib/components/endgame/EndgameModeNav.svelte;src/lib/components/endgame/EndgameOverviewCard.svelte;src/lib/components/endgame/EndgameOverviewHeroArtwork.svelte;src/lib/components/endgame/EndgameSeasonCard.svelte;src/lib/domain/endgame-view.ts;src/lib/domain/endgame.ts;src/lib/domain/search-index.ts;... 33 candidate files"
"src/lib/generated/endgame/as.json","groups.[].groupId","neutral","20","80","number","src/lib/components/endgame/EndgameOverviewCard.svelte;src/lib/components/endgame/EndgameSeasonCard.svelte;src/lib/components/endgame/EndgameSeasonHero.svelte;src/lib/domain/endgame-view.ts;src/lib/domain/endgame.ts;src/lib/domain/search-index.ts;src/lib/search/endgame.ts;src/lib/server/endgame.ts;... 23 candidate files"
"src/lib/generated/endgame/as.json","groups.[].name","localized","20","280","string","src/lib/components/CharacterCatalogPage.svelte;src/lib/components/CharacterOverviewCard.svelte;src/lib/components/CompactEntityCard.svelte;src/lib/components/DetailPage.svelte;src/lib/components/EffectExplanationSection.svelte;src/lib/components/EidolonCard.svelte;src/lib/components/endgame/EndgameEnemyCard.svelte;src/lib/components/endgame/EndgameOverviewCard.svelte;... 110 candidate files"
"src/lib/generated/endgame/as.json","groups.[].schedule.begin","neutral","20","420","string","src/lib/domain/endgame-view.ts;src/lib/domain/endgame.ts;scripts/data/endgame.ts;tests/unit/endgame-view.test.ts"
"src/lib/generated/endgame/as.json","groups.[].schedule.end","neutral","20","420","string","src/lib/components/ChangelogModal.svelte;src/lib/components/EntityOverviewCard.svelte;src/lib/components/OverviewToolbar.svelte;src/lib/domain/endgame-view.ts;src/lib/domain/endgame.ts;scripts/data/endgame.ts;scripts/data/player-aliases.ts;tests/unit/endgame-view.test.ts;... 9 candidate files"
"src/lib/generated/endgame/as.json","groups.[].encounters.[].id","neutral","80","560","string","src/lib/components/BaseStatsPanel.svelte;src/lib/components/ChangelogModal.svelte;src/lib/components/CharacterCatalogPage.svelte;src/lib/components/CharacterOverviewCard.svelte;src/lib/components/DetailPage.svelte;src/lib/components/EffectExplanationSection.svelte;src/lib/components/EidolonCard.svelte;src/lib/components/endgame/as/ApocalypticShadowNodeSection.svelte;... 117 candidate files"
"src/lib/generated/endgame/as.json","groups.[].encounters.[].configId","neutral","80","400","number","src/lib/domain/endgame.ts;scripts/data/as-boss-guides.ts;scripts/data/endgame.ts;scripts/data/maze-buffs.ts;scripts/data/validate.ts;tests/unit/endgame.test.ts"
"src/lib/generated/endgame/as.json","groups.[].encounters.[].name","localized","80","3440","string","src/lib/components/CharacterCatalogPage.svelte;src/lib/components/CharacterOverviewCard.svelte;src/lib/components/CompactEntityCard.svelte;src/lib/components/DetailPage.svelte;src/lib/components/EffectExplanationSection.svelte;src/lib/components/EidolonCard.svelte;src/lib/components/endgame/EndgameEnemyCard.svelte;src/lib/components/endgame/EndgameOverviewCard.svelte;... 110 candidate files"
"src/lib/generated/endgame/as.json","groups.[].encounters.[].ordinal","neutral","80","80","number","src/lib/components/endgame/EndgameWaveGroup.svelte;src/lib/components/endgame/EndgameWaveLayout.svelte;src/lib/components/endgame/presentation.ts;src/lib/domain/endgame-navigation.ts;src/lib/domain/endgame-view.ts;src/lib/domain/endgame.ts;scripts/data/endgame.ts;tests/e2e/endgame.spec.ts;... 10 candidate files"
"src/lib/generated/endgame/as.json","groups.[].encounters.[].variant","neutral","80","560","string","src/lib/components/CharacterCatalogPage.svelte;src/lib/components/endgame/as/AsBossDossier.svelte;src/lib/components/endgame/EndgameEnemyCard.svelte;src/lib/components/endgame/EndgameEnemyGrid.svelte;src/lib/components/endgame/EndgameOverviewCard.svelte;src/lib/components/endgame/EndgameSeasonCard.svelte;src/lib/components/endgame/EndgameWaveGroup.svelte;src/lib/components/Navigator.svelte;... 32 candidate files"
"src/lib/generated/endgame/as.json","groups.[].encounters.[].battles.[].slot","neutral","163","163","number","src/lib/components/CharacterOverviewCard.svelte;src/lib/components/CompactEntityCard.svelte;src/lib/components/endgame/as/ApocalypticShadowNodeSection.svelte;src/lib/components/endgame/EndgameNodeHeading.svelte;src/lib/components/endgame/EndgameNodeSection.svelte;src/lib/components/endgame/mechanics/MechanicEntry.svelte;src/lib/components/endgame/modes/AnomalyArbitrationDetailContent.svelte;src/lib/components/endgame/modes/ApocalypticShadowDetailContent.svelte;... 44 candidate files"
"src/lib/generated/endgame/as.json","groups.[].encounters.[].battles.[].stages.[].eventId","neutral","163","978","number","src/lib/domain/endgame.ts;scripts/data/endgame.ts"
"src/lib/generated/endgame/as.json","groups.[].encounters.[].battles.[].stages.[].stageId","neutral","163","978","number","src/lib/domain/endgame-view.ts;src/lib/domain/endgame.ts;scripts/data/debug-pf-hp.ts;scripts/data/endgame.ts;scripts/data/validate.ts;tests/unit/endgame.test.ts"
"src/lib/generated/endgame/as.json","groups.[].encounters.[].battles.[].stages.[].level","neutral","163","326","number","src/lib/components/BaseStatsPanel.svelte;src/lib/components/DetailPage.svelte;src/lib/components/endgame/as/ApocalypticShadowNodeSection.svelte;src/lib/components/endgame/as/AsBossDossier.svelte;src/lib/components/endgame/as/AsBossTraits.svelte;src/lib/components/endgame/EndgameEnemyCard.svelte;src/lib/components/endgame/EndgameEnemyGrid.svelte;src/lib/components/endgame/EndgameNodeHeading.svelte;... 53 candidate files"
"src/lib/generated/endgame/as.json","groups.[].encounters.[].battles.[].stages.[].hardLevelGroup","neutral","163","163","number","src/lib/domain/endgame.ts;src/lib/domain/enemy-view.ts;src/lib/domain/types.ts;scripts/data/endgame.ts;scripts/data/sync.ts"
"src/lib/generated/endgame/as.json","groups.[].encounters.[].battles.[].stages.[].previewMonsterIds.[]","neutral","183","1647","number","src/lib/domain/endgame.ts;scripts/data/endgame.ts;scripts/data/validate.ts;tests/unit/endgame.test.ts"
"src/lib/generated/endgame/as.json","groups.[].encounters.[].battles.[].stages.[].waveModel.kind","neutral","163","1141","string","src/lib/components/BaseStatsPanel.svelte;src/lib/components/CharacterOverviewCard.svelte;src/lib/components/DescriptionText.svelte;src/lib/components/DetailPage.svelte;src/lib/components/endgame/EndgameEnemyCard.svelte;src/lib/components/endgame/mechanics/MechanicSectionCard.svelte;src/lib/components/endgame/modes/AnomalyArbitrationDetailContent.svelte;src/lib/components/endgame/modes/ApocalypticShadowMechanicsSection.svelte;... 54 candidate files"
"src/lib/generated/endgame/as.json","groups.[].encounters.[].battles.[].stages.[].waveModel.waves.[].wave","neutral","163","163","number","src/lib/components/endgame/as/AsBossDossier.svelte;src/lib/components/endgame/EndgameWaveGroup.svelte;src/lib/components/endgame/EndgameWaveLayout.svelte;src/lib/components/endgame/presentation.ts;src/lib/domain/endgame-view.ts;src/lib/domain/endgame.ts;src/lib/domain/search-index.ts;src/lib/server/endgame.ts;... 17 candidate files"
"src/lib/generated/endgame/as.json","groups.[].encounters.[].battles.[].stages.[].waveModel.waves.[].enemies.[].monsterId","neutral","183","1647","number","src/lib/components/endgame/EndgameEnemyCard.svelte;src/lib/components/enemy/EnemyDetailPage.svelte;src/lib/domain/endgame-view.ts;src/lib/domain/endgame.ts;src/lib/domain/enemy-view.ts;src/lib/domain/types.ts;src/lib/server/endgame.ts;scripts/data/as-boss-guides.ts;... 19 candidate files"
"src/lib/generated/endgame/as.json","groups.[].encounters.[].battles.[].stages.[].waveModel.waves.[].enemies.[].monsterTemplateId","neutral","183","1281","number","src/lib/components/endgame/EndgameEnemyCard.svelte;src/lib/components/enemy/EnemyDetailPage.svelte;src/lib/domain/endgame-view.ts;src/lib/domain/endgame.ts;src/lib/domain/enemy-view.ts;src/lib/domain/types.ts;src/lib/server/endgame.ts;src/lib/server/enemies.ts;... 20 candidate files"
"src/lib/generated/endgame/as.json","groups.[].encounters.[].battles.[].stages.[].waveModel.waves.[].enemies.[].name","localized","183","4458","string","src/lib/components/CharacterCatalogPage.svelte;src/lib/components/CharacterOverviewCard.svelte;src/lib/components/CompactEntityCard.svelte;src/lib/components/DetailPage.svelte;src/lib/components/EffectExplanationSection.svelte;src/lib/components/EidolonCard.svelte;src/lib/components/endgame/EndgameEnemyCard.svelte;src/lib/components/endgame/EndgameOverviewCard.svelte;... 110 candidate files"
"src/lib/generated/endgame/as.json","groups.[].encounters.[].battles.[].stages.[].waveModel.waves.[].enemies.[].hp.hpBase","neutral","183","1308","string","src/lib/domain/endgame-view.ts;src/lib/domain/endgame.ts;scripts/data/debug-pf-hp.ts;scripts/data/endgame.ts;scripts/data/pure-fiction-hp.ts;scripts/data/stats.ts;scripts/data/validate.ts;tests/unit/endgame-view.test.ts;... 9 candidate files"
"src/lib/generated/endgame/as.json","groups.[].encounters.[].battles.[].stages.[].waveModel.waves.[].enemies.[].hp.instanceRatio","neutral","183","563","string","src/lib/domain/endgame-view.ts;src/lib/domain/endgame.ts;scripts/data/debug-pf-hp.ts;scripts/data/endgame.ts;scripts/data/enemy-detail.ts;scripts/data/enemy-stats.ts;scripts/data/pure-fiction-hp.ts;scripts/data/validate.ts;... 10 candidate files"
"src/lib/generated/endgame/as.json","groups.[].encounters.[].battles.[].stages.[].waveModel.waves.[].enemies.[].hp.levelRatio","neutral","183","1968","string","src/lib/domain/endgame-view.ts;src/lib/domain/endgame.ts;scripts/data/debug-pf-hp.ts;scripts/data/endgame.ts;scripts/data/enemy-detail.ts;scripts/data/enemy-stats.ts;scripts/data/pure-fiction-hp.ts;scripts/data/validate.ts;... 10 candidate files"
"src/lib/generated/endgame/as.json","groups.[].encounters.[].battles.[].stages.[].waveModel.waves.[].enemies.[].hp.eliteRatio","neutral","183","930","string","src/lib/domain/endgame-view.ts;src/lib/domain/endgame.ts;scripts/data/debug-pf-hp.ts;scripts/data/endgame.ts;scripts/data/enemy-detail.ts;scripts/data/enemy-stats.ts;scripts/data/pure-fiction-hp.ts;scripts/data/validate.ts;... 10 candidate files"
"src/lib/generated/endgame/as.json","groups.[].encounters.[].battles.[].stages.[].waveModel.waves.[].enemies.[].hp.baseEncounterMaxHpPerBar","neutral","183","2986","string","src/lib/domain/endgame-view.ts;src/lib/domain/endgame.ts;scripts/data/debug-pf-hp.ts;scripts/data/endgame.ts;scripts/data/pure-fiction-hp.ts;scripts/data/validate.ts;tests/unit/endgame-view.test.ts;tests/unit/endgame.test.ts"
"src/lib/generated/endgame/as.json","groups.[].encounters.[].battles.[].stages.[].waveModel.waves.[].enemies.[].hp.final.status","neutral","183","1830","string","src/lib/components/endgame/EndgameSeasonHero.svelte;src/lib/components/enemy/EnemyStatsPanel.svelte;src/lib/components/Navigator.svelte;src/lib/domain/endgame-view.ts;src/lib/domain/endgame.ts;src/lib/domain/types.ts;src/lib/search/endgame.ts;src/routes/+error.svelte;... 29 candidate files"
"src/lib/generated/endgame/as.json","groups.[].encounters.[].battles.[].stages.[].waveModel.waves.[].enemies.[].hp.final.maxHpPerBar","neutral","183","2986","string","src/lib/domain/endgame-view.ts;src/lib/domain/endgame.ts;scripts/data/debug-pf-hp.ts;scripts/data/endgame.ts;scripts/data/pure-fiction-hp.ts;scripts/data/validate.ts;tests/unit/endgame-view.test.ts;tests/unit/endgame.test.ts"
"src/lib/generated/endgame/as.json","groups.[].encounters.[].battles.[].stages.[].waveModel.waves.[].enemies.[].hp.final.source","neutral","183","2928","string","src/lib/components/DetailArtwork.svelte;src/lib/components/DetailPage.svelte;src/lib/components/endgame/as/AsBossDossier.svelte;src/lib/components/enemy/EnemyDetailPage.svelte;src/lib/components/relic/RelicDetailPage.svelte;src/lib/components/relic/RelicIcon.svelte;src/lib/components/SemanticIconLabel.svelte;src/lib/content/changelog/index.ts;... 46 candidate files"
"src/lib/generated/endgame/as.json","groups.[].encounters.[].battles.[].stages.[].waveModel.waves.[].enemies.[].hp.final.rounding","neutral","183","3111","string","src/lib/domain/endgame.ts;scripts/data/debug-pf-hp.ts;scripts/data/endgame.ts;scripts/data/pure-fiction-hp.ts;scripts/data/validate.ts;tests/unit/endgame-view.test.ts;tests/unit/endgame.test.ts"
"src/lib/generated/endgame/as.json","groups.[].encounters.[].battles.[].stages.[].waveModel.waves.[].enemies.[].hp.eliteGroupId","neutral","183","523","number","src/lib/domain/endgame-view.ts;src/lib/domain/endgame.ts;scripts/data/endgame.ts;tests/unit/endgame-view.test.ts"
"src/lib/generated/endgame/as.json","groups.[].encounters.[].battles.[].stages.[].waveModel.waves.[].enemies.[].hp.eliteGroupTable","neutral","183","1281","string","src/lib/domain/endgame-view.ts;src/lib/domain/endgame.ts;scripts/data/endgame.ts;tests/unit/endgame-view.test.ts"
"src/lib/generated/endgame/as.json","groups.[].encounters.[].battles.[].stages.[].waveModel.waves.[].enemies.[].hp.eliteContextSource","neutral","183","1281","string","src/lib/domain/endgame-view.ts;src/lib/domain/endgame.ts;scripts/data/endgame.ts;tests/unit/endgame-view.test.ts"
"src/lib/generated/endgame/as.json","groups.[].encounters.[].battles.[].stages.[].waveModel.waves.[].enemies.[].hp.eliteContextConfidence","neutral","183","1830","string","src/lib/domain/endgame-view.ts;src/lib/domain/endgame.ts;scripts/data/endgame.ts;tests/unit/endgame-view.test.ts"
"src/lib/generated/endgame/as.json","groups.[].encounters.[].battles.[].stages.[].waveModel.waves.[].enemies.[].speed.status","neutral","183","1830","string","src/lib/components/endgame/EndgameSeasonHero.svelte;src/lib/components/enemy/EnemyStatsPanel.svelte;src/lib/components/Navigator.svelte;src/lib/domain/endgame-view.ts;src/lib/domain/endgame.ts;src/lib/domain/types.ts;src/lib/search/endgame.ts;src/routes/+error.svelte;... 29 candidate files"
"src/lib/generated/endgame/as.json","groups.[].encounters.[].battles.[].stages.[].waveModel.waves.[].enemies.[].speed.base","neutral","183","902","string","src/lib/components/BaseStatsPanel.svelte;src/lib/components/DetailPage.svelte;src/lib/domain/endgame.ts;src/lib/domain/stats.ts;src/lib/domain/types.ts;src/lib/search/name-metadata.ts;scripts/data/character-names.ts;scripts/data/endgame.ts;... 22 candidate files"
"src/lib/generated/endgame/as.json","groups.[].encounters.[].battles.[].stages.[].waveModel.waves.[].enemies.[].speed.instanceRatio","neutral","183","549","string","src/lib/domain/endgame-view.ts;src/lib/domain/endgame.ts;scripts/data/debug-pf-hp.ts;scripts/data/endgame.ts;scripts/data/enemy-detail.ts;scripts/data/enemy-stats.ts;scripts/data/pure-fiction-hp.ts;scripts/data/validate.ts;... 10 candidate files"
"src/lib/generated/endgame/as.json","groups.[].encounters.[].battles.[].stages.[].waveModel.waves.[].enemies.[].speed.instanceValue","neutral","183","553","string","src/lib/domain/endgame.ts;scripts/data/endgame.ts;scripts/data/enemy-detail.ts;scripts/data/enemy-stats.ts;scripts/data/validate.ts;tests/unit/endgame-view.test.ts"
"src/lib/generated/endgame/as.json","groups.[].encounters.[].battles.[].stages.[].waveModel.waves.[].enemies.[].speed.levelRatio","neutral","183","873","string","src/lib/domain/endgame-view.ts;src/lib/domain/endgame.ts;scripts/data/debug-pf-hp.ts;scripts/data/endgame.ts;scripts/data/enemy-detail.ts;scripts/data/enemy-stats.ts;scripts/data/pure-fiction-hp.ts;scripts/data/validate.ts;... 10 candidate files"
"src/lib/generated/endgame/as.json","groups.[].encounters.[].battles.[].stages.[].waveModel.waves.[].enemies.[].speed.eliteRatio","neutral","183","549","string","src/lib/domain/endgame-view.ts;src/lib/domain/endgame.ts;scripts/data/debug-pf-hp.ts;scripts/data/endgame.ts;scripts/data/enemy-detail.ts;scripts/data/enemy-stats.ts;scripts/data/pure-fiction-hp.ts;scripts/data/validate.ts;... 10 candidate files"
"src/lib/generated/endgame/as.json","groups.[].encounters.[].battles.[].stages.[].waveModel.waves.[].enemies.[].speed.configuredValue","neutral","183","1226","string","src/lib/domain/endgame-view.ts;src/lib/domain/endgame.ts;scripts/data/enemy-detail.ts;scripts/data/enemy-stats.ts;scripts/data/validate.ts;tests/unit/endgame-view.test.ts;tests/unit/endgame.test.ts"
"src/lib/generated/endgame/as.json","groups.[].encounters.[].battles.[].stages.[].waveModel.waves.[].enemies.[].toughness.internalStance.status","neutral","183","1830","string","src/lib/components/endgame/EndgameSeasonHero.svelte;src/lib/components/enemy/EnemyStatsPanel.svelte;src/lib/components/Navigator.svelte;src/lib/domain/endgame-view.ts;src/lib/domain/endgame.ts;src/lib/domain/types.ts;src/lib/search/endgame.ts;src/routes/+error.svelte;... 29 candidate files"
"src/lib/generated/endgame/as.json","groups.[].encounters.[].battles.[].stages.[].waveModel.waves.[].enemies.[].toughness.internalStance.baseInternal","neutral","183","961","string","src/lib/domain/endgame.ts;scripts/data/enemy-stats.ts;scripts/data/validate.ts;tests/unit/endgame-view.test.ts;tests/unit/endgame.test.ts"
"src/lib/generated/endgame/as.json","groups.[].encounters.[].battles.[].stages.[].waveModel.waves.[].enemies.[].toughness.internalStance.instanceRatio","neutral","183","549","string","src/lib/domain/endgame-view.ts;src/lib/domain/endgame.ts;scripts/data/debug-pf-hp.ts;scripts/data/endgame.ts;scripts/data/enemy-detail.ts;scripts/data/enemy-stats.ts;scripts/data/pure-fiction-hp.ts;scripts/data/validate.ts;... 10 candidate files"
"src/lib/generated/endgame/as.json","groups.[].encounters.[].battles.[].stages.[].waveModel.waves.[].enemies.[].toughness.internalStance.instanceValueInternal","neutral","183","702","string","src/lib/domain/endgame.ts;scripts/data/enemy-stats.ts;scripts/data/validate.ts;tests/unit/endgame-view.test.ts;tests/unit/endgame.test.ts"
"src/lib/generated/endgame/as.json","groups.[].encounters.[].battles.[].stages.[].waveModel.waves.[].enemies.[].toughness.internalStance.hardLevelRatio","neutral","183","549","string","src/lib/domain/endgame.ts;scripts/data/enemy-stats.ts;scripts/data/validate.ts;tests/unit/endgame-view.test.ts;tests/unit/endgame.test.ts"
"src/lib/generated/endgame/as.json","groups.[].encounters.[].battles.[].stages.[].waveModel.waves.[].enemies.[].toughness.internalStance.eliteRatio","neutral","183","552","string","src/lib/domain/endgame-view.ts;src/lib/domain/endgame.ts;scripts/data/debug-pf-hp.ts;scripts/data/endgame.ts;scripts/data/enemy-detail.ts;scripts/data/enemy-stats.ts;scripts/data/pure-fiction-hp.ts;scripts/data/validate.ts;... 10 candidate files"
"src/lib/generated/endgame/as.json","groups.[].encounters.[].battles.[].stages.[].waveModel.waves.[].enemies.[].toughness.internalStance.resolvedInternal","neutral","183","960","string","src/lib/domain/endgame.ts;scripts/data/endgame.ts;scripts/data/enemy-stats.ts;scripts/data/validate.ts;tests/unit/endgame-view.test.ts;tests/unit/endgame.test.ts"
"src/lib/generated/endgame/as.json","groups.[].encounters.[].battles.[].stages.[].waveModel.waves.[].enemies.[].toughness.display.status","neutral","183","1830","string","src/lib/components/endgame/EndgameSeasonHero.svelte;src/lib/components/enemy/EnemyStatsPanel.svelte;src/lib/components/Navigator.svelte;src/lib/domain/endgame-view.ts;src/lib/domain/endgame.ts;src/lib/domain/types.ts;src/lib/search/endgame.ts;src/routes/+error.svelte;... 29 candidate files"
"src/lib/generated/endgame/as.json","groups.[].encounters.[].battles.[].stages.[].waveModel.waves.[].enemies.[].toughness.display.perBar","neutral","183","899","string","src/lib/domain/endgame-view.ts;src/lib/domain/endgame.ts;scripts/data/endgame.ts;scripts/data/validate.ts;tests/unit/endgame-view.test.ts;tests/unit/endgame.test.ts"
"src/lib/generated/endgame/as.json","groups.[].encounters.[].battles.[].stages.[].waveModel.waves.[].enemies.[].toughness.barCount","neutral","183","187","number","src/lib/components/endgame/EndgameEnemyCard.svelte;src/lib/domain/endgame-view.ts;src/lib/domain/endgame.ts;scripts/data/endgame.ts;scripts/data/validate.ts;tests/unit/endgame-view.test.ts;tests/unit/endgame.test.ts"
"src/lib/generated/endgame/as.json","groups.[].encounters.[].battles.[].stages.[].waveModel.waves.[].enemies.[].toughness.runtimeStatus","neutral","183","2643","string","src/lib/domain/endgame.ts;scripts/data/endgame.ts;tests/unit/endgame-view.test.ts;tests/unit/endgame.test.ts"
"src/lib/generated/endgame/as.json","groups.[].encounters.[].battles.[].stages.[].waveModel.waves.[].enemies.[].mechanics.phaseCount","neutral","163","163","number","src/lib/components/endgame/HpDisplay.svelte;src/lib/domain/endgame-view.ts;src/lib/domain/endgame.ts;scripts/data/endgame.ts;tests/unit/endgame.test.ts"
"src/lib/generated/endgame/as.json","groups.[].encounters.[].battles.[].stages.[].waveModel.waves.[].enemies.[].mechanics.summons.[]","neutral","477","3995","number","src/lib/components/enemy/EnemyDetailPage.svelte;src/lib/domain/endgame-view.ts;src/lib/domain/endgame.ts;src/lib/domain/enemy-view.ts;src/lib/domain/types.ts;src/lib/server/enemies.ts;scripts/data/endgame.ts;scripts/data/sync.ts;... 11 candidate files"
"src/lib/generated/endgame/as.json","groups.[].encounters.[].battles.[].stages.[].waveModel.waves.[].enemies.[].mechanics.sharedHp","neutral","183","861","boolean","src/lib/domain/endgame-view.ts;src/lib/domain/endgame.ts;scripts/data/endgame.ts;tests/unit/endgame-view.test.ts;tests/unit/endgame.test.ts"
"src/lib/generated/endgame/as.json","groups.[].encounters.[].battles.[].stages.[].waveModel.waves.[].enemies.[].mechanics.restoresHp","neutral","183","882","boolean","src/lib/domain/endgame-view.ts;src/lib/domain/endgame.ts;scripts/data/endgame.ts;tests/unit/endgame-view.test.ts;tests/unit/endgame.test.ts"
"src/lib/generated/endgame/as.json","groups.[].encounters.[].battles.[].stages.[].waveModel.waves.[].enemies.[].mechanics.locksHp","neutral","183","879","boolean","src/lib/domain/endgame-view.ts;src/lib/domain/endgame.ts;scripts/data/endgame.ts;tests/unit/endgame-view.test.ts"
"src/lib/generated/endgame/as.json","groups.[].encounters.[].battles.[].stages.[].waveModel.waves.[].enemies.[].mechanics.manipulatesHp","neutral","183","837","boolean","src/lib/domain/endgame-view.ts;src/lib/domain/endgame.ts;scripts/data/endgame.ts;tests/unit/endgame-view.test.ts"
"src/lib/generated/endgame/as.json","groups.[].encounters.[].battles.[].stages.[].waveModel.waves.[].enemies.[].mechanics.characterConfig","neutral","183","12762","string","src/lib/domain/endgame.ts;scripts/data/endgame.ts"
"src/lib/generated/endgame/as.json","groups.[].encounters.[].battles.[].stages.[].waveModel.waves.[].enemies.[].mechanics.abilityConfig","neutral","147","10091","string","src/lib/domain/endgame.ts;scripts/data/endgame.ts"
"src/lib/generated/endgame/as.json","groups.[].encounters.[].battles.[].stages.[].waveModel.waves.[].enemies.[].mechanics.abilityReferences.[]","neutral","7724","318139","string","src/lib/domain/endgame.ts;scripts/data/endgame.ts;tests/unit/endgame-view.test.ts"
"src/lib/generated/endgame/as.json","groups.[].encounters.[].battles.[].stages.[].waveModel.waves.[].enemies.[].mechanics.effectiveTotalHpStatus","neutral","183","3111","string","src/lib/domain/endgame-view.ts;src/lib/domain/endgame.ts;scripts/data/endgame.ts;tests/unit/endgame-view.test.ts;tests/unit/endgame.test.ts"
"src/lib/generated/endgame/as.json","groups.[].encounters.[].aftertaste.buff.id","neutral","80","560","number","src/lib/components/BaseStatsPanel.svelte;src/lib/components/ChangelogModal.svelte;src/lib/components/CharacterCatalogPage.svelte;src/lib/components/CharacterOverviewCard.svelte;src/lib/components/DetailPage.svelte;src/lib/components/EffectExplanationSection.svelte;src/lib/components/EidolonCard.svelte;src/lib/components/endgame/as/ApocalypticShadowNodeSection.svelte;... 117 candidate files"
"src/lib/generated/endgame/as.json","groups.[].encounters.[].aftertaste.buff.name","localized","80","1120","string","src/lib/components/CharacterCatalogPage.svelte;src/lib/components/CharacterOverviewCard.svelte;src/lib/components/CompactEntityCard.svelte;src/lib/components/DetailPage.svelte;src/lib/components/EffectExplanationSection.svelte;src/lib/components/EidolonCard.svelte;src/lib/components/endgame/EndgameEnemyCard.svelte;src/lib/components/endgame/EndgameOverviewCard.svelte;... 110 candidate files"
"src/lib/generated/endgame/as.json","groups.[].encounters.[].aftertaste.buff.nameHash","neutral","80","1740","string","src/lib/domain/endgame.ts;scripts/data/as-boss-guides.ts;scripts/data/maze-buffs.ts;tests/unit/endgame.test.ts"
"src/lib/generated/endgame/as.json","groups.[].encounters.[].aftertaste.buff.description","localized","80","28056","string","src/lib/components/CharacterCatalogPage.svelte;src/lib/components/DetailPage.svelte;src/lib/components/EffectExplanationSection.svelte;src/lib/components/EidolonCard.svelte;src/lib/components/endgame/mechanics/BuffOptionTile.svelte;src/lib/components/endgame/mechanics/MechanicEntry.svelte;src/lib/components/endgame/mechanics/MechanicSectionCard.svelte;src/lib/components/endgame/modes/AnomalyArbitrationDetailContent.svelte;... 47 candidate files"
"src/lib/generated/endgame/as.json","groups.[].encounters.[].aftertaste.buff.descriptionHash","neutral","80","1688","string","src/lib/domain/endgame.ts;scripts/data/as-boss-guides.ts;scripts/data/maze-buffs.ts;tests/unit/endgame.test.ts"
"src/lib/generated/endgame/as.json","groups.[].encounters.[].aftertaste.buff.params.[]","neutral","164","928","string","src/lib/components/CharacterCatalogPage.svelte;src/lib/components/DetailPage.svelte;src/lib/components/EnemyCatalogPage.svelte;src/lib/components/LightConeCatalogPage.svelte;src/lib/components/RelicCatalogPage.svelte;src/lib/domain/character-filters.ts;src/lib/domain/endgame.ts;src/lib/domain/enemy-overview.ts;... 27 candidate files"
"src/lib/generated/endgame/as.json","groups.[].encounters.[].aftertaste.buff.upstreamIconPath","neutral","80","4000","string","src/lib/domain/endgame.ts;scripts/data/maze-buffs.ts;tests/unit/endgame.test.ts"
"src/lib/generated/endgame/as.json","groups.[].encounters.[].aftertaste.buff.bindingKey","neutral","80","3840","string","src/lib/domain/endgame.ts;scripts/data/endgame.ts;scripts/data/maze-buffs.ts;tests/unit/endgame.test.ts"
"src/lib/generated/endgame/as.json","groups.[].encounters.[].aftertaste.provenance.table","neutral","80","2000","string","src/lib/components/enemy/EnemyDetailPage.svelte;src/lib/domain/endgame.ts;src/lib/search/name-metadata.ts;scripts/data/as-boss-guides.ts;scripts/data/character-names.ts;scripts/data/endgame.ts;scripts/data/maze-buffs.ts;tests/e2e/enemy-detail.spec.ts;... 11 candidate files"
"src/lib/generated/endgame/as.json","groups.[].encounters.[].aftertaste.provenance.ownerId","neutral","80","400","number","src/lib/domain/endgame.ts;src/lib/domain/trace-groups.ts;scripts/data/as-boss-guides.ts;scripts/data/endgame.ts;scripts/data/extra-effects.ts;scripts/data/sync.ts;tests/unit/endgame.test.ts"
"src/lib/generated/endgame/as.json","groups.[].encounters.[].aftertaste.provenance.field","neutral","80","960","string","src/lib/domain/endgame.ts;src/lib/search/name-metadata.ts;scripts/data/as-boss-guides.ts;scripts/data/character-names.ts;scripts/data/endgame.ts;scripts/data/extra-effects.ts;scripts/data/localization.ts;scripts/data/maze-buffs.ts;... 17 candidate files"
"src/lib/generated/endgame/as.json","groups.[].encounters.[].aftertaste.groupReference.mazeBuffId","neutral","80","560","number","src/lib/domain/endgame.ts;scripts/data/endgame.ts;scripts/data/maze-buffs.ts;scripts/data/validate.ts;tests/unit/endgame.test.ts"
"src/lib/generated/endgame/as.json","groups.[].encounters.[].aftertaste.groupReference.provenance.table","neutral","80","2080","string","src/lib/components/enemy/EnemyDetailPage.svelte;src/lib/domain/endgame.ts;src/lib/search/name-metadata.ts;scripts/data/as-boss-guides.ts;scripts/data/character-names.ts;scripts/data/endgame.ts;scripts/data/maze-buffs.ts;tests/e2e/enemy-detail.spec.ts;... 11 candidate files"
"src/lib/generated/endgame/as.json","groups.[].encounters.[].aftertaste.groupReference.provenance.ownerId","neutral","80","320","number","src/lib/domain/endgame.ts;src/lib/domain/trace-groups.ts;scripts/data/as-boss-guides.ts;scripts/data/endgame.ts;scripts/data/extra-effects.ts;scripts/data/sync.ts;tests/unit/endgame.test.ts"
"src/lib/generated/endgame/as.json","groups.[].encounters.[].aftertaste.groupReference.provenance.field","neutral","80","960","string","src/lib/domain/endgame.ts;src/lib/search/name-metadata.ts;scripts/data/as-boss-guides.ts;scripts/data/character-names.ts;scripts/data/endgame.ts;scripts/data/extra-effects.ts;scripts/data/localization.ts;scripts/data/maze-buffs.ts;... 17 candidate files"
"src/lib/generated/endgame/as.json","groups.[].encounters.[].aftertaste.stageBindings.[].slot","neutral","163","163","number","src/lib/components/CharacterOverviewCard.svelte;src/lib/components/CompactEntityCard.svelte;src/lib/components/endgame/as/ApocalypticShadowNodeSection.svelte;src/lib/components/endgame/EndgameNodeHeading.svelte;src/lib/components/endgame/EndgameNodeSection.svelte;src/lib/components/endgame/mechanics/MechanicEntry.svelte;src/lib/components/endgame/modes/AnomalyArbitrationDetailContent.svelte;src/lib/components/endgame/modes/ApocalypticShadowDetailContent.svelte;... 44 candidate files"
"src/lib/generated/endgame/as.json","groups.[].encounters.[].aftertaste.stageBindings.[].eventId","neutral","163","978","number","src/lib/domain/endgame.ts;scripts/data/endgame.ts"
"src/lib/generated/endgame/as.json","groups.[].encounters.[].aftertaste.stageBindings.[].stageId","neutral","163","978","number","src/lib/domain/endgame-view.ts;src/lib/domain/endgame.ts;scripts/data/debug-pf-hp.ts;scripts/data/endgame.ts;scripts/data/validate.ts;tests/unit/endgame.test.ts"
"src/lib/generated/endgame/as.json","groups.[].encounters.[].aftertaste.stageBindings.[].mazeBuffId","neutral","163","1141","number","src/lib/domain/endgame.ts;scripts/data/endgame.ts;scripts/data/maze-buffs.ts;scripts/data/validate.ts;tests/unit/endgame.test.ts"
"src/lib/generated/endgame/as.json","groups.[].encounters.[].aftertaste.stageBindings.[].provenance.table","neutral","163","2119","string","src/lib/components/enemy/EnemyDetailPage.svelte;src/lib/domain/endgame.ts;src/lib/search/name-metadata.ts;scripts/data/as-boss-guides.ts;scripts/data/character-names.ts;scripts/data/endgame.ts;scripts/data/maze-buffs.ts;tests/e2e/enemy-detail.spec.ts;... 11 candidate files"
"src/lib/generated/endgame/as.json","groups.[].encounters.[].aftertaste.stageBindings.[].provenance.ownerId","neutral","163","978","number","src/lib/domain/endgame.ts;src/lib/domain/trace-groups.ts;scripts/data/as-boss-guides.ts;scripts/data/endgame.ts;scripts/data/extra-effects.ts;scripts/data/sync.ts;tests/unit/endgame.test.ts"
"src/lib/generated/endgame/as.json","groups.[].encounters.[].aftertaste.stageBindings.[].provenance.field","neutral","163","5542","string","src/lib/domain/endgame.ts;src/lib/search/name-metadata.ts;scripts/data/as-boss-guides.ts;scripts/data/character-names.ts;scripts/data/endgame.ts;scripts/data/extra-effects.ts;scripts/data/localization.ts;scripts/data/maze-buffs.ts;... 17 candidate files"
"src/lib/generated/endgame/as.json","groups.[].encounters.[].aftertaste.stageBindings.[].provenance.arrayIndex","neutral","163","163","number","src/lib/domain/endgame.ts;scripts/data/as-boss-guides.ts;scripts/data/endgame.ts;scripts/data/maze-buffs.ts;tests/unit/endgame.test.ts"
"src/lib/generated/endgame/as.json","groups.[].encounters.[].bossGuides.[].key","neutral","163","3423","string","src/lib/components/CharacterCatalogPage.svelte;src/lib/components/CharacterOverviewCard.svelte;src/lib/components/DetailPage.svelte;src/lib/components/endgame/as/AsBossDossier.svelte;src/lib/components/endgame/EndgameEnemyGrid.svelte;src/lib/components/endgame/EndgameWaveGroup.svelte;src/lib/components/endgame/EndgameWaveLayout.svelte;src/lib/components/endgame/mechanics/MechanicSectionCard.svelte;... 53 candidate files"
"src/lib/generated/endgame/as.json","groups.[].encounters.[].bossGuides.[].slot","neutral","163","163","number","src/lib/components/CharacterOverviewCard.svelte;src/lib/components/CompactEntityCard.svelte;src/lib/components/endgame/as/ApocalypticShadowNodeSection.svelte;src/lib/components/endgame/EndgameNodeHeading.svelte;src/lib/components/endgame/EndgameNodeSection.svelte;src/lib/components/endgame/mechanics/MechanicEntry.svelte;src/lib/components/endgame/modes/AnomalyArbitrationDetailContent.svelte;src/lib/components/endgame/modes/ApocalypticShadowDetailContent.svelte;... 44 candidate files"
"src/lib/generated/endgame/as.json","groups.[].encounters.[].bossGuides.[].guideMonsterId","neutral","163","1467","number","src/lib/domain/endgame.ts;scripts/data/as-boss-guides.ts;scripts/data/validate.ts;tests/unit/endgame.test.ts"
"src/lib/generated/endgame/as.json","groups.[].encounters.[].bossGuides.[].difficulty","neutral","163","163","number","src/lib/domain/endgame.ts;scripts/data/as-boss-guides.ts;scripts/data/endgame.ts;tests/unit/endgame.test.ts"
"src/lib/generated/endgame/as.json","groups.[].encounters.[].bossGuides.[].traits.[].tagId","neutral","446","2676","number","src/lib/domain/endgame-view.ts;src/lib/domain/endgame.ts;scripts/data/as-boss-guides.ts;scripts/data/validate.ts;tests/unit/endgame.test.ts"
"src/lib/generated/endgame/as.json","groups.[].encounters.[].bossGuides.[].traits.[].order","neutral","446","446","number","src/lib/components/endgame/as/AsBossTraits.svelte;src/lib/components/endgame/mechanics/BuffOptionGroup.svelte;src/lib/components/SpecialEffectRelation.svelte;src/lib/domain/endgame-view.ts;src/lib/domain/endgame.ts;src/lib/domain/types.ts;src/lib/search/normalization.ts;src/lib/search/presentation.ts;... 23 candidate files"
"src/lib/generated/endgame/as.json","groups.[].encounters.[].bossGuides.[].traits.[].requiredDifficulty","neutral","446","446","number","src/lib/domain/endgame.ts;scripts/data/as-boss-guides.ts;tests/unit/endgame.test.ts"
"src/lib/generated/endgame/as.json","groups.[].encounters.[].bossGuides.[].traits.[].name","localized","446","6244","string","src/lib/components/CharacterCatalogPage.svelte;src/lib/components/CharacterOverviewCard.svelte;src/lib/components/CompactEntityCard.svelte;src/lib/components/DetailPage.svelte;src/lib/components/EffectExplanationSection.svelte;src/lib/components/EidolonCard.svelte;src/lib/components/endgame/EndgameEnemyCard.svelte;src/lib/components/endgame/EndgameOverviewCard.svelte;... 110 candidate files"
"src/lib/generated/endgame/as.json","groups.[].encounters.[].bossGuides.[].traits.[].nameHash","neutral","446","9571","string","src/lib/domain/endgame.ts;scripts/data/as-boss-guides.ts;scripts/data/maze-buffs.ts;tests/unit/endgame.test.ts"
"src/lib/generated/endgame/as.json","groups.[].encounters.[].bossGuides.[].traits.[].description","localized","446","86619","string","src/lib/components/CharacterCatalogPage.svelte;src/lib/components/DetailPage.svelte;src/lib/components/EffectExplanationSection.svelte;src/lib/components/EidolonCard.svelte;src/lib/components/endgame/mechanics/BuffOptionTile.svelte;src/lib/components/endgame/mechanics/MechanicEntry.svelte;src/lib/components/endgame/mechanics/MechanicSectionCard.svelte;src/lib/components/endgame/modes/AnomalyArbitrationDetailContent.svelte;... 47 candidate files"
"src/lib/generated/endgame/as.json","groups.[].encounters.[].bossGuides.[].traits.[].descriptionHash","neutral","446","9545","string","src/lib/domain/endgame.ts;scripts/data/as-boss-guides.ts;scripts/data/maze-buffs.ts;tests/unit/endgame.test.ts"
"src/lib/generated/endgame/as.json","groups.[].encounters.[].bossGuides.[].traits.[].params.[]","neutral","596","2641","string","src/lib/components/CharacterCatalogPage.svelte;src/lib/components/DetailPage.svelte;src/lib/components/EnemyCatalogPage.svelte;src/lib/components/LightConeCatalogPage.svelte;src/lib/components/RelicCatalogPage.svelte;src/lib/domain/character-filters.ts;src/lib/domain/endgame.ts;src/lib/domain/enemy-overview.ts;... 27 candidate files"
"src/lib/generated/endgame/as.json","groups.[].encounters.[].bossGuides.[].traits.[].provenance.table","neutral","446","8920","string","src/lib/components/enemy/EnemyDetailPage.svelte;src/lib/domain/endgame.ts;src/lib/search/name-metadata.ts;scripts/data/as-boss-guides.ts;scripts/data/character-names.ts;scripts/data/endgame.ts;scripts/data/maze-buffs.ts;tests/e2e/enemy-detail.spec.ts;... 11 candidate files"
"src/lib/generated/endgame/as.json","groups.[].encounters.[].bossGuides.[].traits.[].provenance.ownerId","neutral","446","4014","number","src/lib/domain/endgame.ts;src/lib/domain/trace-groups.ts;scripts/data/as-boss-guides.ts;scripts/data/endgame.ts;scripts/data/extra-effects.ts;scripts/data/sync.ts;tests/unit/endgame.test.ts"
"src/lib/generated/endgame/as.json","groups.[].encounters.[].bossGuides.[].traits.[].provenance.field","neutral","446","4014","string","src/lib/domain/endgame.ts;src/lib/search/name-metadata.ts;scripts/data/as-boss-guides.ts;scripts/data/character-names.ts;scripts/data/endgame.ts;scripts/data/extra-effects.ts;scripts/data/localization.ts;scripts/data/maze-buffs.ts;... 17 candidate files"
"src/lib/generated/endgame/as.json","groups.[].encounters.[].bossGuides.[].traits.[].provenance.arrayIndex","neutral","446","446","number","src/lib/domain/endgame.ts;scripts/data/as-boss-guides.ts;scripts/data/endgame.ts;scripts/data/maze-buffs.ts;tests/unit/endgame.test.ts"
"src/lib/generated/endgame/as.json","groups.[].encounters.[].bossGuides.[].traits.[].linkedEffects.[].id","neutral","181","1846","string","src/lib/components/BaseStatsPanel.svelte;src/lib/components/ChangelogModal.svelte;src/lib/components/CharacterCatalogPage.svelte;src/lib/components/CharacterOverviewCard.svelte;src/lib/components/DetailPage.svelte;src/lib/components/EffectExplanationSection.svelte;src/lib/components/EidolonCard.svelte;src/lib/components/endgame/as/ApocalypticShadowNodeSection.svelte;... 117 candidate files"
"src/lib/generated/endgame/as.json","groups.[].encounters.[].bossGuides.[].traits.[].linkedEffects.[].name","localized","181","1962","string","src/lib/components/CharacterCatalogPage.svelte;src/lib/components/CharacterOverviewCard.svelte;src/lib/components/CompactEntityCard.svelte;src/lib/components/DetailPage.svelte;src/lib/components/EffectExplanationSection.svelte;src/lib/components/EidolonCard.svelte;src/lib/components/endgame/EndgameEnemyCard.svelte;src/lib/components/endgame/EndgameOverviewCard.svelte;... 110 candidate files"
"src/lib/generated/endgame/as.json","groups.[].encounters.[].bossGuides.[].traits.[].linkedEffects.[].description","localized","181","36496","string","src/lib/components/CharacterCatalogPage.svelte;src/lib/components/DetailPage.svelte;src/lib/components/EffectExplanationSection.svelte;src/lib/components/EidolonCard.svelte;src/lib/components/endgame/mechanics/BuffOptionTile.svelte;src/lib/components/endgame/mechanics/MechanicEntry.svelte;src/lib/components/endgame/mechanics/MechanicSectionCard.svelte;src/lib/components/endgame/modes/AnomalyArbitrationDetailContent.svelte;... 47 candidate files"
"src/lib/generated/endgame/as.json","groups.[].encounters.[].bossGuides.[].provenance.table","neutral","163","3912","string","src/lib/components/enemy/EnemyDetailPage.svelte;src/lib/domain/endgame.ts;src/lib/search/name-metadata.ts;scripts/data/as-boss-guides.ts;scripts/data/character-names.ts;scripts/data/endgame.ts;scripts/data/maze-buffs.ts;tests/e2e/enemy-detail.spec.ts;... 11 candidate files"
"src/lib/generated/endgame/as.json","groups.[].encounters.[].bossGuides.[].provenance.ownerId","neutral","163","815","number","src/lib/domain/endgame.ts;src/lib/domain/trace-groups.ts;scripts/data/as-boss-guides.ts;scripts/data/endgame.ts;scripts/data/extra-effects.ts;scripts/data/sync.ts;tests/unit/endgame.test.ts"
"src/lib/generated/endgame/as.json","groups.[].encounters.[].bossGuides.[].provenance.field","neutral","163","1956","string","src/lib/domain/endgame.ts;src/lib/search/name-metadata.ts;scripts/data/as-boss-guides.ts;scripts/data/character-names.ts;scripts/data/endgame.ts;scripts/data/extra-effects.ts;scripts/data/localization.ts;scripts/data/maze-buffs.ts;... 17 candidate files"
"src/lib/generated/endgame/as.json","groups.[].axiomSets.[].key","neutral","43","817","string","src/lib/components/CharacterCatalogPage.svelte;src/lib/components/CharacterOverviewCard.svelte;src/lib/components/DetailPage.svelte;src/lib/components/endgame/as/AsBossDossier.svelte;src/lib/components/endgame/EndgameEnemyGrid.svelte;src/lib/components/endgame/EndgameWaveGroup.svelte;src/lib/components/endgame/EndgameWaveLayout.svelte;src/lib/components/endgame/mechanics/MechanicSectionCard.svelte;... 53 candidate files"
"src/lib/generated/endgame/as.json","groups.[].axiomSets.[].slot","neutral","43","43","number","src/lib/components/CharacterOverviewCard.svelte;src/lib/components/CompactEntityCard.svelte;src/lib/components/endgame/as/ApocalypticShadowNodeSection.svelte;src/lib/components/endgame/EndgameNodeHeading.svelte;src/lib/components/endgame/EndgameNodeSection.svelte;src/lib/components/endgame/mechanics/MechanicEntry.svelte;src/lib/components/endgame/modes/AnomalyArbitrationDetailContent.svelte;src/lib/components/endgame/modes/ApocalypticShadowDetailContent.svelte;... 44 candidate files"
"src/lib/generated/endgame/as.json","groups.[].axiomSets.[].selectCount","neutral","43","43","number","src/lib/domain/endgame.ts;scripts/data/endgame.ts"
"src/lib/generated/endgame/as.json","groups.[].axiomSets.[].options.[].order","neutral","129","129","number","src/lib/components/endgame/as/AsBossTraits.svelte;src/lib/components/endgame/mechanics/BuffOptionGroup.svelte;src/lib/components/SpecialEffectRelation.svelte;src/lib/domain/endgame-view.ts;src/lib/domain/endgame.ts;src/lib/domain/types.ts;src/lib/search/normalization.ts;src/lib/search/presentation.ts;... 23 candidate files"
"src/lib/generated/endgame/as.json","groups.[].axiomSets.[].options.[].buff.id","neutral","129","903","number","src/lib/components/BaseStatsPanel.svelte;src/lib/components/ChangelogModal.svelte;src/lib/components/CharacterCatalogPage.svelte;src/lib/components/CharacterOverviewCard.svelte;src/lib/components/DetailPage.svelte;src/lib/components/EffectExplanationSection.svelte;src/lib/components/EidolonCard.svelte;src/lib/components/endgame/as/ApocalypticShadowNodeSection.svelte;... 117 candidate files"
"src/lib/generated/endgame/as.json","groups.[].axiomSets.[].options.[].buff.name","localized","129","1806","string","src/lib/components/CharacterCatalogPage.svelte;src/lib/components/CharacterOverviewCard.svelte;src/lib/components/CompactEntityCard.svelte;src/lib/components/DetailPage.svelte;src/lib/components/EffectExplanationSection.svelte;src/lib/components/EidolonCard.svelte;src/lib/components/endgame/EndgameEnemyCard.svelte;src/lib/components/endgame/EndgameOverviewCard.svelte;... 110 candidate files"
"src/lib/generated/endgame/as.json","groups.[].axiomSets.[].options.[].buff.nameHash","neutral","129","2756","string","src/lib/domain/endgame.ts;scripts/data/as-boss-guides.ts;scripts/data/maze-buffs.ts;tests/unit/endgame.test.ts"
"src/lib/generated/endgame/as.json","groups.[].axiomSets.[].options.[].buff.description","localized","129","25680","string","src/lib/components/CharacterCatalogPage.svelte;src/lib/components/DetailPage.svelte;src/lib/components/EffectExplanationSection.svelte;src/lib/components/EidolonCard.svelte;src/lib/components/endgame/mechanics/BuffOptionTile.svelte;src/lib/components/endgame/mechanics/MechanicEntry.svelte;src/lib/components/endgame/mechanics/MechanicSectionCard.svelte;src/lib/components/endgame/modes/AnomalyArbitrationDetailContent.svelte;... 47 candidate files"
"src/lib/generated/endgame/as.json","groups.[].axiomSets.[].options.[].buff.descriptionHash","neutral","129","2763","string","src/lib/domain/endgame.ts;scripts/data/as-boss-guides.ts;scripts/data/maze-buffs.ts;tests/unit/endgame.test.ts"
"src/lib/generated/endgame/as.json","groups.[].axiomSets.[].options.[].buff.params.[]","neutral","252","1194","string","src/lib/components/CharacterCatalogPage.svelte;src/lib/components/DetailPage.svelte;src/lib/components/EnemyCatalogPage.svelte;src/lib/components/LightConeCatalogPage.svelte;src/lib/components/RelicCatalogPage.svelte;src/lib/domain/character-filters.ts;src/lib/domain/endgame.ts;src/lib/domain/enemy-overview.ts;... 27 candidate files"
"src/lib/generated/endgame/as.json","groups.[].axiomSets.[].options.[].buff.upstreamIconPath","neutral","129","8955","string","src/lib/domain/endgame.ts;scripts/data/maze-buffs.ts;tests/unit/endgame.test.ts"
"src/lib/generated/endgame/as.json","groups.[].axiomSets.[].options.[].buff.bindingKey","neutral","129","5547","string","src/lib/domain/endgame.ts;scripts/data/endgame.ts;scripts/data/maze-buffs.ts;tests/unit/endgame.test.ts"
"src/lib/generated/endgame/as.json","groups.[].axiomSets.[].options.[].provenance.table","neutral","129","3225","string","src/lib/components/enemy/EnemyDetailPage.svelte;src/lib/domain/endgame.ts;src/lib/search/name-metadata.ts;scripts/data/as-boss-guides.ts;scripts/data/character-names.ts;scripts/data/endgame.ts;scripts/data/maze-buffs.ts;tests/e2e/enemy-detail.spec.ts;... 11 candidate files"
"src/lib/generated/endgame/as.json","groups.[].axiomSets.[].options.[].provenance.ownerId","neutral","129","516","number","src/lib/domain/endgame.ts;src/lib/domain/trace-groups.ts;scripts/data/as-boss-guides.ts;scripts/data/endgame.ts;scripts/data/extra-effects.ts;scripts/data/sync.ts;tests/unit/endgame.test.ts"
"src/lib/generated/endgame/as.json","groups.[].axiomSets.[].options.[].provenance.field","neutral","129","1419","string","src/lib/domain/endgame.ts;src/lib/search/name-metadata.ts;scripts/data/as-boss-guides.ts;scripts/data/character-names.ts;scripts/data/endgame.ts;scripts/data/extra-effects.ts;scripts/data/localization.ts;scripts/data/maze-buffs.ts;... 17 candidate files"
"src/lib/generated/endgame/as.json","groups.[].axiomSets.[].options.[].provenance.arrayIndex","neutral","129","129","number","src/lib/domain/endgame.ts;scripts/data/as-boss-guides.ts;scripts/data/endgame.ts;scripts/data/maze-buffs.ts;tests/unit/endgame.test.ts"
"src/lib/generated/endgame/as.json","groups.[].axiomSets.[].provenance.table","neutral","43","1075","string","src/lib/components/enemy/EnemyDetailPage.svelte;src/lib/domain/endgame.ts;src/lib/search/name-metadata.ts;scripts/data/as-boss-guides.ts;scripts/data/character-names.ts;scripts/data/endgame.ts;scripts/data/maze-buffs.ts;tests/e2e/enemy-detail.spec.ts;... 11 candidate files"
"src/lib/generated/endgame/as.json","groups.[].axiomSets.[].provenance.ownerId","neutral","43","172","number","src/lib/domain/endgame.ts;src/lib/domain/trace-groups.ts;scripts/data/as-boss-guides.ts;scripts/data/endgame.ts;scripts/data/extra-effects.ts;scripts/data/sync.ts;tests/unit/endgame.test.ts"
"src/lib/generated/endgame/as.json","groups.[].axiomSets.[].provenance.field","neutral","43","473","string","src/lib/domain/endgame.ts;src/lib/search/name-metadata.ts;scripts/data/as-boss-guides.ts;scripts/data/character-names.ts;scripts/data/endgame.ts;scripts/data/extra-effects.ts;scripts/data/localization.ts;scripts/data/maze-buffs.ts;... 17 candidate files"
"src/lib/generated/endgame/moc.json","schemaVersion","neutral","1","2","number","src/lib/domain/endgame.ts;src/lib/domain/search-index.ts;src/lib/domain/types.ts;src/lib/domain/visual-assets.ts;src/lib/search/documents.ts;src/lib/search/endgame.ts;src/lib/search/name-metadata.ts;src/lib/search/search.ts;... 36 candidate files"
"src/lib/generated/endgame/moc.json","mode","neutral","1","5","string","src/lib/components/endgame/EndgameModeIcon.svelte;src/lib/components/endgame/EndgameModeNav.svelte;src/lib/components/endgame/EndgameOverviewCard.svelte;src/lib/components/endgame/EndgameOverviewHeroArtwork.svelte;src/lib/components/endgame/EndgameSeasonCard.svelte;src/lib/domain/endgame-view.ts;src/lib/domain/endgame.ts;src/lib/domain/search-index.ts;... 33 candidate files"
"src/lib/generated/endgame/moc.json","groups.[].mode","neutral","56","280","string","src/lib/components/endgame/EndgameModeIcon.svelte;src/lib/components/endgame/EndgameModeNav.svelte;src/lib/components/endgame/EndgameOverviewCard.svelte;src/lib/components/endgame/EndgameOverviewHeroArtwork.svelte;src/lib/components/endgame/EndgameSeasonCard.svelte;src/lib/domain/endgame-view.ts;src/lib/domain/endgame.ts;src/lib/domain/search-index.ts;... 33 candidate files"
"src/lib/generated/endgame/moc.json","groups.[].groupId","neutral","56","203","number","src/lib/components/endgame/EndgameOverviewCard.svelte;src/lib/components/endgame/EndgameSeasonCard.svelte;src/lib/components/endgame/EndgameSeasonHero.svelte;src/lib/domain/endgame-view.ts;src/lib/domain/endgame.ts;src/lib/domain/search-index.ts;src/lib/search/endgame.ts;src/lib/server/endgame.ts;... 23 candidate files"
"src/lib/generated/endgame/moc.json","groups.[].name","localized","55","800","string","src/lib/components/CharacterCatalogPage.svelte;src/lib/components/CharacterOverviewCard.svelte;src/lib/components/CompactEntityCard.svelte;src/lib/components/DetailPage.svelte;src/lib/components/EffectExplanationSection.svelte;src/lib/components/EidolonCard.svelte;src/lib/components/endgame/EndgameEnemyCard.svelte;src/lib/components/endgame/EndgameOverviewCard.svelte;... 110 candidate files"
"src/lib/generated/endgame/moc.json","groups.[].encounters.[].id","neutral","615","3549","string","src/lib/components/BaseStatsPanel.svelte;src/lib/components/ChangelogModal.svelte;src/lib/components/CharacterCatalogPage.svelte;src/lib/components/CharacterOverviewCard.svelte;src/lib/components/DetailPage.svelte;src/lib/components/EffectExplanationSection.svelte;src/lib/components/EidolonCard.svelte;src/lib/components/endgame/as/ApocalypticShadowNodeSection.svelte;... 117 candidate files"
"src/lib/generated/endgame/moc.json","groups.[].encounters.[].configId","neutral","615","2319","number","src/lib/domain/endgame.ts;scripts/data/as-boss-guides.ts;scripts/data/endgame.ts;scripts/data/maze-buffs.ts;scripts/data/validate.ts;tests/unit/endgame.test.ts"
"src/lib/generated/endgame/moc.json","groups.[].encounters.[].name","localized","603","12249","string","src/lib/components/CharacterCatalogPage.svelte;src/lib/components/CharacterOverviewCard.svelte;src/lib/components/CompactEntityCard.svelte;src/lib/components/DetailPage.svelte;src/lib/components/EffectExplanationSection.svelte;src/lib/components/EidolonCard.svelte;src/lib/components/endgame/EndgameEnemyCard.svelte;src/lib/components/endgame/EndgameOverviewCard.svelte;... 110 candidate files"
"src/lib/generated/endgame/moc.json","groups.[].encounters.[].variant","neutral","615","4305","string","src/lib/components/CharacterCatalogPage.svelte;src/lib/components/endgame/as/AsBossDossier.svelte;src/lib/components/endgame/EndgameEnemyCard.svelte;src/lib/components/endgame/EndgameEnemyGrid.svelte;src/lib/components/endgame/EndgameOverviewCard.svelte;src/lib/components/endgame/EndgameSeasonCard.svelte;src/lib/components/endgame/EndgameWaveGroup.svelte;src/lib/components/Navigator.svelte;... 32 candidate files"
"src/lib/generated/endgame/moc.json","groups.[].encounters.[].battles.[].slot","neutral","1223","1223","number","src/lib/components/CharacterOverviewCard.svelte;src/lib/components/CompactEntityCard.svelte;src/lib/components/endgame/as/ApocalypticShadowNodeSection.svelte;src/lib/components/endgame/EndgameNodeHeading.svelte;src/lib/components/endgame/EndgameNodeSection.svelte;src/lib/components/endgame/mechanics/MechanicEntry.svelte;src/lib/components/endgame/modes/AnomalyArbitrationDetailContent.svelte;src/lib/components/endgame/modes/ApocalypticShadowDetailContent.svelte;... 44 candidate files"
"src/lib/generated/endgame/moc.json","groups.[].encounters.[].battles.[].stages.[].eventId","neutral","1478","11824","number","src/lib/domain/endgame.ts;scripts/data/endgame.ts"
"src/lib/generated/endgame/moc.json","groups.[].encounters.[].battles.[].stages.[].stageId","neutral","1478","11824","number","src/lib/domain/endgame-view.ts;src/lib/domain/endgame.ts;scripts/data/debug-pf-hp.ts;scripts/data/endgame.ts;scripts/data/validate.ts;tests/unit/endgame.test.ts"
"src/lib/generated/endgame/moc.json","groups.[].encounters.[].battles.[].stages.[].level","neutral","1478","2956","number","src/lib/components/BaseStatsPanel.svelte;src/lib/components/DetailPage.svelte;src/lib/components/endgame/as/ApocalypticShadowNodeSection.svelte;src/lib/components/endgame/as/AsBossDossier.svelte;src/lib/components/endgame/as/AsBossTraits.svelte;src/lib/components/endgame/EndgameEnemyCard.svelte;src/lib/components/endgame/EndgameEnemyGrid.svelte;src/lib/components/endgame/EndgameNodeHeading.svelte;... 53 candidate files"
"src/lib/generated/endgame/moc.json","groups.[].encounters.[].battles.[].stages.[].hardLevelGroup","neutral","1478","1478","number","src/lib/domain/endgame.ts;src/lib/domain/enemy-view.ts;src/lib/domain/types.ts;scripts/data/endgame.ts;scripts/data/sync.ts"
"src/lib/generated/endgame/moc.json","groups.[].encounters.[].battles.[].stages.[].previewMonsterIds.[]","neutral","7188","50630","number","src/lib/domain/endgame.ts;scripts/data/endgame.ts;scripts/data/validate.ts;tests/unit/endgame.test.ts"
"src/lib/generated/endgame/moc.json","groups.[].encounters.[].battles.[].stages.[].waveModel.kind","neutral","1478","10346","string","src/lib/components/BaseStatsPanel.svelte;src/lib/components/CharacterOverviewCard.svelte;src/lib/components/DescriptionText.svelte;src/lib/components/DetailPage.svelte;src/lib/components/endgame/EndgameEnemyCard.svelte;src/lib/components/endgame/mechanics/MechanicSectionCard.svelte;src/lib/components/endgame/modes/AnomalyArbitrationDetailContent.svelte;src/lib/components/endgame/modes/ApocalypticShadowMechanicsSection.svelte;... 54 candidate files"
"src/lib/generated/endgame/moc.json","groups.[].encounters.[].battles.[].stages.[].waveModel.waves.[].wave","neutral","2637","2637","number","src/lib/components/endgame/as/AsBossDossier.svelte;src/lib/components/endgame/EndgameWaveGroup.svelte;src/lib/components/endgame/EndgameWaveLayout.svelte;src/lib/components/endgame/presentation.ts;src/lib/domain/endgame-view.ts;src/lib/domain/endgame.ts;src/lib/domain/search-index.ts;src/lib/server/endgame.ts;... 17 candidate files"
"src/lib/generated/endgame/moc.json","groups.[].encounters.[].battles.[].stages.[].waveModel.waves.[].enemies.[].monsterId","neutral","7188","50630","number","src/lib/components/endgame/EndgameEnemyCard.svelte;src/lib/components/enemy/EnemyDetailPage.svelte;src/lib/domain/endgame-view.ts;src/lib/domain/endgame.ts;src/lib/domain/enemy-view.ts;src/lib/domain/types.ts;src/lib/server/endgame.ts;scripts/data/as-boss-guides.ts;... 19 candidate files"
"src/lib/generated/endgame/moc.json","groups.[].encounters.[].battles.[].stages.[].waveModel.waves.[].enemies.[].monsterTemplateId","neutral","7188","50316","number","src/lib/components/endgame/EndgameEnemyCard.svelte;src/lib/components/enemy/EnemyDetailPage.svelte;src/lib/domain/endgame-view.ts;src/lib/domain/endgame.ts;src/lib/domain/enemy-view.ts;src/lib/domain/types.ts;src/lib/server/endgame.ts;src/lib/server/enemies.ts;... 20 candidate files"
"src/lib/generated/endgame/moc.json","groups.[].encounters.[].battles.[].stages.[].waveModel.waves.[].enemies.[].name","localized","7188","139478","string","src/lib/components/CharacterCatalogPage.svelte;src/lib/components/CharacterOverviewCard.svelte;src/lib/components/CompactEntityCard.svelte;src/lib/components/DetailPage.svelte;src/lib/components/EffectExplanationSection.svelte;src/lib/components/EidolonCard.svelte;src/lib/components/endgame/EndgameEnemyCard.svelte;src/lib/components/endgame/EndgameOverviewCard.svelte;... 110 candidate files"
"src/lib/generated/endgame/moc.json","groups.[].encounters.[].battles.[].stages.[].waveModel.waves.[].enemies.[].hp.hpBase","neutral","7188","45293","string","src/lib/domain/endgame-view.ts;src/lib/domain/endgame.ts;scripts/data/debug-pf-hp.ts;scripts/data/endgame.ts;scripts/data/pure-fiction-hp.ts;scripts/data/stats.ts;scripts/data/validate.ts;tests/unit/endgame-view.test.ts;... 9 candidate files"
"src/lib/generated/endgame/moc.json","groups.[].encounters.[].battles.[].stages.[].waveModel.waves.[].enemies.[].hp.instanceRatio","neutral","7188","22425","string","src/lib/domain/endgame-view.ts;src/lib/domain/endgame.ts;scripts/data/debug-pf-hp.ts;scripts/data/endgame.ts;scripts/data/enemy-detail.ts;scripts/data/enemy-stats.ts;scripts/data/pure-fiction-hp.ts;scripts/data/validate.ts;... 10 candidate files"
"src/lib/generated/endgame/moc.json","groups.[].encounters.[].battles.[].stages.[].waveModel.waves.[].enemies.[].hp.levelRatio","neutral","7188","77137","string","src/lib/domain/endgame-view.ts;src/lib/domain/endgame.ts;scripts/data/debug-pf-hp.ts;scripts/data/endgame.ts;scripts/data/enemy-detail.ts;scripts/data/enemy-stats.ts;scripts/data/pure-fiction-hp.ts;scripts/data/validate.ts;... 10 candidate files"
"src/lib/generated/endgame/moc.json","groups.[].encounters.[].battles.[].stages.[].waveModel.waves.[].enemies.[].hp.eliteRatio","neutral","7188","24307","string","src/lib/domain/endgame-view.ts;src/lib/domain/endgame.ts;scripts/data/debug-pf-hp.ts;scripts/data/endgame.ts;scripts/data/enemy-detail.ts;scripts/data/enemy-stats.ts;scripts/data/pure-fiction-hp.ts;scripts/data/validate.ts;... 10 candidate files"
"src/lib/generated/endgame/moc.json","groups.[].encounters.[].battles.[].stages.[].waveModel.waves.[].enemies.[].hp.baseEncounterMaxHpPerBar","neutral","7188","101743","string","src/lib/domain/endgame-view.ts;src/lib/domain/endgame.ts;scripts/data/debug-pf-hp.ts;scripts/data/endgame.ts;scripts/data/pure-fiction-hp.ts;scripts/data/validate.ts;tests/unit/endgame-view.test.ts;tests/unit/endgame.test.ts"
"src/lib/generated/endgame/moc.json","groups.[].encounters.[].battles.[].stages.[].waveModel.waves.[].enemies.[].hp.final.status","neutral","7188","71880","string","src/lib/components/endgame/EndgameSeasonHero.svelte;src/lib/components/enemy/EnemyStatsPanel.svelte;src/lib/components/Navigator.svelte;src/lib/domain/endgame-view.ts;src/lib/domain/endgame.ts;src/lib/domain/types.ts;src/lib/search/endgame.ts;src/routes/+error.svelte;... 29 candidate files"
"src/lib/generated/endgame/moc.json","groups.[].encounters.[].battles.[].stages.[].waveModel.waves.[].enemies.[].hp.final.maxHpPerBar","neutral","7188","101743","string","src/lib/domain/endgame-view.ts;src/lib/domain/endgame.ts;scripts/data/debug-pf-hp.ts;scripts/data/endgame.ts;scripts/data/pure-fiction-hp.ts;scripts/data/validate.ts;tests/unit/endgame-view.test.ts;tests/unit/endgame.test.ts"
"src/lib/generated/endgame/moc.json","groups.[].encounters.[].battles.[].stages.[].waveModel.waves.[].enemies.[].hp.final.source","neutral","7188","115008","string","src/lib/components/DetailArtwork.svelte;src/lib/components/DetailPage.svelte;src/lib/components/endgame/as/AsBossDossier.svelte;src/lib/components/enemy/EnemyDetailPage.svelte;src/lib/components/relic/RelicDetailPage.svelte;src/lib/components/relic/RelicIcon.svelte;src/lib/components/SemanticIconLabel.svelte;src/lib/content/changelog/index.ts;... 46 candidate files"
"src/lib/generated/endgame/moc.json","groups.[].encounters.[].battles.[].stages.[].waveModel.waves.[].enemies.[].hp.final.rounding","neutral","7188","122196","string","src/lib/domain/endgame.ts;scripts/data/debug-pf-hp.ts;scripts/data/endgame.ts;scripts/data/pure-fiction-hp.ts;scripts/data/validate.ts;tests/unit/endgame-view.test.ts;tests/unit/endgame.test.ts"
"src/lib/generated/endgame/moc.json","groups.[].encounters.[].battles.[].stages.[].waveModel.waves.[].enemies.[].hp.eliteGroupId","neutral","7188","10956","number","src/lib/domain/endgame-view.ts;src/lib/domain/endgame.ts;scripts/data/endgame.ts;tests/unit/endgame-view.test.ts"
"src/lib/generated/endgame/moc.json","groups.[].encounters.[].battles.[].stages.[].waveModel.waves.[].enemies.[].hp.eliteGroupTable","neutral","7188","50316","string","src/lib/domain/endgame-view.ts;src/lib/domain/endgame.ts;scripts/data/endgame.ts;tests/unit/endgame-view.test.ts"
"src/lib/generated/endgame/moc.json","groups.[].encounters.[].battles.[].stages.[].waveModel.waves.[].enemies.[].hp.eliteContextSource","neutral","7188","108308","string","src/lib/domain/endgame-view.ts;src/lib/domain/endgame.ts;scripts/data/endgame.ts;tests/unit/endgame-view.test.ts"
"src/lib/generated/endgame/moc.json","groups.[].encounters.[].battles.[].stages.[].waveModel.waves.[].enemies.[].hp.eliteContextConfidence","neutral","7188","71880","string","src/lib/domain/endgame-view.ts;src/lib/domain/endgame.ts;scripts/data/endgame.ts;tests/unit/endgame-view.test.ts"
"src/lib/generated/endgame/moc.json","groups.[].encounters.[].battles.[].stages.[].waveModel.waves.[].enemies.[].speed.status","neutral","7188","71910","string","src/lib/components/endgame/EndgameSeasonHero.svelte;src/lib/components/enemy/EnemyStatsPanel.svelte;src/lib/components/Navigator.svelte;src/lib/domain/endgame-view.ts;src/lib/domain/endgame.ts;src/lib/domain/types.ts;src/lib/search/endgame.ts;src/routes/+error.svelte;... 29 candidate files"
"src/lib/generated/endgame/moc.json","groups.[].encounters.[].battles.[].stages.[].waveModel.waves.[].enemies.[].speed.base","neutral","7178","34985","string","src/lib/components/BaseStatsPanel.svelte;src/lib/components/DetailPage.svelte;src/lib/domain/endgame.ts;src/lib/domain/stats.ts;src/lib/domain/types.ts;src/lib/search/name-metadata.ts;scripts/data/character-names.ts;scripts/data/endgame.ts;... 22 candidate files"
"src/lib/generated/endgame/moc.json","groups.[].encounters.[].battles.[].stages.[].waveModel.waves.[].enemies.[].speed.instanceRatio","neutral","7178","21534","string","src/lib/domain/endgame-view.ts;src/lib/domain/endgame.ts;scripts/data/debug-pf-hp.ts;scripts/data/endgame.ts;scripts/data/enemy-detail.ts;scripts/data/enemy-stats.ts;scripts/data/pure-fiction-hp.ts;scripts/data/validate.ts;... 10 candidate files"
"src/lib/generated/endgame/moc.json","groups.[].encounters.[].battles.[].stages.[].waveModel.waves.[].enemies.[].speed.instanceValue","neutral","7178","21561","string","src/lib/domain/endgame.ts;scripts/data/endgame.ts;scripts/data/enemy-detail.ts;scripts/data/enemy-stats.ts;scripts/data/validate.ts;tests/unit/endgame-view.test.ts"
"src/lib/generated/endgame/moc.json","groups.[].encounters.[].battles.[].stages.[].waveModel.waves.[].enemies.[].speed.levelRatio","neutral","7178","37367","string","src/lib/domain/endgame-view.ts;src/lib/domain/endgame.ts;scripts/data/debug-pf-hp.ts;scripts/data/endgame.ts;scripts/data/enemy-detail.ts;scripts/data/enemy-stats.ts;scripts/data/pure-fiction-hp.ts;scripts/data/validate.ts;... 10 candidate files"
"src/lib/generated/endgame/moc.json","groups.[].encounters.[].battles.[].stages.[].waveModel.waves.[].enemies.[].speed.eliteRatio","neutral","7178","21534","string","src/lib/domain/endgame-view.ts;src/lib/domain/endgame.ts;scripts/data/debug-pf-hp.ts;scripts/data/endgame.ts;scripts/data/enemy-detail.ts;scripts/data/enemy-stats.ts;scripts/data/pure-fiction-hp.ts;scripts/data/validate.ts;... 10 candidate files"
"src/lib/generated/endgame/moc.json","groups.[].encounters.[].battles.[].stages.[].waveModel.waves.[].enemies.[].speed.configuredValue","neutral","7178","51033","string","src/lib/domain/endgame-view.ts;src/lib/domain/endgame.ts;scripts/data/enemy-detail.ts;scripts/data/enemy-stats.ts;scripts/data/validate.ts;tests/unit/endgame-view.test.ts;tests/unit/endgame.test.ts"
"src/lib/generated/endgame/moc.json","groups.[].encounters.[].battles.[].stages.[].waveModel.waves.[].enemies.[].toughness.internalStance.status","neutral","7188","71979","string","src/lib/components/endgame/EndgameSeasonHero.svelte;src/lib/components/enemy/EnemyStatsPanel.svelte;src/lib/components/Navigator.svelte;src/lib/domain/endgame-view.ts;src/lib/domain/endgame.ts;src/lib/domain/types.ts;src/lib/search/endgame.ts;src/routes/+error.svelte;... 29 candidate files"
"src/lib/generated/endgame/moc.json","groups.[].encounters.[].battles.[].stages.[].waveModel.waves.[].enemies.[].toughness.internalStance.baseInternal","neutral","7155","32072","string","src/lib/domain/endgame.ts;scripts/data/enemy-stats.ts;scripts/data/validate.ts;tests/unit/endgame-view.test.ts;tests/unit/endgame.test.ts"
"src/lib/generated/endgame/moc.json","groups.[].encounters.[].battles.[].stages.[].waveModel.waves.[].enemies.[].toughness.internalStance.instanceRatio","neutral","7155","21465","string","src/lib/domain/endgame-view.ts;src/lib/domain/endgame.ts;scripts/data/debug-pf-hp.ts;scripts/data/endgame.ts;scripts/data/enemy-detail.ts;scripts/data/enemy-stats.ts;scripts/data/pure-fiction-hp.ts;scripts/data/validate.ts;... 10 candidate files"
"src/lib/generated/endgame/moc.json","groups.[].encounters.[].battles.[].stages.[].waveModel.waves.[].enemies.[].toughness.internalStance.instanceValueInternal","neutral","7155","21536","string","src/lib/domain/endgame.ts;scripts/data/enemy-stats.ts;scripts/data/validate.ts;tests/unit/endgame-view.test.ts;tests/unit/endgame.test.ts"
"src/lib/generated/endgame/moc.json","groups.[].encounters.[].battles.[].stages.[].waveModel.waves.[].enemies.[].toughness.internalStance.hardLevelRatio","neutral","7155","21465","string","src/lib/domain/endgame.ts;scripts/data/enemy-stats.ts;scripts/data/validate.ts;tests/unit/endgame-view.test.ts;tests/unit/endgame.test.ts"
"src/lib/generated/endgame/moc.json","groups.[].encounters.[].battles.[].stages.[].waveModel.waves.[].enemies.[].toughness.internalStance.eliteRatio","neutral","7155","21465","string","src/lib/domain/endgame-view.ts;src/lib/domain/endgame.ts;scripts/data/debug-pf-hp.ts;scripts/data/endgame.ts;scripts/data/enemy-detail.ts;scripts/data/enemy-stats.ts;scripts/data/pure-fiction-hp.ts;scripts/data/validate.ts;... 10 candidate files"
"src/lib/generated/endgame/moc.json","groups.[].encounters.[].battles.[].stages.[].waveModel.waves.[].enemies.[].toughness.internalStance.resolvedInternal","neutral","7155","32088","string","src/lib/domain/endgame.ts;scripts/data/endgame.ts;scripts/data/enemy-stats.ts;scripts/data/validate.ts;tests/unit/endgame-view.test.ts;tests/unit/endgame.test.ts"
"src/lib/generated/endgame/moc.json","groups.[].encounters.[].battles.[].stages.[].waveModel.waves.[].enemies.[].toughness.display.status","neutral","7188","71979","string","src/lib/components/endgame/EndgameSeasonHero.svelte;src/lib/components/enemy/EnemyStatsPanel.svelte;src/lib/components/Navigator.svelte;src/lib/domain/endgame-view.ts;src/lib/domain/endgame.ts;src/lib/domain/types.ts;src/lib/search/endgame.ts;src/routes/+error.svelte;... 29 candidate files"
"src/lib/generated/endgame/moc.json","groups.[].encounters.[].battles.[].stages.[].waveModel.waves.[].enemies.[].toughness.display.perBar","neutral","7155","31875","string","src/lib/domain/endgame-view.ts;src/lib/domain/endgame.ts;scripts/data/endgame.ts;scripts/data/validate.ts;tests/unit/endgame-view.test.ts;tests/unit/endgame.test.ts"
"src/lib/generated/endgame/moc.json","groups.[].encounters.[].battles.[].stages.[].waveModel.waves.[].enemies.[].toughness.barCount","neutral","7168","7168","number","src/lib/components/endgame/EndgameEnemyCard.svelte;src/lib/domain/endgame-view.ts;src/lib/domain/endgame.ts;scripts/data/endgame.ts;scripts/data/validate.ts;tests/unit/endgame-view.test.ts;tests/unit/endgame.test.ts"
"src/lib/generated/endgame/moc.json","groups.[].encounters.[].battles.[].stages.[].waveModel.waves.[].enemies.[].toughness.runtimeStatus","neutral","7188","59583","string","src/lib/domain/endgame.ts;scripts/data/endgame.ts;tests/unit/endgame-view.test.ts;tests/unit/endgame.test.ts"
"src/lib/generated/endgame/moc.json","groups.[].encounters.[].battles.[].stages.[].waveModel.waves.[].enemies.[].mechanics.sharedHp","neutral","7188","35908","boolean","src/lib/domain/endgame-view.ts;src/lib/domain/endgame.ts;scripts/data/endgame.ts;tests/unit/endgame-view.test.ts;tests/unit/endgame.test.ts"
"src/lib/generated/endgame/moc.json","groups.[].encounters.[].battles.[].stages.[].waveModel.waves.[].enemies.[].mechanics.restoresHp","neutral","7188","35930","boolean","src/lib/domain/endgame-view.ts;src/lib/domain/endgame.ts;scripts/data/endgame.ts;tests/unit/endgame-view.test.ts;tests/unit/endgame.test.ts"
"src/lib/generated/endgame/moc.json","groups.[].encounters.[].battles.[].stages.[].waveModel.waves.[].enemies.[].mechanics.locksHp","neutral","7188","34869","boolean","src/lib/domain/endgame-view.ts;src/lib/domain/endgame.ts;scripts/data/endgame.ts;tests/unit/endgame-view.test.ts"
"src/lib/generated/endgame/moc.json","groups.[].encounters.[].battles.[].stages.[].waveModel.waves.[].enemies.[].mechanics.manipulatesHp","neutral","7188","34865","boolean","src/lib/domain/endgame-view.ts;src/lib/domain/endgame.ts;scripts/data/endgame.ts;tests/unit/endgame-view.test.ts"
"src/lib/generated/endgame/moc.json","groups.[].encounters.[].battles.[].stages.[].waveModel.waves.[].enemies.[].mechanics.characterConfig","neutral","7188","478281","string","src/lib/domain/endgame.ts;scripts/data/endgame.ts"
"src/lib/generated/endgame/moc.json","groups.[].encounters.[].battles.[].stages.[].waveModel.waves.[].enemies.[].mechanics.abilityConfig","neutral","7163","469380","string","src/lib/domain/endgame.ts;scripts/data/endgame.ts"
"src/lib/generated/endgame/moc.json","groups.[].encounters.[].battles.[].stages.[].waveModel.waves.[].enemies.[].mechanics.abilityReferences.[]","neutral","95674","3815036","string","src/lib/domain/endgame.ts;scripts/data/endgame.ts;tests/unit/endgame-view.test.ts"
"src/lib/generated/endgame/moc.json","groups.[].encounters.[].battles.[].stages.[].waveModel.waves.[].enemies.[].mechanics.effectiveTotalHp","neutral","4913","68892","string","src/lib/domain/endgame.ts;scripts/data/endgame.ts;tests/unit/endgame.test.ts"
"src/lib/generated/endgame/moc.json","groups.[].encounters.[].battles.[].stages.[].waveModel.waves.[].enemies.[].mechanics.effectiveTotalHpStatus","neutral","7188","77979","string","src/lib/domain/endgame-view.ts;src/lib/domain/endgame.ts;scripts/data/endgame.ts;tests/unit/endgame-view.test.ts;tests/unit/endgame.test.ts"
"src/lib/generated/endgame/moc.json","groups.[].encounters.[].memoryTurbulence.buff.id","neutral","615","4305","number","src/lib/components/BaseStatsPanel.svelte;src/lib/components/ChangelogModal.svelte;src/lib/components/CharacterCatalogPage.svelte;src/lib/components/CharacterOverviewCard.svelte;src/lib/components/DetailPage.svelte;src/lib/components/EffectExplanationSection.svelte;src/lib/components/EidolonCard.svelte;src/lib/components/endgame/as/ApocalypticShadowNodeSection.svelte;... 117 candidate files"
"src/lib/generated/endgame/moc.json","groups.[].encounters.[].memoryTurbulence.buff.name","localized","615","8610","string","src/lib/components/CharacterCatalogPage.svelte;src/lib/components/CharacterOverviewCard.svelte;src/lib/components/CompactEntityCard.svelte;src/lib/components/DetailPage.svelte;src/lib/components/EffectExplanationSection.svelte;src/lib/components/EidolonCard.svelte;src/lib/components/endgame/EndgameEnemyCard.svelte;src/lib/components/endgame/EndgameOverviewCard.svelte;... 110 candidate files"
"src/lib/generated/endgame/moc.json","groups.[].encounters.[].memoryTurbulence.buff.nameHash","neutral","615","13278","string","src/lib/domain/endgame.ts;scripts/data/as-boss-guides.ts;scripts/data/maze-buffs.ts;tests/unit/endgame.test.ts"
"src/lib/generated/endgame/moc.json","groups.[].encounters.[].memoryTurbulence.buff.description","localized","615","213644","string","src/lib/components/CharacterCatalogPage.svelte;src/lib/components/DetailPage.svelte;src/lib/components/EffectExplanationSection.svelte;src/lib/components/EidolonCard.svelte;src/lib/components/endgame/mechanics/BuffOptionTile.svelte;src/lib/components/endgame/mechanics/MechanicEntry.svelte;src/lib/components/endgame/mechanics/MechanicSectionCard.svelte;src/lib/components/endgame/modes/AnomalyArbitrationDetailContent.svelte;... 47 candidate files"
"src/lib/generated/endgame/moc.json","groups.[].encounters.[].memoryTurbulence.buff.descriptionHash","neutral","615","13189","string","src/lib/domain/endgame.ts;scripts/data/as-boss-guides.ts;scripts/data/maze-buffs.ts;tests/unit/endgame.test.ts"
"src/lib/generated/endgame/moc.json","groups.[].encounters.[].memoryTurbulence.buff.params.[]","neutral","2205","10484","string","src/lib/components/CharacterCatalogPage.svelte;src/lib/components/DetailPage.svelte;src/lib/components/EnemyCatalogPage.svelte;src/lib/components/LightConeCatalogPage.svelte;src/lib/components/RelicCatalogPage.svelte;src/lib/domain/character-filters.ts;src/lib/domain/endgame.ts;src/lib/domain/enemy-overview.ts;... 27 candidate files"
"src/lib/generated/endgame/moc.json","groups.[].encounters.[].memoryTurbulence.buff.upstreamIconPath","neutral","615","31980","string","src/lib/domain/endgame.ts;scripts/data/maze-buffs.ts;tests/unit/endgame.test.ts"
"src/lib/generated/endgame/moc.json","groups.[].encounters.[].memoryTurbulence.provenance.table","neutral","615","12915","string","src/lib/components/enemy/EnemyDetailPage.svelte;src/lib/domain/endgame.ts;src/lib/search/name-metadata.ts;scripts/data/as-boss-guides.ts;scripts/data/character-names.ts;scripts/data/endgame.ts;scripts/data/maze-buffs.ts;tests/e2e/enemy-detail.spec.ts;... 11 candidate files"
"src/lib/generated/endgame/moc.json","groups.[].encounters.[].memoryTurbulence.provenance.ownerId","neutral","615","2319","number","src/lib/domain/endgame.ts;src/lib/domain/trace-groups.ts;scripts/data/as-boss-guides.ts;scripts/data/endgame.ts;scripts/data/extra-effects.ts;scripts/data/sync.ts;tests/unit/endgame.test.ts"
"src/lib/generated/endgame/moc.json","groups.[].encounters.[].memoryTurbulence.provenance.field","neutral","615","7380","string","src/lib/domain/endgame.ts;src/lib/search/name-metadata.ts;scripts/data/as-boss-guides.ts;scripts/data/character-names.ts;scripts/data/endgame.ts;scripts/data/extra-effects.ts;scripts/data/localization.ts;scripts/data/maze-buffs.ts;... 17 candidate files"
"src/lib/generated/endgame/moc.json","groups.[].encounters.[].battles.[].stages.[].waveModel.waves.[].enemies.[].mechanics.summons.[]","neutral","1939","14119","number","src/lib/components/enemy/EnemyDetailPage.svelte;src/lib/domain/endgame-view.ts;src/lib/domain/endgame.ts;src/lib/domain/enemy-view.ts;src/lib/domain/types.ts;src/lib/server/enemies.ts;scripts/data/endgame.ts;scripts/data/sync.ts;... 11 candidate files"
"src/lib/generated/endgame/moc.json","groups.[].schedule.begin","neutral","52","1092","string","src/lib/domain/endgame-view.ts;src/lib/domain/endgame.ts;scripts/data/endgame.ts;tests/unit/endgame-view.test.ts"
"src/lib/generated/endgame/moc.json","groups.[].schedule.end","neutral","52","1092","string","src/lib/components/ChangelogModal.svelte;src/lib/components/EntityOverviewCard.svelte;src/lib/components/OverviewToolbar.svelte;src/lib/domain/endgame-view.ts;src/lib/domain/endgame.ts;scripts/data/endgame.ts;scripts/data/player-aliases.ts;tests/unit/endgame-view.test.ts;... 9 candidate files"
"src/lib/generated/endgame/moc.json","groups.[].encounters.[].ordinal","neutral","594","702","number","src/lib/components/endgame/EndgameWaveGroup.svelte;src/lib/components/endgame/EndgameWaveLayout.svelte;src/lib/components/endgame/presentation.ts;src/lib/domain/endgame-navigation.ts;src/lib/domain/endgame-view.ts;src/lib/domain/endgame.ts;scripts/data/endgame.ts;tests/e2e/endgame.spec.ts;... 10 candidate files"
"src/lib/generated/endgame/moc.json","groups.[].encounters.[].memoryTurbulence.groupReference.mazeBuffId","neutral","594","4158","number","src/lib/domain/endgame.ts;scripts/data/endgame.ts;scripts/data/maze-buffs.ts;scripts/data/validate.ts;tests/unit/endgame.test.ts"
"src/lib/generated/endgame/moc.json","groups.[].encounters.[].memoryTurbulence.groupReference.provenance.table","neutral","594","13068","string","src/lib/components/enemy/EnemyDetailPage.svelte;src/lib/domain/endgame.ts;src/lib/search/name-metadata.ts;scripts/data/as-boss-guides.ts;scripts/data/character-names.ts;scripts/data/endgame.ts;scripts/data/maze-buffs.ts;tests/e2e/enemy-detail.spec.ts;... 11 candidate files"
"src/lib/generated/endgame/moc.json","groups.[].encounters.[].memoryTurbulence.groupReference.provenance.ownerId","neutral","594","2186","number","src/lib/domain/endgame.ts;src/lib/domain/trace-groups.ts;scripts/data/as-boss-guides.ts;scripts/data/endgame.ts;scripts/data/extra-effects.ts;scripts/data/sync.ts;tests/unit/endgame.test.ts"
"src/lib/generated/endgame/moc.json","groups.[].encounters.[].memoryTurbulence.groupReference.provenance.field","neutral","594","7128","string","src/lib/domain/endgame.ts;src/lib/search/name-metadata.ts;scripts/data/as-boss-guides.ts;scripts/data/character-names.ts;scripts/data/endgame.ts;scripts/data/extra-effects.ts;scripts/data/localization.ts;scripts/data/maze-buffs.ts;... 17 candidate files"
"src/lib/generated/endgame/moc.json","groups.[].encounters.[].battles.[].stages.[].waveModel.waves.[].enemies.[].mechanics.phaseCount","neutral","134","134","number","src/lib/components/endgame/HpDisplay.svelte;src/lib/domain/endgame-view.ts;src/lib/domain/endgame.ts;scripts/data/endgame.ts;tests/unit/endgame.test.ts"
"src/lib/generated/endgame/moc.json","groups.[].encounters.[].battles.[].stages.[].stageAbilities.[]","neutral","49","1677","string","src/lib/domain/endgame.ts;scripts/data/endgame.ts"
"src/lib/generated/endgame/moc.json","groups.[].encounters.[].battles.[].stages.[].waveModel.waves.[].enemies.[].speed.reason","neutral","10","140","string","src/lib/domain/endgame-view.ts;src/lib/domain/endgame.ts;src/lib/domain/types.ts;scripts/assets/enemies/ensure.ts;scripts/assets/enemies/shared.ts;scripts/assets/enemies/sync.ts;scripts/data/debug-pf-hp.ts;scripts/data/endgame.ts;... 18 candidate files"
"src/lib/generated/endgame/moc.json","groups.[].encounters.[].battles.[].stages.[].waveModel.waves.[].enemies.[].toughness.internalStance.reason","neutral","33","462","string","src/lib/domain/endgame-view.ts;src/lib/domain/endgame.ts;src/lib/domain/types.ts;scripts/assets/enemies/ensure.ts;scripts/assets/enemies/shared.ts;scripts/assets/enemies/sync.ts;scripts/data/debug-pf-hp.ts;scripts/data/endgame.ts;... 18 candidate files"
"src/lib/generated/endgame/moc.json","groups.[].encounters.[].battles.[].stages.[].waveModel.waves.[].enemies.[].toughness.display.reason","neutral","33","462","string","src/lib/domain/endgame-view.ts;src/lib/domain/endgame.ts;src/lib/domain/types.ts;scripts/assets/enemies/ensure.ts;scripts/assets/enemies/shared.ts;scripts/assets/enemies/sync.ts;scripts/data/debug-pf-hp.ts;scripts/data/endgame.ts;... 18 candidate files"
"src/lib/generated/endgame/pf.json","schemaVersion","neutral","1","2","number","src/lib/domain/endgame.ts;src/lib/domain/search-index.ts;src/lib/domain/types.ts;src/lib/domain/visual-assets.ts;src/lib/search/documents.ts;src/lib/search/endgame.ts;src/lib/search/name-metadata.ts;src/lib/search/search.ts;... 36 candidate files"
"src/lib/generated/endgame/pf.json","mode","neutral","1","4","string","src/lib/components/endgame/EndgameModeIcon.svelte;src/lib/components/endgame/EndgameModeNav.svelte;src/lib/components/endgame/EndgameOverviewCard.svelte;src/lib/components/endgame/EndgameOverviewHeroArtwork.svelte;src/lib/components/endgame/EndgameSeasonCard.svelte;src/lib/domain/endgame-view.ts;src/lib/domain/endgame.ts;src/lib/domain/search-index.ts;... 33 candidate files"
"src/lib/generated/endgame/pf.json","groups.[].mode","neutral","26","104","string","src/lib/components/endgame/EndgameModeIcon.svelte;src/lib/components/endgame/EndgameModeNav.svelte;src/lib/components/endgame/EndgameOverviewCard.svelte;src/lib/components/endgame/EndgameOverviewHeroArtwork.svelte;src/lib/components/endgame/EndgameSeasonCard.svelte;src/lib/domain/endgame-view.ts;src/lib/domain/endgame.ts;src/lib/domain/search-index.ts;... 33 candidate files"
"src/lib/generated/endgame/pf.json","groups.[].groupId","neutral","26","104","number","src/lib/components/endgame/EndgameOverviewCard.svelte;src/lib/components/endgame/EndgameSeasonCard.svelte;src/lib/components/endgame/EndgameSeasonHero.svelte;src/lib/domain/endgame-view.ts;src/lib/domain/endgame.ts;src/lib/domain/search-index.ts;src/lib/search/endgame.ts;src/lib/server/endgame.ts;... 23 candidate files"
"src/lib/generated/endgame/pf.json","groups.[].name","localized","26","364","string","src/lib/components/CharacterCatalogPage.svelte;src/lib/components/CharacterOverviewCard.svelte;src/lib/components/CompactEntityCard.svelte;src/lib/components/DetailPage.svelte;src/lib/components/EffectExplanationSection.svelte;src/lib/components/EidolonCard.svelte;src/lib/components/endgame/EndgameEnemyCard.svelte;src/lib/components/endgame/EndgameOverviewCard.svelte;... 110 candidate files"
"src/lib/generated/endgame/pf.json","groups.[].schedule.begin","neutral","26","546","string","src/lib/domain/endgame-view.ts;src/lib/domain/endgame.ts;scripts/data/endgame.ts;tests/unit/endgame-view.test.ts"
"src/lib/generated/endgame/pf.json","groups.[].schedule.end","neutral","26","546","string","src/lib/components/ChangelogModal.svelte;src/lib/components/EntityOverviewCard.svelte;src/lib/components/OverviewToolbar.svelte;src/lib/domain/endgame-view.ts;src/lib/domain/endgame.ts;scripts/data/endgame.ts;scripts/data/player-aliases.ts;tests/unit/endgame-view.test.ts;... 9 candidate files"
"src/lib/generated/endgame/pf.json","groups.[].encounters.[].id","neutral","104","728","string","src/lib/components/BaseStatsPanel.svelte;src/lib/components/ChangelogModal.svelte;src/lib/components/CharacterCatalogPage.svelte;src/lib/components/CharacterOverviewCard.svelte;src/lib/components/DetailPage.svelte;src/lib/components/EffectExplanationSection.svelte;src/lib/components/EidolonCard.svelte;src/lib/components/endgame/as/ApocalypticShadowNodeSection.svelte;... 117 candidate files"
"src/lib/generated/endgame/pf.json","groups.[].encounters.[].configId","neutral","104","520","number","src/lib/domain/endgame.ts;scripts/data/as-boss-guides.ts;scripts/data/endgame.ts;scripts/data/maze-buffs.ts;scripts/data/validate.ts;tests/unit/endgame.test.ts"
"src/lib/generated/endgame/pf.json","groups.[].encounters.[].name","localized","104","2080","string","src/lib/components/CharacterCatalogPage.svelte;src/lib/components/CharacterOverviewCard.svelte;src/lib/components/CompactEntityCard.svelte;src/lib/components/DetailPage.svelte;src/lib/components/EffectExplanationSection.svelte;src/lib/components/EidolonCard.svelte;src/lib/components/endgame/EndgameEnemyCard.svelte;src/lib/components/endgame/EndgameOverviewCard.svelte;... 110 candidate files"
"src/lib/generated/endgame/pf.json","groups.[].encounters.[].ordinal","neutral","104","104","number","src/lib/components/endgame/EndgameWaveGroup.svelte;src/lib/components/endgame/EndgameWaveLayout.svelte;src/lib/components/endgame/presentation.ts;src/lib/domain/endgame-navigation.ts;src/lib/domain/endgame-view.ts;src/lib/domain/endgame.ts;scripts/data/endgame.ts;tests/e2e/endgame.spec.ts;... 10 candidate files"
"src/lib/generated/endgame/pf.json","groups.[].encounters.[].variant","neutral","104","728","string","src/lib/components/CharacterCatalogPage.svelte;src/lib/components/endgame/as/AsBossDossier.svelte;src/lib/components/endgame/EndgameEnemyCard.svelte;src/lib/components/endgame/EndgameEnemyGrid.svelte;src/lib/components/endgame/EndgameOverviewCard.svelte;src/lib/components/endgame/EndgameSeasonCard.svelte;src/lib/components/endgame/EndgameWaveGroup.svelte;src/lib/components/Navigator.svelte;... 32 candidate files"
"src/lib/generated/endgame/pf.json","groups.[].encounters.[].battles.[].slot","neutral","211","211","number","src/lib/components/CharacterOverviewCard.svelte;src/lib/components/CompactEntityCard.svelte;src/lib/components/endgame/as/ApocalypticShadowNodeSection.svelte;src/lib/components/endgame/EndgameNodeHeading.svelte;src/lib/components/endgame/EndgameNodeSection.svelte;src/lib/components/endgame/mechanics/MechanicEntry.svelte;src/lib/components/endgame/modes/AnomalyArbitrationDetailContent.svelte;src/lib/components/endgame/modes/ApocalypticShadowDetailContent.svelte;... 44 candidate files"
"src/lib/generated/endgame/pf.json","groups.[].encounters.[].battles.[].stages.[].eventId","neutral","211","1688","number","src/lib/domain/endgame.ts;scripts/data/endgame.ts"
"src/lib/generated/endgame/pf.json","groups.[].encounters.[].battles.[].stages.[].stageId","neutral","211","1688","number","src/lib/domain/endgame-view.ts;src/lib/domain/endgame.ts;scripts/data/debug-pf-hp.ts;scripts/data/endgame.ts;scripts/data/validate.ts;tests/unit/endgame.test.ts"
"src/lib/generated/endgame/pf.json","groups.[].encounters.[].battles.[].stages.[].level","neutral","211","422","number","src/lib/components/BaseStatsPanel.svelte;src/lib/components/DetailPage.svelte;src/lib/components/endgame/as/ApocalypticShadowNodeSection.svelte;src/lib/components/endgame/as/AsBossDossier.svelte;src/lib/components/endgame/as/AsBossTraits.svelte;src/lib/components/endgame/EndgameEnemyCard.svelte;src/lib/components/endgame/EndgameEnemyGrid.svelte;src/lib/components/endgame/EndgameNodeHeading.svelte;... 53 candidate files"
"src/lib/generated/endgame/pf.json","groups.[].encounters.[].battles.[].stages.[].hardLevelGroup","neutral","211","211","number","src/lib/domain/endgame.ts;src/lib/domain/enemy-view.ts;src/lib/domain/types.ts;scripts/data/endgame.ts;scripts/data/sync.ts"
"src/lib/generated/endgame/pf.json","groups.[].encounters.[].battles.[].stages.[].previewMonsterIds.[]","neutral","1409","10855","number","src/lib/domain/endgame.ts;scripts/data/endgame.ts;scripts/data/validate.ts;tests/unit/endgame.test.ts"
"src/lib/generated/endgame/pf.json","groups.[].encounters.[].battles.[].stages.[].waveModel.kind","neutral","211","3376","string","src/lib/components/BaseStatsPanel.svelte;src/lib/components/CharacterOverviewCard.svelte;src/lib/components/DescriptionText.svelte;src/lib/components/DetailPage.svelte;src/lib/components/endgame/EndgameEnemyCard.svelte;src/lib/components/endgame/mechanics/MechanicSectionCard.svelte;src/lib/components/endgame/modes/AnomalyArbitrationDetailContent.svelte;src/lib/components/endgame/modes/ApocalypticShadowMechanicsSection.svelte;... 54 candidate files"
"src/lib/generated/endgame/pf.json","groups.[].encounters.[].battles.[].stages.[].waveModel.waveGroupId","neutral","211","1688","number","src/lib/domain/endgame.ts;scripts/data/endgame.ts"
"src/lib/generated/endgame/pf.json","groups.[].encounters.[].battles.[].stages.[].waveModel.waves.[].waveId","neutral","633","5697","number","src/lib/domain/endgame-view.ts;src/lib/domain/endgame.ts;scripts/data/debug-pf-hp.ts;scripts/data/endgame.ts;scripts/data/validate.ts;tests/unit/endgame.test.ts"
"src/lib/generated/endgame/pf.json","groups.[].encounters.[].battles.[].stages.[].waveModel.waves.[].monsterGroups.[].monsterGroupId","neutral","633","5697","number","src/lib/domain/endgame.ts;scripts/data/debug-pf-hp.ts;scripts/data/endgame.ts;tests/unit/endgame.test.ts"
"src/lib/generated/endgame/pf.json","groups.[].encounters.[].battles.[].stages.[].waveModel.waves.[].monsterGroups.[].orderedEnemies.[].monsterId","neutral","17900","127760","number","src/lib/components/endgame/EndgameEnemyCard.svelte;src/lib/components/enemy/EnemyDetailPage.svelte;src/lib/domain/endgame-view.ts;src/lib/domain/endgame.ts;src/lib/domain/enemy-view.ts;src/lib/domain/types.ts;src/lib/server/endgame.ts;scripts/data/as-boss-guides.ts;... 19 candidate files"
"src/lib/generated/endgame/pf.json","groups.[].encounters.[].battles.[].stages.[].waveModel.waves.[].monsterGroups.[].orderedEnemies.[].monsterTemplateId","neutral","17900","125300","number","src/lib/components/endgame/EndgameEnemyCard.svelte;src/lib/components/enemy/EnemyDetailPage.svelte;src/lib/domain/endgame-view.ts;src/lib/domain/endgame.ts;src/lib/domain/enemy-view.ts;src/lib/domain/types.ts;src/lib/server/endgame.ts;src/lib/server/enemies.ts;... 20 candidate files"
"src/lib/generated/endgame/pf.json","groups.[].encounters.[].battles.[].stages.[].waveModel.waves.[].monsterGroups.[].orderedEnemies.[].name","localized","17900","343348","string","src/lib/components/CharacterCatalogPage.svelte;src/lib/components/CharacterOverviewCard.svelte;src/lib/components/CompactEntityCard.svelte;src/lib/components/DetailPage.svelte;src/lib/components/EffectExplanationSection.svelte;src/lib/components/EidolonCard.svelte;src/lib/components/endgame/EndgameEnemyCard.svelte;src/lib/components/endgame/EndgameOverviewCard.svelte;... 110 candidate files"
"src/lib/generated/endgame/pf.json","groups.[].encounters.[].battles.[].stages.[].waveModel.waves.[].monsterGroups.[].orderedEnemies.[].hp.hpBase","neutral","17900","118818","string","src/lib/domain/endgame-view.ts;src/lib/domain/endgame.ts;scripts/data/debug-pf-hp.ts;scripts/data/endgame.ts;scripts/data/pure-fiction-hp.ts;scripts/data/stats.ts;scripts/data/validate.ts;tests/unit/endgame-view.test.ts;... 9 candidate files"
"src/lib/generated/endgame/pf.json","groups.[].encounters.[].battles.[].stages.[].waveModel.waves.[].monsterGroups.[].orderedEnemies.[].hp.instanceRatio","neutral","17900","57579","string","src/lib/domain/endgame-view.ts;src/lib/domain/endgame.ts;scripts/data/debug-pf-hp.ts;scripts/data/endgame.ts;scripts/data/enemy-detail.ts;scripts/data/enemy-stats.ts;scripts/data/pure-fiction-hp.ts;scripts/data/validate.ts;... 10 candidate files"
"src/lib/generated/endgame/pf.json","groups.[].encounters.[].battles.[].stages.[].waveModel.waves.[].monsterGroups.[].orderedEnemies.[].hp.levelRatio","neutral","17900","187814","string","src/lib/domain/endgame-view.ts;src/lib/domain/endgame.ts;scripts/data/debug-pf-hp.ts;scripts/data/endgame.ts;scripts/data/enemy-detail.ts;scripts/data/enemy-stats.ts;scripts/data/pure-fiction-hp.ts;scripts/data/validate.ts;... 10 candidate files"
"src/lib/generated/endgame/pf.json","groups.[].encounters.[].battles.[].stages.[].waveModel.waves.[].monsterGroups.[].orderedEnemies.[].hp.eliteRatio","neutral","17900","53750","string","src/lib/domain/endgame-view.ts;src/lib/domain/endgame.ts;scripts/data/debug-pf-hp.ts;scripts/data/endgame.ts;scripts/data/enemy-detail.ts;scripts/data/enemy-stats.ts;scripts/data/pure-fiction-hp.ts;scripts/data/validate.ts;... 10 candidate files"
"src/lib/generated/endgame/pf.json","groups.[].encounters.[].battles.[].stages.[].waveModel.waves.[].monsterGroups.[].orderedEnemies.[].hp.baseEncounterMaxHpPerBar","neutral","17900","246799","string","src/lib/domain/endgame-view.ts;src/lib/domain/endgame.ts;scripts/data/debug-pf-hp.ts;scripts/data/endgame.ts;scripts/data/pure-fiction-hp.ts;scripts/data/validate.ts;tests/unit/endgame-view.test.ts;tests/unit/endgame.test.ts"
"src/lib/generated/endgame/pf.json","groups.[].encounters.[].battles.[].stages.[].waveModel.waves.[].monsterGroups.[].orderedEnemies.[].hp.final.status","neutral","17900","179000","string","src/lib/components/endgame/EndgameSeasonHero.svelte;src/lib/components/enemy/EnemyStatsPanel.svelte;src/lib/components/Navigator.svelte;src/lib/domain/endgame-view.ts;src/lib/domain/endgame.ts;src/lib/domain/types.ts;src/lib/search/endgame.ts;src/routes/+error.svelte;... 29 candidate files"
"src/lib/generated/endgame/pf.json","groups.[].encounters.[].battles.[].stages.[].waveModel.waves.[].monsterGroups.[].orderedEnemies.[].hp.final.maxHpPerBar","neutral","17900","129896","string","src/lib/domain/endgame-view.ts;src/lib/domain/endgame.ts;scripts/data/debug-pf-hp.ts;scripts/data/endgame.ts;scripts/data/pure-fiction-hp.ts;scripts/data/validate.ts;tests/unit/endgame-view.test.ts;tests/unit/endgame.test.ts"
"src/lib/generated/endgame/pf.json","groups.[].encounters.[].battles.[].stages.[].waveModel.waves.[].monsterGroups.[].orderedEnemies.[].hp.final.source","neutral","17900","340100","string","src/lib/components/DetailArtwork.svelte;src/lib/components/DetailPage.svelte;src/lib/components/endgame/as/AsBossDossier.svelte;src/lib/components/enemy/EnemyDetailPage.svelte;src/lib/components/relic/RelicDetailPage.svelte;src/lib/components/relic/RelicIcon.svelte;src/lib/components/SemanticIconLabel.svelte;src/lib/content/changelog/index.ts;... 46 candidate files"
"src/lib/generated/endgame/pf.json","groups.[].encounters.[].battles.[].stages.[].waveModel.waves.[].monsterGroups.[].orderedEnemies.[].hp.final.rounding","neutral","17900","161155","string","src/lib/domain/endgame.ts;scripts/data/debug-pf-hp.ts;scripts/data/endgame.ts;scripts/data/pure-fiction-hp.ts;scripts/data/validate.ts;tests/unit/endgame-view.test.ts;tests/unit/endgame.test.ts"
"src/lib/generated/endgame/pf.json","groups.[].encounters.[].battles.[].stages.[].waveModel.waves.[].monsterGroups.[].orderedEnemies.[].hp.eliteGroupId","neutral","17900","35825","number","src/lib/domain/endgame-view.ts;src/lib/domain/endgame.ts;scripts/data/endgame.ts;tests/unit/endgame-view.test.ts"
"src/lib/generated/endgame/pf.json","groups.[].encounters.[].battles.[].stages.[].waveModel.waves.[].monsterGroups.[].orderedEnemies.[].hp.eliteGroupTable","neutral","17900","125300","string","src/lib/domain/endgame-view.ts;src/lib/domain/endgame.ts;scripts/data/endgame.ts;tests/unit/endgame-view.test.ts"
"src/lib/generated/endgame/pf.json","groups.[].encounters.[].battles.[].stages.[].waveModel.waves.[].monsterGroups.[].orderedEnemies.[].hp.eliteContextSource","neutral","17900","232700","string","src/lib/domain/endgame-view.ts;src/lib/domain/endgame.ts;scripts/data/endgame.ts;tests/unit/endgame-view.test.ts"
"src/lib/generated/endgame/pf.json","groups.[].encounters.[].battles.[].stages.[].waveModel.waves.[].monsterGroups.[].orderedEnemies.[].hp.eliteContextConfidence","neutral","17900","179000","string","src/lib/domain/endgame-view.ts;src/lib/domain/endgame.ts;scripts/data/endgame.ts;tests/unit/endgame-view.test.ts"
"src/lib/generated/endgame/pf.json","groups.[].encounters.[].battles.[].stages.[].waveModel.waves.[].monsterGroups.[].orderedEnemies.[].speed.status","neutral","17900","179000","string","src/lib/components/endgame/EndgameSeasonHero.svelte;src/lib/components/enemy/EnemyStatsPanel.svelte;src/lib/components/Navigator.svelte;src/lib/domain/endgame-view.ts;src/lib/domain/endgame.ts;src/lib/domain/types.ts;src/lib/search/endgame.ts;src/routes/+error.svelte;... 29 candidate files"
"src/lib/generated/endgame/pf.json","groups.[].encounters.[].battles.[].stages.[].waveModel.waves.[].monsterGroups.[].orderedEnemies.[].speed.base","neutral","17900","87271","string","src/lib/components/BaseStatsPanel.svelte;src/lib/components/DetailPage.svelte;src/lib/domain/endgame.ts;src/lib/domain/stats.ts;src/lib/domain/types.ts;src/lib/search/name-metadata.ts;scripts/data/character-names.ts;scripts/data/endgame.ts;... 22 candidate files"
"src/lib/generated/endgame/pf.json","groups.[].encounters.[].battles.[].stages.[].waveModel.waves.[].monsterGroups.[].orderedEnemies.[].speed.instanceRatio","neutral","17900","53700","string","src/lib/domain/endgame-view.ts;src/lib/domain/endgame.ts;scripts/data/debug-pf-hp.ts;scripts/data/endgame.ts;scripts/data/enemy-detail.ts;scripts/data/enemy-stats.ts;scripts/data/pure-fiction-hp.ts;scripts/data/validate.ts;... 10 candidate files"
"src/lib/generated/endgame/pf.json","groups.[].encounters.[].battles.[].stages.[].waveModel.waves.[].monsterGroups.[].orderedEnemies.[].speed.instanceValue","neutral","17900","53923","string","src/lib/domain/endgame.ts;scripts/data/endgame.ts;scripts/data/enemy-detail.ts;scripts/data/enemy-stats.ts;scripts/data/validate.ts;tests/unit/endgame-view.test.ts"
"src/lib/generated/endgame/pf.json","groups.[].encounters.[].battles.[].stages.[].waveModel.waves.[].monsterGroups.[].orderedEnemies.[].speed.levelRatio","neutral","17900","71876","string","src/lib/domain/endgame-view.ts;src/lib/domain/endgame.ts;scripts/data/debug-pf-hp.ts;scripts/data/endgame.ts;scripts/data/enemy-detail.ts;scripts/data/enemy-stats.ts;scripts/data/pure-fiction-hp.ts;scripts/data/validate.ts;... 10 candidate files"
"src/lib/generated/endgame/pf.json","groups.[].encounters.[].battles.[].stages.[].waveModel.waves.[].monsterGroups.[].orderedEnemies.[].speed.eliteRatio","neutral","17900","53700","string","src/lib/domain/endgame-view.ts;src/lib/domain/endgame.ts;scripts/data/debug-pf-hp.ts;scripts/data/endgame.ts;scripts/data/enemy-detail.ts;scripts/data/enemy-stats.ts;scripts/data/pure-fiction-hp.ts;scripts/data/validate.ts;... 10 candidate files"
"src/lib/generated/endgame/pf.json","groups.[].encounters.[].battles.[].stages.[].waveModel.waves.[].monsterGroups.[].orderedEnemies.[].speed.configuredValue","neutral","17900","105543","string","src/lib/domain/endgame-view.ts;src/lib/domain/endgame.ts;scripts/data/enemy-detail.ts;scripts/data/enemy-stats.ts;scripts/data/validate.ts;tests/unit/endgame-view.test.ts;tests/unit/endgame.test.ts"
"src/lib/generated/endgame/pf.json","groups.[].encounters.[].battles.[].stages.[].waveModel.waves.[].monsterGroups.[].orderedEnemies.[].toughness.internalStance.status","neutral","17900","179396","string","src/lib/components/endgame/EndgameSeasonHero.svelte;src/lib/components/enemy/EnemyStatsPanel.svelte;src/lib/components/Navigator.svelte;src/lib/domain/endgame-view.ts;src/lib/domain/endgame.ts;src/lib/domain/types.ts;src/lib/search/endgame.ts;src/routes/+error.svelte;... 29 candidate files"
"src/lib/generated/endgame/pf.json","groups.[].encounters.[].battles.[].stages.[].waveModel.waves.[].monsterGroups.[].orderedEnemies.[].toughness.internalStance.baseInternal","neutral","17768","72679","string","src/lib/domain/endgame.ts;scripts/data/enemy-stats.ts;scripts/data/validate.ts;tests/unit/endgame-view.test.ts;tests/unit/endgame.test.ts"
"src/lib/generated/endgame/pf.json","groups.[].encounters.[].battles.[].stages.[].waveModel.waves.[].monsterGroups.[].orderedEnemies.[].toughness.internalStance.instanceRatio","neutral","17768","53304","string","src/lib/domain/endgame-view.ts;src/lib/domain/endgame.ts;scripts/data/debug-pf-hp.ts;scripts/data/endgame.ts;scripts/data/enemy-detail.ts;scripts/data/enemy-stats.ts;scripts/data/pure-fiction-hp.ts;scripts/data/validate.ts;... 10 candidate files"
"src/lib/generated/endgame/pf.json","groups.[].encounters.[].battles.[].stages.[].waveModel.waves.[].monsterGroups.[].orderedEnemies.[].toughness.internalStance.instanceValueInternal","neutral","17768","55059","string","src/lib/domain/endgame.ts;scripts/data/enemy-stats.ts;scripts/data/validate.ts;tests/unit/endgame-view.test.ts;tests/unit/endgame.test.ts"
"src/lib/generated/endgame/pf.json","groups.[].encounters.[].battles.[].stages.[].waveModel.waves.[].monsterGroups.[].orderedEnemies.[].toughness.internalStance.hardLevelRatio","neutral","17768","53304","string","src/lib/domain/endgame.ts;scripts/data/enemy-stats.ts;scripts/data/validate.ts;tests/unit/endgame-view.test.ts;tests/unit/endgame.test.ts"
"src/lib/generated/endgame/pf.json","groups.[].encounters.[].battles.[].stages.[].waveModel.waves.[].monsterGroups.[].orderedEnemies.[].toughness.internalStance.eliteRatio","neutral","17768","53304","string","src/lib/domain/endgame-view.ts;src/lib/domain/endgame.ts;scripts/data/debug-pf-hp.ts;scripts/data/endgame.ts;scripts/data/enemy-detail.ts;scripts/data/enemy-stats.ts;scripts/data/pure-fiction-hp.ts;scripts/data/validate.ts;... 10 candidate files"
"src/lib/generated/endgame/pf.json","groups.[].encounters.[].battles.[].stages.[].waveModel.waves.[].monsterGroups.[].orderedEnemies.[].toughness.internalStance.resolvedInternal","neutral","17768","72749","string","src/lib/domain/endgame.ts;scripts/data/endgame.ts;scripts/data/enemy-stats.ts;scripts/data/validate.ts;tests/unit/endgame-view.test.ts;tests/unit/endgame.test.ts"
"src/lib/generated/endgame/pf.json","groups.[].encounters.[].battles.[].stages.[].waveModel.waves.[].monsterGroups.[].orderedEnemies.[].toughness.display.status","neutral","17900","179396","string","src/lib/components/endgame/EndgameSeasonHero.svelte;src/lib/components/enemy/EnemyStatsPanel.svelte;src/lib/components/Navigator.svelte;src/lib/domain/endgame-view.ts;src/lib/domain/endgame.ts;src/lib/domain/types.ts;src/lib/search/endgame.ts;src/routes/+error.svelte;... 29 candidate files"
"src/lib/generated/endgame/pf.json","groups.[].encounters.[].battles.[].stages.[].waveModel.waves.[].monsterGroups.[].orderedEnemies.[].toughness.display.perBar","neutral","17768","71445","string","src/lib/domain/endgame-view.ts;src/lib/domain/endgame.ts;scripts/data/endgame.ts;scripts/data/validate.ts;tests/unit/endgame-view.test.ts;tests/unit/endgame.test.ts"
"src/lib/generated/endgame/pf.json","groups.[].encounters.[].battles.[].stages.[].waveModel.waves.[].monsterGroups.[].orderedEnemies.[].toughness.barCount","neutral","17899","17899","number","src/lib/components/endgame/EndgameEnemyCard.svelte;src/lib/domain/endgame-view.ts;src/lib/domain/endgame.ts;scripts/data/endgame.ts;scripts/data/validate.ts;tests/unit/endgame-view.test.ts;tests/unit/endgame.test.ts"
"src/lib/generated/endgame/pf.json","groups.[].encounters.[].battles.[].stages.[].waveModel.waves.[].monsterGroups.[].orderedEnemies.[].toughness.runtimeStatus","neutral","17900","154108","string","src/lib/domain/endgame.ts;scripts/data/endgame.ts;tests/unit/endgame-view.test.ts;tests/unit/endgame.test.ts"
"src/lib/generated/endgame/pf.json","groups.[].encounters.[].battles.[].stages.[].waveModel.waves.[].monsterGroups.[].orderedEnemies.[].mechanics.sharedHp","neutral","17900","89500","boolean","src/lib/domain/endgame-view.ts;src/lib/domain/endgame.ts;scripts/data/endgame.ts;tests/unit/endgame-view.test.ts;tests/unit/endgame.test.ts"
"src/lib/generated/endgame/pf.json","groups.[].encounters.[].battles.[].stages.[].waveModel.waves.[].monsterGroups.[].orderedEnemies.[].mechanics.restoresHp","neutral","17900","89500","boolean","src/lib/domain/endgame-view.ts;src/lib/domain/endgame.ts;scripts/data/endgame.ts;tests/unit/endgame-view.test.ts;tests/unit/endgame.test.ts"
"src/lib/generated/endgame/pf.json","groups.[].encounters.[].battles.[].stages.[].waveModel.waves.[].monsterGroups.[].orderedEnemies.[].mechanics.locksHp","neutral","17900","87369","boolean","src/lib/domain/endgame-view.ts;src/lib/domain/endgame.ts;scripts/data/endgame.ts;tests/unit/endgame-view.test.ts"
"src/lib/generated/endgame/pf.json","groups.[].encounters.[].battles.[].stages.[].waveModel.waves.[].monsterGroups.[].orderedEnemies.[].mechanics.manipulatesHp","neutral","17900","87369","boolean","src/lib/domain/endgame-view.ts;src/lib/domain/endgame.ts;scripts/data/endgame.ts;tests/unit/endgame-view.test.ts"
"src/lib/generated/endgame/pf.json","groups.[].encounters.[].battles.[].stages.[].waveModel.waves.[].monsterGroups.[].orderedEnemies.[].mechanics.characterConfig","neutral","17900","1193540","string","src/lib/domain/endgame.ts;scripts/data/endgame.ts"
"src/lib/generated/endgame/pf.json","groups.[].encounters.[].battles.[].stages.[].waveModel.waves.[].monsterGroups.[].orderedEnemies.[].mechanics.abilityConfig","neutral","17776","1165489","string","src/lib/domain/endgame.ts;scripts/data/endgame.ts"
"src/lib/generated/endgame/pf.json","groups.[].encounters.[].battles.[].stages.[].waveModel.waves.[].monsterGroups.[].orderedEnemies.[].mechanics.abilityReferences.[]","neutral","143411","5813093","string","src/lib/domain/endgame.ts;scripts/data/endgame.ts;tests/unit/endgame-view.test.ts"
"src/lib/generated/endgame/pf.json","groups.[].encounters.[].battles.[].stages.[].waveModel.waves.[].monsterGroups.[].orderedEnemies.[].mechanics.effectiveTotalHpStatus","neutral","17900","302446","string","src/lib/domain/endgame-view.ts;src/lib/domain/endgame.ts;scripts/data/endgame.ts;tests/unit/endgame-view.test.ts;tests/unit/endgame.test.ts"
"src/lib/generated/endgame/pf.json","groups.[].encounters.[].battles.[].stages.[].waveModel.waves.[].monsterGroups.[].orderedEnemies.[].mechanics.effectiveTotalHp","neutral","206","1363","string","src/lib/domain/endgame.ts;scripts/data/endgame.ts;tests/unit/endgame.test.ts"
"src/lib/generated/endgame/pf.json","groups.[].encounters.[].battles.[].stages.[].waveModel.waves.[].maxMonsterCount","neutral","633","1266","number","src/lib/domain/endgame.ts;scripts/data/endgame.ts"
"src/lib/generated/endgame/pf.json","groups.[].encounters.[].battles.[].stages.[].waveModel.waves.[].maxTeammateCount","neutral","633","633","number","src/lib/domain/endgame.ts;scripts/data/endgame.ts"
"src/lib/generated/endgame/pf.json","groups.[].encounters.[].battles.[].stages.[].waveModel.waves.[].clearPreviousAbility","neutral","633","2532","boolean","src/lib/domain/endgame.ts;scripts/data/endgame.ts"
"src/lib/generated/endgame/pf.json","groups.[].encounters.[].battles.[].stages.[].waveModel.waves.[].pureFictionMechanic.hpModifier.status","neutral","633","6330","string","src/lib/components/endgame/EndgameSeasonHero.svelte;src/lib/components/enemy/EnemyStatsPanel.svelte;src/lib/components/Navigator.svelte;src/lib/domain/endgame-view.ts;src/lib/domain/endgame.ts;src/lib/domain/types.ts;src/lib/search/endgame.ts;src/routes/+error.svelte;... 29 candidate files"
"src/lib/generated/endgame/pf.json","groups.[].encounters.[].battles.[].stages.[].waveModel.waves.[].pureFictionMechanic.hpModifier.source","neutral","633","8766","string","src/lib/components/DetailArtwork.svelte;src/lib/components/DetailPage.svelte;src/lib/components/endgame/as/AsBossDossier.svelte;src/lib/components/enemy/EnemyDetailPage.svelte;src/lib/components/relic/RelicDetailPage.svelte;src/lib/components/relic/RelicIcon.svelte;src/lib/components/SemanticIconLabel.svelte;src/lib/content/changelog/index.ts;... 46 candidate files"
"src/lib/generated/endgame/pf.json","groups.[].encounters.[].battles.[].stages.[].waveModel.waves.[].pureFictionMechanic.hpModifier.hpAddedRatio","neutral","633","2830","string","src/lib/domain/endgame.ts;scripts/data/debug-pf-hp.ts;scripts/data/pure-fiction-hp.ts;tests/unit/endgame.test.ts"
"src/lib/generated/endgame/pf.json","groups.[].encounters.[].battles.[].stages.[].waveModel.waves.[].pureFictionMechanic.hpModifier.totalRatio","neutral","633","2838","string","src/lib/domain/endgame.ts;scripts/data/debug-pf-hp.ts;scripts/data/pure-fiction-hp.ts;tests/unit/endgame.test.ts"
"src/lib/generated/endgame/pf.json","groups.[].encounters.[].battles.[].stages.[].waveModel.waves.[].pureFictionMechanic.rounding.ordinary","neutral","633","5697","string","src/lib/domain/endgame.ts;scripts/data/debug-pf-hp.ts;scripts/data/decimal.ts;scripts/data/endgame.ts;scripts/data/pure-fiction-hp.ts;scripts/data/validate.ts;tests/e2e/search-v2.spec.ts;tests/unit/endgame.test.ts"
"src/lib/generated/endgame/pf.json","groups.[].encounters.[].battles.[].stages.[].waveModel.waves.[].pureFictionMechanic.rounding.leader","neutral","633","6330","string","src/lib/domain/endgame.ts;scripts/data/debug-pf-hp.ts;scripts/data/decimal.ts;scripts/data/endgame.ts;scripts/data/pure-fiction-hp.ts;scripts/data/validate.ts;tests/unit/endgame.test.ts"
"src/lib/generated/endgame/pf.json","groups.[].encounters.[].battles.[].stages.[].waveModel.waves.[].pureFictionMechanic.rounding.leaderRanks.[]","neutral","1266","13293","string","src/lib/domain/endgame.ts;scripts/data/endgame.ts;scripts/data/validate.ts;tests/unit/endgame.test.ts"
"src/lib/generated/endgame/pf.json","groups.[].encounters.[].battles.[].stages.[].waveModel.waves.[].pureFictionMechanic.hpParentChild.status","neutral","633","7050","string","src/lib/components/endgame/EndgameSeasonHero.svelte;src/lib/components/enemy/EnemyStatsPanel.svelte;src/lib/components/Navigator.svelte;src/lib/domain/endgame-view.ts;src/lib/domain/endgame.ts;src/lib/domain/types.ts;src/lib/search/endgame.ts;src/routes/+error.svelte;... 29 candidate files"
"src/lib/generated/endgame/pf.json","groups.[].encounters.[].battles.[].stages.[].waveModel.waves.[].pureFictionMechanic.hpParentChild.reason","neutral","240","5040","string","src/lib/domain/endgame-view.ts;src/lib/domain/endgame.ts;src/lib/domain/types.ts;scripts/assets/enemies/ensure.ts;scripts/assets/enemies/shared.ts;scripts/assets/enemies/sync.ts;scripts/data/debug-pf-hp.ts;scripts/data/endgame.ts;... 18 candidate files"
"src/lib/generated/endgame/pf.json","groups.[].encounters.[].battles.[].stages.[].waveModel.waves.[].pureFictionMechanic.killTransfer.status","neutral","633","8229","string","src/lib/components/endgame/EndgameSeasonHero.svelte;src/lib/components/enemy/EnemyStatsPanel.svelte;src/lib/components/Navigator.svelte;src/lib/domain/endgame-view.ts;src/lib/domain/endgame.ts;src/lib/domain/types.ts;src/lib/search/endgame.ts;src/routes/+error.svelte;... 29 candidate files"
"src/lib/generated/endgame/pf.json","groups.[].encounters.[].battles.[].stages.[].waveModel.waves.[].pureFictionMechanic.killTransfer.reason","neutral","633","18402","string","src/lib/domain/endgame-view.ts;src/lib/domain/endgame.ts;src/lib/domain/types.ts;scripts/assets/enemies/ensure.ts;scripts/assets/enemies/shared.ts;scripts/assets/enemies/sync.ts;scripts/data/debug-pf-hp.ts;scripts/data/endgame.ts;... 18 candidate files"
"src/lib/generated/endgame/pf.json","groups.[].encounters.[].battles.[].stages.[].waveModel.waves.[].ability","neutral","609","20706","string","src/lib/components/TraceCardPanel.svelte;src/lib/domain/endgame.ts;src/lib/domain/trace-groups.ts;src/lib/domain/types.ts;scripts/data/debug-pf-hp.ts;scripts/data/endgame.ts;scripts/data/pure-fiction-hp.ts;scripts/data/sync.ts;... 15 candidate files"
"src/lib/generated/endgame/pf.json","groups.[].encounters.[].battles.[].stages.[].waveModel.waves.[].params.[]","neutral","1218","5335","string","src/lib/components/CharacterCatalogPage.svelte;src/lib/components/DetailPage.svelte;src/lib/components/EnemyCatalogPage.svelte;src/lib/components/LightConeCatalogPage.svelte;src/lib/components/RelicCatalogPage.svelte;src/lib/domain/character-filters.ts;src/lib/domain/endgame.ts;src/lib/domain/enemy-overview.ts;... 27 candidate files"
"src/lib/generated/endgame/pf.json","groups.[].encounters.[].battles.[].stages.[].waveModel.waves.[].pureFictionMechanic.hpModifier.ability","neutral","609","20706","string","src/lib/components/TraceCardPanel.svelte;src/lib/domain/endgame.ts;src/lib/domain/trace-groups.ts;src/lib/domain/types.ts;scripts/data/debug-pf-hp.ts;scripts/data/endgame.ts;scripts/data/pure-fiction-hp.ts;scripts/data/sync.ts;... 15 candidate files"
"src/lib/generated/endgame/pf.json","groups.[].encounters.[].battles.[].stages.[].waveModel.waves.[].pureFictionMechanic.hpModifier.paramIndex","neutral","609","609","number","src/lib/domain/endgame.ts;scripts/data/as-boss-guides.ts;scripts/data/pure-fiction-hp.ts;tests/unit/endgame.test.ts"
"src/lib/generated/endgame/pf.json","groups.[].encounters.[].baseMechanic.mazeBuffId","neutral","104","728","number","src/lib/domain/endgame.ts;scripts/data/endgame.ts;scripts/data/maze-buffs.ts;scripts/data/validate.ts;tests/unit/endgame.test.ts"
"src/lib/generated/endgame/pf.json","groups.[].encounters.[].baseMechanic.display.id","neutral","40","280","number","src/lib/components/BaseStatsPanel.svelte;src/lib/components/ChangelogModal.svelte;src/lib/components/CharacterCatalogPage.svelte;src/lib/components/CharacterOverviewCard.svelte;src/lib/components/DetailPage.svelte;src/lib/components/EffectExplanationSection.svelte;src/lib/components/EidolonCard.svelte;src/lib/components/endgame/as/ApocalypticShadowNodeSection.svelte;... 117 candidate files"
"src/lib/generated/endgame/pf.json","groups.[].encounters.[].baseMechanic.display.name","localized","40","560","string","src/lib/components/CharacterCatalogPage.svelte;src/lib/components/CharacterOverviewCard.svelte;src/lib/components/CompactEntityCard.svelte;src/lib/components/DetailPage.svelte;src/lib/components/EffectExplanationSection.svelte;src/lib/components/EidolonCard.svelte;src/lib/components/endgame/EndgameEnemyCard.svelte;src/lib/components/endgame/EndgameOverviewCard.svelte;... 110 candidate files"
"src/lib/generated/endgame/pf.json","groups.[].encounters.[].baseMechanic.display.nameHash","neutral","40","856","string","src/lib/domain/endgame.ts;scripts/data/as-boss-guides.ts;scripts/data/maze-buffs.ts;tests/unit/endgame.test.ts"
"src/lib/generated/endgame/pf.json","groups.[].encounters.[].baseMechanic.display.description","localized","40","9948","string","src/lib/components/CharacterCatalogPage.svelte;src/lib/components/DetailPage.svelte;src/lib/components/EffectExplanationSection.svelte;src/lib/components/EidolonCard.svelte;src/lib/components/endgame/mechanics/BuffOptionTile.svelte;src/lib/components/endgame/mechanics/MechanicEntry.svelte;src/lib/components/endgame/mechanics/MechanicSectionCard.svelte;src/lib/components/endgame/modes/AnomalyArbitrationDetailContent.svelte;... 47 candidate files"
"src/lib/generated/endgame/pf.json","groups.[].encounters.[].baseMechanic.display.descriptionHash","neutral","40","860","string","src/lib/domain/endgame.ts;scripts/data/as-boss-guides.ts;scripts/data/maze-buffs.ts;tests/unit/endgame.test.ts"
"src/lib/generated/endgame/pf.json","groups.[].encounters.[].baseMechanic.display.params.[]","neutral","100","480","string","src/lib/components/CharacterCatalogPage.svelte;src/lib/components/DetailPage.svelte;src/lib/components/EnemyCatalogPage.svelte;src/lib/components/LightConeCatalogPage.svelte;src/lib/components/RelicCatalogPage.svelte;src/lib/domain/character-filters.ts;src/lib/domain/endgame.ts;src/lib/domain/enemy-overview.ts;... 27 candidate files"
"src/lib/generated/endgame/pf.json","groups.[].encounters.[].baseMechanic.display.upstreamIconPath","neutral","40","2000","string","src/lib/domain/endgame.ts;scripts/data/maze-buffs.ts;tests/unit/endgame.test.ts"
"src/lib/generated/endgame/pf.json","groups.[].encounters.[].baseMechanic.display.bindingKey","neutral","40","1320","string","src/lib/domain/endgame.ts;scripts/data/endgame.ts;scripts/data/maze-buffs.ts;tests/unit/endgame.test.ts"
"src/lib/generated/endgame/pf.json","groups.[].encounters.[].baseMechanic.provenance.table","neutral","104","2704","string","src/lib/components/enemy/EnemyDetailPage.svelte;src/lib/domain/endgame.ts;src/lib/search/name-metadata.ts;scripts/data/as-boss-guides.ts;scripts/data/character-names.ts;scripts/data/endgame.ts;scripts/data/maze-buffs.ts;tests/e2e/enemy-detail.spec.ts;... 11 candidate files"
"src/lib/generated/endgame/pf.json","groups.[].encounters.[].baseMechanic.provenance.ownerId","neutral","104","520","number","src/lib/domain/endgame.ts;src/lib/domain/trace-groups.ts;scripts/data/as-boss-guides.ts;scripts/data/endgame.ts;scripts/data/extra-effects.ts;scripts/data/sync.ts;tests/unit/endgame.test.ts"
"src/lib/generated/endgame/pf.json","groups.[].encounters.[].baseMechanic.provenance.field","neutral","104","1248","string","src/lib/domain/endgame.ts;src/lib/search/name-metadata.ts;scripts/data/as-boss-guides.ts;scripts/data/character-names.ts;scripts/data/endgame.ts;scripts/data/extra-effects.ts;scripts/data/localization.ts;scripts/data/maze-buffs.ts;... 17 candidate files"
"src/lib/generated/endgame/pf.json","groups.[].encounters.[].battles.[].stages.[].waveModel.waves.[].monsterGroups.[].orderedEnemies.[].mechanics.summons.[]","neutral","695","4889","number","src/lib/components/enemy/EnemyDetailPage.svelte;src/lib/domain/endgame-view.ts;src/lib/domain/endgame.ts;src/lib/domain/enemy-view.ts;src/lib/domain/types.ts;src/lib/server/enemies.ts;scripts/data/endgame.ts;scripts/data/sync.ts;... 11 candidate files"
"src/lib/generated/endgame/pf.json","groups.[].encounters.[].battles.[].stages.[].stageAbilities.[]","neutral","19","514","string","src/lib/domain/endgame.ts;scripts/data/endgame.ts"
"src/lib/generated/endgame/pf.json","groups.[].groupBaseMechanic.mazeBuffId","neutral","26","182","number","src/lib/domain/endgame.ts;scripts/data/endgame.ts;scripts/data/maze-buffs.ts;scripts/data/validate.ts;tests/unit/endgame.test.ts"
"src/lib/generated/endgame/pf.json","groups.[].groupBaseMechanic.display.id","neutral","10","70","number","src/lib/components/BaseStatsPanel.svelte;src/lib/components/ChangelogModal.svelte;src/lib/components/CharacterCatalogPage.svelte;src/lib/components/CharacterOverviewCard.svelte;src/lib/components/DetailPage.svelte;src/lib/components/EffectExplanationSection.svelte;src/lib/components/EidolonCard.svelte;src/lib/components/endgame/as/ApocalypticShadowNodeSection.svelte;... 117 candidate files"
"src/lib/generated/endgame/pf.json","groups.[].groupBaseMechanic.display.name","localized","10","140","string","src/lib/components/CharacterCatalogPage.svelte;src/lib/components/CharacterOverviewCard.svelte;src/lib/components/CompactEntityCard.svelte;src/lib/components/DetailPage.svelte;src/lib/components/EffectExplanationSection.svelte;src/lib/components/EidolonCard.svelte;src/lib/components/endgame/EndgameEnemyCard.svelte;src/lib/components/endgame/EndgameOverviewCard.svelte;... 110 candidate files"
"src/lib/generated/endgame/pf.json","groups.[].groupBaseMechanic.display.nameHash","neutral","10","214","string","src/lib/domain/endgame.ts;scripts/data/as-boss-guides.ts;scripts/data/maze-buffs.ts;tests/unit/endgame.test.ts"
"src/lib/generated/endgame/pf.json","groups.[].groupBaseMechanic.display.description","localized","10","2487","string","src/lib/components/CharacterCatalogPage.svelte;src/lib/components/DetailPage.svelte;src/lib/components/EffectExplanationSection.svelte;src/lib/components/EidolonCard.svelte;src/lib/components/endgame/mechanics/BuffOptionTile.svelte;src/lib/components/endgame/mechanics/MechanicEntry.svelte;src/lib/components/endgame/mechanics/MechanicSectionCard.svelte;src/lib/components/endgame/modes/AnomalyArbitrationDetailContent.svelte;... 47 candidate files"
"src/lib/generated/endgame/pf.json","groups.[].groupBaseMechanic.display.descriptionHash","neutral","10","215","string","src/lib/domain/endgame.ts;scripts/data/as-boss-guides.ts;scripts/data/maze-buffs.ts;tests/unit/endgame.test.ts"
"src/lib/generated/endgame/pf.json","groups.[].groupBaseMechanic.display.params.[]","neutral","25","120","string","src/lib/components/CharacterCatalogPage.svelte;src/lib/components/DetailPage.svelte;src/lib/components/EnemyCatalogPage.svelte;src/lib/components/LightConeCatalogPage.svelte;src/lib/components/RelicCatalogPage.svelte;src/lib/domain/character-filters.ts;src/lib/domain/endgame.ts;src/lib/domain/enemy-overview.ts;... 27 candidate files"
"src/lib/generated/endgame/pf.json","groups.[].groupBaseMechanic.display.upstreamIconPath","neutral","10","500","string","src/lib/domain/endgame.ts;scripts/data/maze-buffs.ts;tests/unit/endgame.test.ts"
"src/lib/generated/endgame/pf.json","groups.[].groupBaseMechanic.display.bindingKey","neutral","10","330","string","src/lib/domain/endgame.ts;scripts/data/endgame.ts;scripts/data/maze-buffs.ts;tests/unit/endgame.test.ts"
"src/lib/generated/endgame/pf.json","groups.[].groupBaseMechanic.provenance.table","neutral","26","702","string","src/lib/components/enemy/EnemyDetailPage.svelte;src/lib/domain/endgame.ts;src/lib/search/name-metadata.ts;scripts/data/as-boss-guides.ts;scripts/data/character-names.ts;scripts/data/endgame.ts;scripts/data/maze-buffs.ts;tests/e2e/enemy-detail.spec.ts;... 11 candidate files"
"src/lib/generated/endgame/pf.json","groups.[].groupBaseMechanic.provenance.ownerId","neutral","26","104","number","src/lib/domain/endgame.ts;src/lib/domain/trace-groups.ts;scripts/data/as-boss-guides.ts;scripts/data/endgame.ts;scripts/data/extra-effects.ts;scripts/data/sync.ts;tests/unit/endgame.test.ts"
"src/lib/generated/endgame/pf.json","groups.[].groupBaseMechanic.provenance.field","neutral","26","312","string","src/lib/domain/endgame.ts;src/lib/search/name-metadata.ts;scripts/data/as-boss-guides.ts;scripts/data/character-names.ts;scripts/data/endgame.ts;scripts/data/extra-effects.ts;scripts/data/localization.ts;scripts/data/maze-buffs.ts;... 17 candidate files"
"src/lib/generated/endgame/pf.json","groups.[].cacophony.key","neutral","26","468","string","src/lib/components/CharacterCatalogPage.svelte;src/lib/components/CharacterOverviewCard.svelte;src/lib/components/DetailPage.svelte;src/lib/components/endgame/as/AsBossDossier.svelte;src/lib/components/endgame/EndgameEnemyGrid.svelte;src/lib/components/endgame/EndgameWaveGroup.svelte;src/lib/components/endgame/EndgameWaveLayout.svelte;src/lib/components/endgame/mechanics/MechanicSectionCard.svelte;... 53 candidate files"
"src/lib/generated/endgame/pf.json","groups.[].cacophony.selectCount","neutral","26","26","number","src/lib/domain/endgame.ts;scripts/data/endgame.ts"
"src/lib/generated/endgame/pf.json","groups.[].cacophony.options.[].order","neutral","78","78","number","src/lib/components/endgame/as/AsBossTraits.svelte;src/lib/components/endgame/mechanics/BuffOptionGroup.svelte;src/lib/components/SpecialEffectRelation.svelte;src/lib/domain/endgame-view.ts;src/lib/domain/endgame.ts;src/lib/domain/types.ts;src/lib/search/normalization.ts;src/lib/search/presentation.ts;... 23 candidate files"
"src/lib/generated/endgame/pf.json","groups.[].cacophony.options.[].buff.id","neutral","78","546","number","src/lib/components/BaseStatsPanel.svelte;src/lib/components/ChangelogModal.svelte;src/lib/components/CharacterCatalogPage.svelte;src/lib/components/CharacterOverviewCard.svelte;src/lib/components/DetailPage.svelte;src/lib/components/EffectExplanationSection.svelte;src/lib/components/EidolonCard.svelte;src/lib/components/endgame/as/ApocalypticShadowNodeSection.svelte;... 117 candidate files"
"src/lib/generated/endgame/pf.json","groups.[].cacophony.options.[].buff.name","localized","78","624","string","src/lib/components/CharacterCatalogPage.svelte;src/lib/components/CharacterOverviewCard.svelte;src/lib/components/CompactEntityCard.svelte;src/lib/components/DetailPage.svelte;src/lib/components/EffectExplanationSection.svelte;src/lib/components/EidolonCard.svelte;src/lib/components/endgame/EndgameEnemyCard.svelte;src/lib/components/endgame/EndgameOverviewCard.svelte;... 110 candidate files"
"src/lib/generated/endgame/pf.json","groups.[].cacophony.options.[].buff.nameHash","neutral","78","1673","string","src/lib/domain/endgame.ts;scripts/data/as-boss-guides.ts;scripts/data/maze-buffs.ts;tests/unit/endgame.test.ts"
"src/lib/generated/endgame/pf.json","groups.[].cacophony.options.[].buff.description","localized","78","17177","string","src/lib/components/CharacterCatalogPage.svelte;src/lib/components/DetailPage.svelte;src/lib/components/EffectExplanationSection.svelte;src/lib/components/EidolonCard.svelte;src/lib/components/endgame/mechanics/BuffOptionTile.svelte;src/lib/components/endgame/mechanics/MechanicEntry.svelte;src/lib/components/endgame/mechanics/MechanicSectionCard.svelte;src/lib/components/endgame/modes/AnomalyArbitrationDetailContent.svelte;... 47 candidate files"
"src/lib/generated/endgame/pf.json","groups.[].cacophony.options.[].buff.descriptionHash","neutral","78","1674","string","src/lib/domain/endgame.ts;scripts/data/as-boss-guides.ts;scripts/data/maze-buffs.ts;tests/unit/endgame.test.ts"
"src/lib/generated/endgame/pf.json","groups.[].cacophony.options.[].buff.upstreamIconPath","neutral","78","5998","string","src/lib/domain/endgame.ts;scripts/data/maze-buffs.ts;tests/unit/endgame.test.ts"
"src/lib/generated/endgame/pf.json","groups.[].cacophony.options.[].buff.bindingKey","neutral","78","2574","string","src/lib/domain/endgame.ts;scripts/data/endgame.ts;scripts/data/maze-buffs.ts;tests/unit/endgame.test.ts"
"src/lib/generated/endgame/pf.json","groups.[].cacophony.options.[].provenance.table","neutral","78","2028","string","src/lib/components/enemy/EnemyDetailPage.svelte;src/lib/domain/endgame.ts;src/lib/search/name-metadata.ts;scripts/data/as-boss-guides.ts;scripts/data/character-names.ts;scripts/data/endgame.ts;scripts/data/maze-buffs.ts;tests/e2e/enemy-detail.spec.ts;... 11 candidate files"
"src/lib/generated/endgame/pf.json","groups.[].cacophony.options.[].provenance.ownerId","neutral","78","312","number","src/lib/domain/endgame.ts;src/lib/domain/trace-groups.ts;scripts/data/as-boss-guides.ts;scripts/data/endgame.ts;scripts/data/extra-effects.ts;scripts/data/sync.ts;tests/unit/endgame.test.ts"
"src/lib/generated/endgame/pf.json","groups.[].cacophony.options.[].provenance.field","neutral","78","780","string","src/lib/domain/endgame.ts;src/lib/search/name-metadata.ts;scripts/data/as-boss-guides.ts;scripts/data/character-names.ts;scripts/data/endgame.ts;scripts/data/extra-effects.ts;scripts/data/localization.ts;scripts/data/maze-buffs.ts;... 17 candidate files"
"src/lib/generated/endgame/pf.json","groups.[].cacophony.options.[].provenance.arrayIndex","neutral","78","78","number","src/lib/domain/endgame.ts;scripts/data/as-boss-guides.ts;scripts/data/endgame.ts;scripts/data/maze-buffs.ts;tests/unit/endgame.test.ts"
"src/lib/generated/endgame/pf.json","groups.[].cacophony.options.[].buff.params.[]","neutral","186","784","string","src/lib/components/CharacterCatalogPage.svelte;src/lib/components/DetailPage.svelte;src/lib/components/EnemyCatalogPage.svelte;src/lib/components/LightConeCatalogPage.svelte;src/lib/components/RelicCatalogPage.svelte;src/lib/domain/character-filters.ts;src/lib/domain/endgame.ts;src/lib/domain/enemy-overview.ts;... 27 candidate files"
"src/lib/generated/endgame/pf.json","groups.[].cacophony.provenance.table","neutral","26","676","string","src/lib/components/enemy/EnemyDetailPage.svelte;src/lib/domain/endgame.ts;src/lib/search/name-metadata.ts;scripts/data/as-boss-guides.ts;scripts/data/character-names.ts;scripts/data/endgame.ts;scripts/data/maze-buffs.ts;tests/e2e/enemy-detail.spec.ts;... 11 candidate files"
"src/lib/generated/endgame/pf.json","groups.[].cacophony.provenance.ownerId","neutral","26","104","number","src/lib/domain/endgame.ts;src/lib/domain/trace-groups.ts;scripts/data/as-boss-guides.ts;scripts/data/endgame.ts;scripts/data/extra-effects.ts;scripts/data/sync.ts;tests/unit/endgame.test.ts"
"src/lib/generated/endgame/pf.json","groups.[].cacophony.provenance.field","neutral","26","260","string","src/lib/domain/endgame.ts;src/lib/search/name-metadata.ts;scripts/data/as-boss-guides.ts;scripts/data/character-names.ts;scripts/data/endgame.ts;scripts/data/extra-effects.ts;scripts/data/localization.ts;scripts/data/maze-buffs.ts;... 17 candidate files"
"src/lib/generated/endgame/pf.json","groups.[].encounters.[].battles.[].stages.[].waveModel.waves.[].monsterGroups.[].orderedEnemies.[].toughness.internalStance.reason","neutral","132","1848","string","src/lib/domain/endgame-view.ts;src/lib/domain/endgame.ts;src/lib/domain/types.ts;scripts/assets/enemies/ensure.ts;scripts/assets/enemies/shared.ts;scripts/assets/enemies/sync.ts;scripts/data/debug-pf-hp.ts;scripts/data/endgame.ts;... 18 candidate files"
"src/lib/generated/endgame/pf.json","groups.[].encounters.[].battles.[].stages.[].waveModel.waves.[].monsterGroups.[].orderedEnemies.[].toughness.display.reason","neutral","132","1848","string","src/lib/domain/endgame-view.ts;src/lib/domain/endgame.ts;src/lib/domain/types.ts;scripts/assets/enemies/ensure.ts;scripts/assets/enemies/shared.ts;scripts/assets/enemies/sync.ts;scripts/data/debug-pf-hp.ts;scripts/data/endgame.ts;... 18 candidate files"
"src/lib/generated/endgame/pf.json","groups.[].encounters.[].battles.[].stages.[].waveModel.waves.[].pureFictionMechanic.hpParentChild.bindingKey","neutral","393","12969","string","src/lib/domain/endgame.ts;scripts/data/endgame.ts;scripts/data/maze-buffs.ts;tests/unit/endgame.test.ts"
"src/lib/generated/endgame/pf.json","groups.[].encounters.[].battles.[].stages.[].waveModel.waves.[].pureFictionMechanic.hpParentChild.sourceMazeBuffId","neutral","393","2751","number","src/lib/domain/endgame.ts;scripts/data/endgame.ts;tests/unit/endgame.test.ts"
"src/lib/generated/endgame/pf.json","groups.[].encounters.[].battles.[].stages.[].waveModel.waves.[].pureFictionMechanic.killTransfer.bindingKey","neutral","393","12969","string","src/lib/domain/endgame.ts;scripts/data/endgame.ts;scripts/data/maze-buffs.ts;tests/unit/endgame.test.ts"
"src/lib/generated/endgame/pf.json","groups.[].encounters.[].battles.[].stages.[].waveModel.waves.[].pureFictionMechanic.killTransfer.sourceMazeBuffId","neutral","393","2751","number","src/lib/domain/endgame.ts;scripts/data/endgame.ts;tests/unit/endgame.test.ts"
"src/lib/generated/endgame/pf.json","groups.[].battleWillMechanics.[].buff.id","neutral","48","336","number","src/lib/components/BaseStatsPanel.svelte;src/lib/components/ChangelogModal.svelte;src/lib/components/CharacterCatalogPage.svelte;src/lib/components/CharacterOverviewCard.svelte;src/lib/components/DetailPage.svelte;src/lib/components/EffectExplanationSection.svelte;src/lib/components/EidolonCard.svelte;src/lib/components/endgame/as/ApocalypticShadowNodeSection.svelte;... 117 candidate files"
"src/lib/generated/endgame/pf.json","groups.[].battleWillMechanics.[].buff.name","localized","48","712","string","src/lib/components/CharacterCatalogPage.svelte;src/lib/components/CharacterOverviewCard.svelte;src/lib/components/CompactEntityCard.svelte;src/lib/components/DetailPage.svelte;src/lib/components/EffectExplanationSection.svelte;src/lib/components/EidolonCard.svelte;src/lib/components/endgame/EndgameEnemyCard.svelte;src/lib/components/endgame/EndgameOverviewCard.svelte;... 110 candidate files"
"src/lib/generated/endgame/pf.json","groups.[].battleWillMechanics.[].buff.nameHash","neutral","48","1027","string","src/lib/domain/endgame.ts;scripts/data/as-boss-guides.ts;scripts/data/maze-buffs.ts;tests/unit/endgame.test.ts"
"src/lib/generated/endgame/pf.json","groups.[].battleWillMechanics.[].buff.description","localized","48","12452","string","src/lib/components/CharacterCatalogPage.svelte;src/lib/components/DetailPage.svelte;src/lib/components/EffectExplanationSection.svelte;src/lib/components/EidolonCard.svelte;src/lib/components/endgame/mechanics/BuffOptionTile.svelte;src/lib/components/endgame/mechanics/MechanicEntry.svelte;src/lib/components/endgame/mechanics/MechanicSectionCard.svelte;src/lib/components/endgame/modes/AnomalyArbitrationDetailContent.svelte;... 47 candidate files"
"src/lib/generated/endgame/pf.json","groups.[].battleWillMechanics.[].buff.descriptionHash","neutral","48","1027","string","src/lib/domain/endgame.ts;scripts/data/as-boss-guides.ts;scripts/data/maze-buffs.ts;tests/unit/endgame.test.ts"
"src/lib/generated/endgame/pf.json","groups.[].battleWillMechanics.[].buff.params.[]","neutral","104","441","string","src/lib/components/CharacterCatalogPage.svelte;src/lib/components/DetailPage.svelte;src/lib/components/EnemyCatalogPage.svelte;src/lib/components/LightConeCatalogPage.svelte;src/lib/components/RelicCatalogPage.svelte;src/lib/domain/character-filters.ts;src/lib/domain/endgame.ts;src/lib/domain/enemy-overview.ts;... 27 candidate files"
"src/lib/generated/endgame/pf.json","groups.[].battleWillMechanics.[].buff.upstreamIconPath","neutral","48","3792","string","src/lib/domain/endgame.ts;scripts/data/maze-buffs.ts;tests/unit/endgame.test.ts"
"src/lib/generated/endgame/pf.json","groups.[].battleWillMechanics.[].buff.bindingKey","neutral","48","2112","string","src/lib/domain/endgame.ts;scripts/data/endgame.ts;scripts/data/maze-buffs.ts;tests/unit/endgame.test.ts"
"src/lib/generated/endgame/pf.json","groups.[].battleWillMechanics.[].provenance.table","neutral","48","1248","string","src/lib/components/enemy/EnemyDetailPage.svelte;src/lib/domain/endgame.ts;src/lib/search/name-metadata.ts;scripts/data/as-boss-guides.ts;scripts/data/character-names.ts;scripts/data/endgame.ts;scripts/data/maze-buffs.ts;tests/e2e/enemy-detail.spec.ts;... 11 candidate files"
"src/lib/generated/endgame/pf.json","groups.[].battleWillMechanics.[].provenance.ownerId","neutral","48","192","number","src/lib/domain/endgame.ts;src/lib/domain/trace-groups.ts;scripts/data/as-boss-guides.ts;scripts/data/endgame.ts;scripts/data/extra-effects.ts;scripts/data/sync.ts;tests/unit/endgame.test.ts"
"src/lib/generated/endgame/pf.json","groups.[].battleWillMechanics.[].provenance.field","neutral","48","816","string","src/lib/domain/endgame.ts;src/lib/search/name-metadata.ts;scripts/data/as-boss-guides.ts;scripts/data/character-names.ts;scripts/data/endgame.ts;scripts/data/extra-effects.ts;scripts/data/localization.ts;scripts/data/maze-buffs.ts;... 17 candidate files"
"src/lib/generated/endgame/pf.json","groups.[].battleWillMechanics.[].provenance.arrayIndex","neutral","48","48","number","src/lib/domain/endgame.ts;scripts/data/as-boss-guides.ts;scripts/data/endgame.ts;scripts/data/maze-buffs.ts;tests/unit/endgame.test.ts"
"src/lib/generated/homepage.json","schemaVersion","neutral","1","1","number","src/lib/domain/endgame.ts;src/lib/domain/search-index.ts;src/lib/domain/types.ts;src/lib/domain/visual-assets.ts;src/lib/search/documents.ts;src/lib/search/endgame.ts;src/lib/search/name-metadata.ts;src/lib/search/search.ts;... 36 candidate files"
"src/lib/generated/homepage.json","avatarUps.[].gachaId","neutral","6","24","number","src/lib/domain/types.ts;src/routes/+page.server.ts;scripts/data/homepage.ts;tests/unit/homepage.test.ts"
"src/lib/generated/homepage.json","avatarUps.[].avatarId","neutral","6","36","string","src/lib/components/SpecialEffectRelation.svelte;src/lib/domain/types.ts;src/routes/+page.server.ts;scripts/data/avatar-special-skills.ts;scripts/data/homepage.ts;scripts/data/sync.ts;scripts/data/validate.ts;tests/unit/data.test.ts;... 9 candidate files"
"src/lib/generated/homepage.json","weaponUps.[].gachaId","neutral","6","24","number","src/lib/domain/types.ts;src/routes/+page.server.ts;scripts/data/homepage.ts;tests/unit/homepage.test.ts"
"src/lib/generated/homepage.json","weaponUps.[].equipmentId","neutral","6","42","string","src/lib/domain/types.ts;src/routes/+page.server.ts;scripts/data/homepage.ts;tests/unit/homepage.test.ts"
"src/lib/generated/manifest.json","schemaVersion","neutral","1","2","number","src/lib/domain/endgame.ts;src/lib/domain/search-index.ts;src/lib/domain/types.ts;src/lib/domain/visual-assets.ts;src/lib/search/documents.ts;src/lib/search/endgame.ts;src/lib/search/name-metadata.ts;src/lib/search/search.ts;... 36 candidate files"
"src/lib/generated/manifest.json","sourceCommit","neutral","1","42","string","src/lib/components/Navigator.svelte;src/lib/domain/types.ts;src/lib/domain/visual-assets.ts;src/lib/search/documents.ts;src/lib/search/name-metadata.ts;scripts/assets/ensure.ts;scripts/assets/shared.ts;scripts/assets/sync.ts;... 23 candidate files"
"src/lib/generated/manifest.json","sourceVersion","neutral","1","46","string","src/lib/domain/types.ts;scripts/data/source-metadata.ts;scripts/data/sync.ts;scripts/data/validate.ts"
"src/lib/generated/manifest.json","gameVersionFull","neutral","1","7","string","src/lib/domain/types.ts;scripts/data/source-metadata.ts;scripts/data/sync.ts;scripts/data/validate.ts;tests/unit/data.test.ts;tests/unit/source-metadata.test.ts"
"src/lib/generated/manifest.json","gameVersion","neutral","1","5","string","src/lib/components/Navigator.svelte;src/lib/domain/types.ts;scripts/data/source-metadata.ts;scripts/data/sync.ts;scripts/data/validate.ts;tests/unit/data.test.ts;tests/unit/source-metadata.test.ts"
"src/lib/generated/manifest.json","generatedAt","neutral","1","26","string","src/lib/domain/types.ts;src/lib/domain/visual-assets.ts;scripts/assets/enemies/shared.ts;scripts/assets/enemies/sync.ts;scripts/assets/shared.ts;scripts/assets/sync.ts;scripts/data/sync.ts;tests/unit/enemy-assets.test.ts;... 9 candidate files"
"src/lib/generated/manifest.json","language","neutral","1","5","string","src/lib/domain/types.ts;scripts/data/sync.ts;scripts/data/validate.ts;scripts/investigations/enemy-variants.ts;tests/unit/data.test.ts;tests/unit/invariants.test.ts"
"src/lib/generated/manifest.json","counts.characters","neutral","1","2","number","src/lib/components/CharacterCatalogPage.svelte;src/lib/components/DetailPage.svelte;src/lib/data/visual-assets.ts;src/lib/domain/constants.ts;src/lib/domain/types.ts;src/lib/domain/visual-assets.ts;src/lib/navigation.ts;src/lib/search/name-metadata.ts;... 43 candidate files"
"src/lib/generated/manifest.json","counts.lightCones","neutral","1","3","number","src/lib/components/EquipmentRecommendationSection.svelte;src/lib/data/visual-assets.ts;src/lib/domain/equipment-recommendation-view.ts;src/lib/domain/types.ts;src/lib/domain/visual-assets.ts;src/lib/search/search.ts;src/routes/+page.server.ts;src/routes/search/+page.server.ts;... 21 candidate files"
"src/lib/generated/manifest.json","counts.relics","neutral","1","2","number","src/lib/components/DetailPage.svelte;src/lib/components/EquipmentRecommendationSection.svelte;src/lib/components/RelicCatalogPage.svelte;src/lib/data/visual-assets.ts;src/lib/domain/constants.ts;src/lib/domain/types.ts;src/lib/domain/visual-assets.ts;src/lib/navigation.ts;... 29 candidate files"
"src/lib/generated/manifest.json","counts.relicProperties","neutral","1","2","number","src/lib/data/visual-assets.ts;src/lib/domain/equipment-recommendation-view.ts;src/lib/domain/types.ts;src/lib/domain/visual-assets.ts;src/routes/[category=category]/[id]/+page.server.ts;scripts/assets/shared.ts;scripts/assets/sync.ts;scripts/assets/verify.ts;... 11 candidate files"
"src/lib/generated/manifest.json","counts.enemies","neutral","1","3","number","src/lib/components/DetailPage.svelte;src/lib/components/endgame/as/AsBossDossier.svelte;src/lib/components/endgame/EndgameEnemyGrid.svelte;src/lib/components/endgame/EndgameWaveGroup.svelte;src/lib/components/endgame/presentation.ts;src/lib/components/EnemyCatalogPage.svelte;src/lib/domain/constants.ts;src/lib/domain/endgame-view.ts;... 49 candidate files"
"src/lib/generated/manifest.json","routes.characters.[]","neutral","97","582","string","src/lib/components/CharacterCatalogPage.svelte;src/lib/components/DetailPage.svelte;src/lib/data/visual-assets.ts;src/lib/domain/constants.ts;src/lib/domain/types.ts;src/lib/domain/visual-assets.ts;src/lib/navigation.ts;src/lib/search/name-metadata.ts;... 43 candidate files"
"src/lib/generated/manifest.json","routes.light-cones.[]","neutral","169","1183","string","src/lib/components/DetailPage.svelte;src/lib/components/EquipmentRecommendationSection.svelte;src/lib/components/LightConeCatalogPage.svelte;src/lib/data/visual-assets.ts;src/lib/domain/constants.ts;src/lib/domain/types.ts;src/lib/navigation.ts;src/routes/+page.server.ts;... 27 candidate files"
"src/lib/generated/manifest.json","routes.relics.[]","neutral","60","300","string","src/lib/components/DetailPage.svelte;src/lib/components/EquipmentRecommendationSection.svelte;src/lib/components/RelicCatalogPage.svelte;src/lib/data/visual-assets.ts;src/lib/domain/constants.ts;src/lib/domain/types.ts;src/lib/domain/visual-assets.ts;src/lib/navigation.ts;... 29 candidate files"
"src/lib/generated/manifest.json","routes.enemies.[]","neutral","628","5652","string","src/lib/components/DetailPage.svelte;src/lib/components/endgame/as/AsBossDossier.svelte;src/lib/components/endgame/EndgameEnemyGrid.svelte;src/lib/components/endgame/EndgameWaveGroup.svelte;src/lib/components/endgame/presentation.ts;src/lib/components/EnemyCatalogPage.svelte;src/lib/domain/constants.ts;src/lib/domain/endgame-view.ts;... 49 candidate files"
"src/lib/generated/manifest.json","endgame.modes.moc.groups","neutral","1","2","number","src/lib/components/endgame/EndgameNodeSection.svelte;src/lib/components/endgame/EndgameWaveLayout.svelte;src/lib/components/endgame/modes/AnomalyArbitrationDetailContent.svelte;src/lib/components/endgame/presentation.ts;src/lib/components/enemy/EnemyDetailPage.svelte;src/lib/components/TraceCardPanel.svelte;src/lib/domain/endgame-view.ts;src/lib/domain/endgame.ts;... 25 candidate files"
"src/lib/generated/manifest.json","endgame.modes.moc.encounters","neutral","1","3","number","src/lib/domain/endgame-navigation.ts;src/lib/domain/endgame-view.ts;src/lib/domain/endgame.ts;src/lib/domain/search-index.ts;src/lib/server/endgame.ts;src/routes/endgame/[mode=endgameMode]/[groupId]/+page.svelte;scripts/data/debug-pf-hp.ts;scripts/data/endgame.ts;... 12 candidate files"
"src/lib/generated/manifest.json","endgame.modes.moc.battleSlots","neutral","1","4","number","src/lib/domain/endgame.ts;scripts/data/endgame.ts;scripts/data/validate.ts"
"src/lib/generated/manifest.json","endgame.modes.moc.stages","neutral","1","4","number","src/lib/components/BaseStatsPanel.svelte;src/lib/components/endgame/as/ApocalypticShadowNodeSection.svelte;src/lib/components/endgame/as/AsBossDossier.svelte;src/lib/components/endgame/presentation.ts;src/lib/domain/endgame-view.ts;src/lib/domain/endgame.ts;src/lib/domain/search-index.ts;src/lib/domain/stats.ts;... 20 candidate files"
"src/lib/generated/manifest.json","endgame.modes.moc.occurrences","neutral","1","4","number","src/lib/domain/endgame-view.ts;src/lib/domain/endgame.ts;src/lib/domain/search-index.ts;src/lib/search/endgame.ts;src/lib/server/endgame.ts;scripts/data/debug-pf-hp.ts;scripts/data/endgame.ts;scripts/data/enemy-stats.ts;... 14 candidate files"
"src/lib/generated/manifest.json","endgame.modes.pf.groups","neutral","1","2","number","src/lib/components/endgame/EndgameNodeSection.svelte;src/lib/components/endgame/EndgameWaveLayout.svelte;src/lib/components/endgame/modes/AnomalyArbitrationDetailContent.svelte;src/lib/components/endgame/presentation.ts;src/lib/components/enemy/EnemyDetailPage.svelte;src/lib/components/TraceCardPanel.svelte;src/lib/domain/endgame-view.ts;src/lib/domain/endgame.ts;... 25 candidate files"
"src/lib/generated/manifest.json","endgame.modes.pf.encounters","neutral","1","3","number","src/lib/domain/endgame-navigation.ts;src/lib/domain/endgame-view.ts;src/lib/domain/endgame.ts;src/lib/domain/search-index.ts;src/lib/server/endgame.ts;src/routes/endgame/[mode=endgameMode]/[groupId]/+page.svelte;scripts/data/debug-pf-hp.ts;scripts/data/endgame.ts;... 12 candidate files"
"src/lib/generated/manifest.json","endgame.modes.pf.battleSlots","neutral","1","3","number","src/lib/domain/endgame.ts;scripts/data/endgame.ts;scripts/data/validate.ts"
"src/lib/generated/manifest.json","endgame.modes.pf.stages","neutral","1","3","number","src/lib/components/BaseStatsPanel.svelte;src/lib/components/endgame/as/ApocalypticShadowNodeSection.svelte;src/lib/components/endgame/as/AsBossDossier.svelte;src/lib/components/endgame/presentation.ts;src/lib/domain/endgame-view.ts;src/lib/domain/endgame.ts;src/lib/domain/search-index.ts;src/lib/domain/stats.ts;... 20 candidate files"
"src/lib/generated/manifest.json","endgame.modes.pf.occurrences","neutral","1","5","number","src/lib/domain/endgame-view.ts;src/lib/domain/endgame.ts;src/lib/domain/search-index.ts;src/lib/search/endgame.ts;src/lib/server/endgame.ts;scripts/data/debug-pf-hp.ts;scripts/data/endgame.ts;scripts/data/enemy-stats.ts;... 14 candidate files"
"src/lib/generated/manifest.json","endgame.modes.as.groups","neutral","1","2","number","src/lib/components/endgame/EndgameNodeSection.svelte;src/lib/components/endgame/EndgameWaveLayout.svelte;src/lib/components/endgame/modes/AnomalyArbitrationDetailContent.svelte;src/lib/components/endgame/presentation.ts;src/lib/components/enemy/EnemyDetailPage.svelte;src/lib/components/TraceCardPanel.svelte;src/lib/domain/endgame-view.ts;src/lib/domain/endgame.ts;... 25 candidate files"
"src/lib/generated/manifest.json","endgame.modes.as.encounters","neutral","1","2","number","src/lib/domain/endgame-navigation.ts;src/lib/domain/endgame-view.ts;src/lib/domain/endgame.ts;src/lib/domain/search-index.ts;src/lib/server/endgame.ts;src/routes/endgame/[mode=endgameMode]/[groupId]/+page.svelte;scripts/data/debug-pf-hp.ts;scripts/data/endgame.ts;... 12 candidate files"
"src/lib/generated/manifest.json","endgame.modes.as.battleSlots","neutral","1","3","number","src/lib/domain/endgame.ts;scripts/data/endgame.ts;scripts/data/validate.ts"
"src/lib/generated/manifest.json","endgame.modes.as.stages","neutral","1","3","number","src/lib/components/BaseStatsPanel.svelte;src/lib/components/endgame/as/ApocalypticShadowNodeSection.svelte;src/lib/components/endgame/as/AsBossDossier.svelte;src/lib/components/endgame/presentation.ts;src/lib/domain/endgame-view.ts;src/lib/domain/endgame.ts;src/lib/domain/search-index.ts;src/lib/domain/stats.ts;... 20 candidate files"
"src/lib/generated/manifest.json","endgame.modes.as.occurrences","neutral","1","3","number","src/lib/domain/endgame-view.ts;src/lib/domain/endgame.ts;src/lib/domain/search-index.ts;src/lib/search/endgame.ts;src/lib/server/endgame.ts;scripts/data/debug-pf-hp.ts;scripts/data/endgame.ts;scripts/data/enemy-stats.ts;... 14 candidate files"
"src/lib/generated/manifest.json","endgame.modes.aa.groups","neutral","1","1","number","src/lib/components/endgame/EndgameNodeSection.svelte;src/lib/components/endgame/EndgameWaveLayout.svelte;src/lib/components/endgame/modes/AnomalyArbitrationDetailContent.svelte;src/lib/components/endgame/presentation.ts;src/lib/components/enemy/EnemyDetailPage.svelte;src/lib/components/TraceCardPanel.svelte;src/lib/domain/endgame-view.ts;src/lib/domain/endgame.ts;... 25 candidate files"
"src/lib/generated/manifest.json","endgame.modes.aa.encounters","neutral","1","2","number","src/lib/domain/endgame-navigation.ts;src/lib/domain/endgame-view.ts;src/lib/domain/endgame.ts;src/lib/domain/search-index.ts;src/lib/server/endgame.ts;src/routes/endgame/[mode=endgameMode]/[groupId]/+page.svelte;scripts/data/debug-pf-hp.ts;scripts/data/endgame.ts;... 12 candidate files"
"src/lib/generated/manifest.json","endgame.modes.aa.battleSlots","neutral","1","2","number","src/lib/domain/endgame.ts;scripts/data/endgame.ts;scripts/data/validate.ts"
"src/lib/generated/manifest.json","endgame.modes.aa.stages","neutral","1","2","number","src/lib/components/BaseStatsPanel.svelte;src/lib/components/endgame/as/ApocalypticShadowNodeSection.svelte;src/lib/components/endgame/as/AsBossDossier.svelte;src/lib/components/endgame/presentation.ts;src/lib/domain/endgame-view.ts;src/lib/domain/endgame.ts;src/lib/domain/search-index.ts;src/lib/domain/stats.ts;... 20 candidate files"
"src/lib/generated/manifest.json","endgame.modes.aa.occurrences","neutral","1","3","number","src/lib/domain/endgame-view.ts;src/lib/domain/endgame.ts;src/lib/domain/search-index.ts;src/lib/search/endgame.ts;src/lib/server/endgame.ts;scripts/data/debug-pf-hp.ts;scripts/data/endgame.ts;scripts/data/enemy-stats.ts;... 14 candidate files"
"src/lib/generated/search-inputs.json","official.schemaVersion","neutral","1","1","number","src/lib/domain/endgame.ts;src/lib/domain/search-index.ts;src/lib/domain/types.ts;src/lib/domain/visual-assets.ts;src/lib/search/documents.ts;src/lib/search/endgame.ts;src/lib/search/name-metadata.ts;src/lib/search/search.ts;... 36 candidate files"
"src/lib/generated/search-inputs.json","official.normalizationVersion","neutral","1","1","number","src/lib/search/documents.ts;src/lib/search/name-metadata.ts;src/lib/search/search.ts;scripts/data/character-names.ts;scripts/data/ensure.ts;scripts/data/search-documents.ts;tests/e2e/search-v2.spec.ts;tests/unit/search.test.ts;... 9 candidate files"
"src/lib/generated/search-inputs.json","official.namingPolicyVersion","neutral","1","1","number","src/lib/search/documents.ts;src/lib/search/name-metadata.ts;src/lib/search/search.ts;scripts/data/character-names.ts;scripts/data/ensure.ts;scripts/data/search-documents.ts;tests/unit/search.test.ts;tests/unit/update-upstreams-workflow.test.ts"
"src/lib/generated/search-inputs.json","official.sourceCommit","neutral","1","42","string","src/lib/components/Navigator.svelte;src/lib/domain/types.ts;src/lib/domain/visual-assets.ts;src/lib/search/documents.ts;src/lib/search/name-metadata.ts;scripts/assets/ensure.ts;scripts/assets/shared.ts;scripts/assets/sync.ts;... 23 candidate files"
"src/lib/generated/search-inputs.json","official.characters.*.canonicalName","localized","97","1073","string","src/lib/search/documents.ts;src/lib/search/name-metadata.ts;scripts/data/character-names.ts;scripts/data/search-documents.ts;scripts/data/validate.ts;tests/e2e/search-v2.spec.ts;tests/unit/data.test.ts;tests/unit/search-metadata.test.ts;... 10 candidate files"
"src/lib/generated/search-inputs.json","official.characters.*.canonicalSource.table","neutral","97","1366","string","src/lib/components/enemy/EnemyDetailPage.svelte;src/lib/domain/endgame.ts;src/lib/search/name-metadata.ts;scripts/data/as-boss-guides.ts;scripts/data/character-names.ts;scripts/data/endgame.ts;scripts/data/maze-buffs.ts;tests/e2e/enemy-detail.spec.ts;... 11 candidate files"
"src/lib/generated/search-inputs.json","official.characters.*.canonicalSource.recordId","neutral","97","582","string","src/lib/search/name-metadata.ts;scripts/data/character-names.ts;tests/unit/update-upstreams-workflow.test.ts"
"src/lib/generated/search-inputs.json","official.characters.*.canonicalSource.field","neutral","97","1164","string","src/lib/domain/endgame.ts;src/lib/search/name-metadata.ts;scripts/data/as-boss-guides.ts;scripts/data/character-names.ts;scripts/data/endgame.ts;scripts/data/extra-effects.ts;scripts/data/localization.ts;scripts/data/maze-buffs.ts;... 17 candidate files"
"src/lib/generated/search-inputs.json","official.characters.*.canonicalSource.textHash","neutral","97","2072","string","src/lib/search/name-metadata.ts;scripts/data/character-names.ts;tests/unit/search-metadata.test.ts;tests/unit/update-upstreams-workflow.test.ts"
"src/lib/generated/search-inputs.json","official.characters.*.canonicalSource.policy","neutral","97","1285","string","src/lib/components/endgame/EndgameNodeSection.svelte;src/lib/components/endgame/EndgameWaveLayout.svelte;src/lib/components/endgame/modes/AnomalyArbitrationDetailContent.svelte;src/lib/components/endgame/presentation.ts;src/lib/search/name-metadata.ts;scripts/data/character-names.ts;tests/unit/update-upstreams-workflow.test.ts"
"src/lib/generated/search-inputs.json","official.characters.*.canonicalSource.baseAvatarId","neutral","12","72","string","src/lib/search/name-metadata.ts;scripts/data/character-names.ts"
"src/lib/generated/search-inputs.json","official.characters.*.canonicalSource.path.table","neutral","12","192","string","src/lib/components/enemy/EnemyDetailPage.svelte;src/lib/domain/endgame.ts;src/lib/search/name-metadata.ts;scripts/data/as-boss-guides.ts;scripts/data/character-names.ts;scripts/data/endgame.ts;scripts/data/maze-buffs.ts;tests/e2e/enemy-detail.spec.ts;... 11 candidate files"
"src/lib/generated/search-inputs.json","official.characters.*.canonicalSource.path.recordId","neutral","12","99","string","src/lib/search/name-metadata.ts;scripts/data/character-names.ts;tests/unit/update-upstreams-workflow.test.ts"
"src/lib/generated/search-inputs.json","official.characters.*.canonicalSource.path.field","neutral","12","168","string","src/lib/domain/endgame.ts;src/lib/search/name-metadata.ts;scripts/data/as-boss-guides.ts;scripts/data/character-names.ts;scripts/data/endgame.ts;scripts/data/extra-effects.ts;scripts/data/localization.ts;scripts/data/maze-buffs.ts;... 17 candidate files"
"src/lib/generated/search-inputs.json","official.characters.*.canonicalSource.path.textHash","neutral","12","248","string","src/lib/search/name-metadata.ts;scripts/data/character-names.ts;tests/unit/search-metadata.test.ts;tests/unit/update-upstreams-workflow.test.ts"
"src/lib/generated/search-inputs.json","official.characters.*.officialAliases.[].value","localized","2","22","string","src/lib/components/BaseStatsPanel.svelte;src/lib/components/CharacterCatalogPage.svelte;src/lib/components/CompactEntityCard.svelte;src/lib/components/endgame/as/AsBossTraits.svelte;src/lib/components/endgame/EndgameModeNav.svelte;src/lib/components/endgame/EndgameOverviewCard.svelte;src/lib/components/endgame/EndgameSeasonCard.svelte;src/lib/components/endgame/mechanics/MechanicSectionCard.svelte;... 86 candidate files"
"src/lib/generated/search-inputs.json","official.characters.*.officialAliases.[].sourceKind","neutral","2","40","string","src/lib/search/name-metadata.ts;scripts/data/character-names.ts;tests/unit/search-metadata.test.ts"
"src/lib/generated/search-inputs.json","official.characters.*.officialAliases.[].table","neutral","2","28","string","src/lib/components/enemy/EnemyDetailPage.svelte;src/lib/domain/endgame.ts;src/lib/search/name-metadata.ts;scripts/data/as-boss-guides.ts;scripts/data/character-names.ts;scripts/data/endgame.ts;scripts/data/maze-buffs.ts;tests/e2e/enemy-detail.spec.ts;... 11 candidate files"
"src/lib/generated/search-inputs.json","official.characters.*.officialAliases.[].recordId","neutral","2","12","string","src/lib/search/name-metadata.ts;scripts/data/character-names.ts;tests/unit/update-upstreams-workflow.test.ts"
"src/lib/generated/search-inputs.json","official.characters.*.officialAliases.[].field","neutral","2","24","string","src/lib/domain/endgame.ts;src/lib/search/name-metadata.ts;scripts/data/as-boss-guides.ts;scripts/data/character-names.ts;scripts/data/endgame.ts;scripts/data/extra-effects.ts;scripts/data/localization.ts;scripts/data/maze-buffs.ts;... 17 candidate files"
"src/lib/generated/search-inputs.json","official.characters.*.officialAliases.[].textHash","neutral","2","43","string","src/lib/search/name-metadata.ts;scripts/data/character-names.ts;tests/unit/search-metadata.test.ts;tests/unit/update-upstreams-workflow.test.ts"
"src/lib/generated/search-inputs.json","catalogs.character.[].id","neutral","97","582","string","src/lib/components/BaseStatsPanel.svelte;src/lib/components/ChangelogModal.svelte;src/lib/components/CharacterCatalogPage.svelte;src/lib/components/CharacterOverviewCard.svelte;src/lib/components/DetailPage.svelte;src/lib/components/EffectExplanationSection.svelte;src/lib/components/EidolonCard.svelte;src/lib/components/endgame/as/ApocalypticShadowNodeSection.svelte;... 117 candidate files"
"src/lib/generated/search-inputs.json","catalogs.character.[].name","localized","97","1092","string","src/lib/components/CharacterCatalogPage.svelte;src/lib/components/CharacterOverviewCard.svelte;src/lib/components/CompactEntityCard.svelte;src/lib/components/DetailPage.svelte;src/lib/components/EffectExplanationSection.svelte;src/lib/components/EidolonCard.svelte;src/lib/components/endgame/EndgameEnemyCard.svelte;src/lib/components/endgame/EndgameOverviewCard.svelte;... 110 candidate files"
"src/lib/generated/search-inputs.json","catalogs.light-cone.[].id","neutral","169","1183","string","src/lib/components/BaseStatsPanel.svelte;src/lib/components/ChangelogModal.svelte;src/lib/components/CharacterCatalogPage.svelte;src/lib/components/CharacterOverviewCard.svelte;src/lib/components/DetailPage.svelte;src/lib/components/EffectExplanationSection.svelte;src/lib/components/EidolonCard.svelte;src/lib/components/endgame/as/ApocalypticShadowNodeSection.svelte;... 117 candidate files"
"src/lib/generated/search-inputs.json","catalogs.light-cone.[].name","localized","169","3020","string","src/lib/components/CharacterCatalogPage.svelte;src/lib/components/CharacterOverviewCard.svelte;src/lib/components/CompactEntityCard.svelte;src/lib/components/DetailPage.svelte;src/lib/components/EffectExplanationSection.svelte;src/lib/components/EidolonCard.svelte;src/lib/components/endgame/EndgameEnemyCard.svelte;src/lib/components/endgame/EndgameOverviewCard.svelte;... 110 candidate files"
"src/lib/generated/search-inputs.json","catalogs.relic.[].id","neutral","60","300","string","src/lib/components/BaseStatsPanel.svelte;src/lib/components/ChangelogModal.svelte;src/lib/components/CharacterCatalogPage.svelte;src/lib/components/CharacterOverviewCard.svelte;src/lib/components/DetailPage.svelte;src/lib/components/EffectExplanationSection.svelte;src/lib/components/EidolonCard.svelte;src/lib/components/endgame/as/ApocalypticShadowNodeSection.svelte;... 117 candidate files"
"src/lib/generated/search-inputs.json","catalogs.relic.[].name","localized","60","1366","string","src/lib/components/CharacterCatalogPage.svelte;src/lib/components/CharacterOverviewCard.svelte;src/lib/components/CompactEntityCard.svelte;src/lib/components/DetailPage.svelte;src/lib/components/EffectExplanationSection.svelte;src/lib/components/EidolonCard.svelte;src/lib/components/endgame/EndgameEnemyCard.svelte;src/lib/components/endgame/EndgameOverviewCard.svelte;... 110 candidate files"
"src/lib/generated/search-inputs.json","catalogs.enemy.[].id","neutral","628","5652","string","src/lib/components/BaseStatsPanel.svelte;src/lib/components/ChangelogModal.svelte;src/lib/components/CharacterCatalogPage.svelte;src/lib/components/CharacterOverviewCard.svelte;src/lib/components/DetailPage.svelte;src/lib/components/EffectExplanationSection.svelte;src/lib/components/EidolonCard.svelte;src/lib/components/endgame/as/ApocalypticShadowNodeSection.svelte;... 117 candidate files"
"src/lib/generated/search-inputs.json","catalogs.enemy.[].name","localized","628","14322","string","src/lib/components/CharacterCatalogPage.svelte;src/lib/components/CharacterOverviewCard.svelte;src/lib/components/CompactEntityCard.svelte;src/lib/components/DetailPage.svelte;src/lib/components/EffectExplanationSection.svelte;src/lib/components/EidolonCard.svelte;src/lib/components/endgame/EndgameEnemyCard.svelte;src/lib/components/endgame/EndgameOverviewCard.svelte;... 110 candidate files"
"src/lib/generated/search-inputs.json","endgameEnemies.[].entryId","neutral","173","3114","string","src/lib/domain/search-index.ts;src/lib/search/documents.ts;src/lib/search/endgame.ts;src/lib/search/search.ts;src/lib/server/endgame.ts;src/routes/generated/endgame-occurrences/[entryId]/+server.ts;scripts/data/search-documents.ts;scripts/data/validate.ts;... 9 candidate files"
"src/lib/generated/search-inputs.json","endgameEnemies.[].name","localized","173","3690","string","src/lib/components/CharacterCatalogPage.svelte;src/lib/components/CharacterOverviewCard.svelte;src/lib/components/CompactEntityCard.svelte;src/lib/components/DetailPage.svelte;src/lib/components/EffectExplanationSection.svelte;src/lib/components/EidolonCard.svelte;src/lib/components/endgame/EndgameEnemyCard.svelte;src/lib/components/endgame/EndgameOverviewCard.svelte;... 110 candidate files"
"src/lib/generated/search-inputs.json","endgameEnemies.[].locators.[].mode","neutral","8167","38433","string","src/lib/components/endgame/EndgameModeIcon.svelte;src/lib/components/endgame/EndgameModeNav.svelte;src/lib/components/endgame/EndgameOverviewCard.svelte;src/lib/components/endgame/EndgameOverviewHeroArtwork.svelte;src/lib/components/endgame/EndgameSeasonCard.svelte;src/lib/domain/endgame-view.ts;src/lib/domain/endgame.ts;src/lib/domain/search-index.ts;... 33 candidate files"
"src/lib/generated/search-inputs.json","endgameEnemies.[].locators.[].groupId","neutral","8167","29913","number","src/lib/components/endgame/EndgameOverviewCard.svelte;src/lib/components/endgame/EndgameSeasonCard.svelte;src/lib/components/endgame/EndgameSeasonHero.svelte;src/lib/domain/endgame-view.ts;src/lib/domain/endgame.ts;src/lib/domain/search-index.ts;src/lib/search/endgame.ts;src/lib/server/endgame.ts;... 23 candidate files"
"src/lib/generated/search-inputs.json","endgameEnemies.[].locators.[].encounterIndex","neutral","8167","8625","number","src/lib/domain/search-index.ts;src/lib/search/endgame.ts;src/lib/server/endgame.ts;tests/unit/search.test.ts"
"src/lib/generated/search-inputs.json","endgameEnemies.[].locators.[].battleIndex","neutral","8167","8167","number","src/lib/domain/search-index.ts;src/lib/search/endgame.ts;src/lib/server/endgame.ts;tests/unit/search.test.ts"
"src/lib/generated/search-inputs.json","endgameEnemies.[].locators.[].stageIndex","neutral","8167","8167","number","src/lib/domain/endgame-view.ts;src/lib/domain/search-index.ts;src/lib/search/endgame.ts;src/lib/server/endgame.ts;tests/unit/search.test.ts"
"src/lib/generated/search-inputs.json","endgameEnemies.[].locators.[].waveIndex","neutral","8167","8167","number","src/lib/domain/endgame-view.ts;src/lib/domain/search-index.ts;src/lib/search/endgame.ts;src/lib/server/endgame.ts;tests/unit/search.test.ts"
"src/lib/generated/search-inputs.json","endgameEnemies.[].locators.[].occurrenceIndex","neutral","8167","8167","number","src/lib/domain/search-index.ts;src/lib/search/endgame.ts;src/lib/server/endgame.ts;tests/unit/search.test.ts"
"static/generated/meta.json","schemaVersion","neutral","1","2","number","src/lib/domain/endgame.ts;src/lib/domain/search-index.ts;src/lib/domain/types.ts;src/lib/domain/visual-assets.ts;src/lib/search/documents.ts;src/lib/search/endgame.ts;src/lib/search/name-metadata.ts;src/lib/search/search.ts;... 36 candidate files"
"static/generated/meta.json","sourceCommit","neutral","1","42","string","src/lib/components/Navigator.svelte;src/lib/domain/types.ts;src/lib/domain/visual-assets.ts;src/lib/search/documents.ts;src/lib/search/name-metadata.ts;scripts/assets/ensure.ts;scripts/assets/shared.ts;scripts/assets/sync.ts;... 23 candidate files"
"static/generated/meta.json","sourceVersion","neutral","1","46","string","src/lib/domain/types.ts;scripts/data/source-metadata.ts;scripts/data/sync.ts;scripts/data/validate.ts"
"static/generated/meta.json","gameVersionFull","neutral","1","7","string","src/lib/domain/types.ts;scripts/data/source-metadata.ts;scripts/data/sync.ts;scripts/data/validate.ts;tests/unit/data.test.ts;tests/unit/source-metadata.test.ts"
"static/generated/meta.json","gameVersion","neutral","1","5","string","src/lib/components/Navigator.svelte;src/lib/domain/types.ts;scripts/data/source-metadata.ts;scripts/data/sync.ts;scripts/data/validate.ts;tests/unit/data.test.ts;tests/unit/source-metadata.test.ts"
"static/generated/meta.json","generatedAt","neutral","1","26","string","src/lib/domain/types.ts;src/lib/domain/visual-assets.ts;scripts/assets/enemies/shared.ts;scripts/assets/enemies/sync.ts;scripts/assets/shared.ts;scripts/assets/sync.ts;scripts/data/sync.ts;tests/unit/enemy-assets.test.ts;... 9 candidate files"
"static/generated/meta.json","language","neutral","1","5","string","src/lib/domain/types.ts;scripts/data/sync.ts;scripts/data/validate.ts;scripts/investigations/enemy-variants.ts;tests/unit/data.test.ts;tests/unit/invariants.test.ts"
"static/generated/meta.json","counts.characters","neutral","1","2","number","src/lib/components/CharacterCatalogPage.svelte;src/lib/components/DetailPage.svelte;src/lib/data/visual-assets.ts;src/lib/domain/constants.ts;src/lib/domain/types.ts;src/lib/domain/visual-assets.ts;src/lib/navigation.ts;src/lib/search/name-metadata.ts;... 43 candidate files"
"static/generated/meta.json","counts.lightCones","neutral","1","3","number","src/lib/components/EquipmentRecommendationSection.svelte;src/lib/data/visual-assets.ts;src/lib/domain/equipment-recommendation-view.ts;src/lib/domain/types.ts;src/lib/domain/visual-assets.ts;src/lib/search/search.ts;src/routes/+page.server.ts;src/routes/search/+page.server.ts;... 21 candidate files"
"static/generated/meta.json","counts.relics","neutral","1","2","number","src/lib/components/DetailPage.svelte;src/lib/components/EquipmentRecommendationSection.svelte;src/lib/components/RelicCatalogPage.svelte;src/lib/data/visual-assets.ts;src/lib/domain/constants.ts;src/lib/domain/types.ts;src/lib/domain/visual-assets.ts;src/lib/navigation.ts;... 29 candidate files"
"static/generated/meta.json","counts.relicProperties","neutral","1","2","number","src/lib/data/visual-assets.ts;src/lib/domain/equipment-recommendation-view.ts;src/lib/domain/types.ts;src/lib/domain/visual-assets.ts;src/routes/[category=category]/[id]/+page.server.ts;scripts/assets/shared.ts;scripts/assets/sync.ts;scripts/assets/verify.ts;... 11 candidate files"
"static/generated/meta.json","counts.enemies","neutral","1","3","number","src/lib/components/DetailPage.svelte;src/lib/components/endgame/as/AsBossDossier.svelte;src/lib/components/endgame/EndgameEnemyGrid.svelte;src/lib/components/endgame/EndgameWaveGroup.svelte;src/lib/components/endgame/presentation.ts;src/lib/components/EnemyCatalogPage.svelte;src/lib/domain/constants.ts;src/lib/domain/endgame-view.ts;... 49 candidate files"
"static/generated/meta.json","routes.characters.[]","neutral","97","582","string","src/lib/components/CharacterCatalogPage.svelte;src/lib/components/DetailPage.svelte;src/lib/data/visual-assets.ts;src/lib/domain/constants.ts;src/lib/domain/types.ts;src/lib/domain/visual-assets.ts;src/lib/navigation.ts;src/lib/search/name-metadata.ts;... 43 candidate files"
"static/generated/meta.json","routes.light-cones.[]","neutral","169","1183","string","src/lib/components/DetailPage.svelte;src/lib/components/EquipmentRecommendationSection.svelte;src/lib/components/LightConeCatalogPage.svelte;src/lib/data/visual-assets.ts;src/lib/domain/constants.ts;src/lib/domain/types.ts;src/lib/navigation.ts;src/routes/+page.server.ts;... 27 candidate files"
"static/generated/meta.json","routes.relics.[]","neutral","60","300","string","src/lib/components/DetailPage.svelte;src/lib/components/EquipmentRecommendationSection.svelte;src/lib/components/RelicCatalogPage.svelte;src/lib/data/visual-assets.ts;src/lib/domain/constants.ts;src/lib/domain/types.ts;src/lib/domain/visual-assets.ts;src/lib/navigation.ts;... 29 candidate files"
"static/generated/meta.json","routes.enemies.[]","neutral","628","5652","string","src/lib/components/DetailPage.svelte;src/lib/components/endgame/as/AsBossDossier.svelte;src/lib/components/endgame/EndgameEnemyGrid.svelte;src/lib/components/endgame/EndgameWaveGroup.svelte;src/lib/components/endgame/presentation.ts;src/lib/components/EnemyCatalogPage.svelte;src/lib/domain/constants.ts;src/lib/domain/endgame-view.ts;... 49 candidate files"
"static/generated/meta.json","endgame.modes.moc.groups","neutral","1","2","number","src/lib/components/endgame/EndgameNodeSection.svelte;src/lib/components/endgame/EndgameWaveLayout.svelte;src/lib/components/endgame/modes/AnomalyArbitrationDetailContent.svelte;src/lib/components/endgame/presentation.ts;src/lib/components/enemy/EnemyDetailPage.svelte;src/lib/components/TraceCardPanel.svelte;src/lib/domain/endgame-view.ts;src/lib/domain/endgame.ts;... 25 candidate files"
"static/generated/meta.json","endgame.modes.moc.encounters","neutral","1","3","number","src/lib/domain/endgame-navigation.ts;src/lib/domain/endgame-view.ts;src/lib/domain/endgame.ts;src/lib/domain/search-index.ts;src/lib/server/endgame.ts;src/routes/endgame/[mode=endgameMode]/[groupId]/+page.svelte;scripts/data/debug-pf-hp.ts;scripts/data/endgame.ts;... 12 candidate files"
"static/generated/meta.json","endgame.modes.moc.battleSlots","neutral","1","4","number","src/lib/domain/endgame.ts;scripts/data/endgame.ts;scripts/data/validate.ts"
"static/generated/meta.json","endgame.modes.moc.stages","neutral","1","4","number","src/lib/components/BaseStatsPanel.svelte;src/lib/components/endgame/as/ApocalypticShadowNodeSection.svelte;src/lib/components/endgame/as/AsBossDossier.svelte;src/lib/components/endgame/presentation.ts;src/lib/domain/endgame-view.ts;src/lib/domain/endgame.ts;src/lib/domain/search-index.ts;src/lib/domain/stats.ts;... 20 candidate files"
"static/generated/meta.json","endgame.modes.moc.occurrences","neutral","1","4","number","src/lib/domain/endgame-view.ts;src/lib/domain/endgame.ts;src/lib/domain/search-index.ts;src/lib/search/endgame.ts;src/lib/server/endgame.ts;scripts/data/debug-pf-hp.ts;scripts/data/endgame.ts;scripts/data/enemy-stats.ts;... 14 candidate files"
"static/generated/meta.json","endgame.modes.pf.groups","neutral","1","2","number","src/lib/components/endgame/EndgameNodeSection.svelte;src/lib/components/endgame/EndgameWaveLayout.svelte;src/lib/components/endgame/modes/AnomalyArbitrationDetailContent.svelte;src/lib/components/endgame/presentation.ts;src/lib/components/enemy/EnemyDetailPage.svelte;src/lib/components/TraceCardPanel.svelte;src/lib/domain/endgame-view.ts;src/lib/domain/endgame.ts;... 25 candidate files"
"static/generated/meta.json","endgame.modes.pf.encounters","neutral","1","3","number","src/lib/domain/endgame-navigation.ts;src/lib/domain/endgame-view.ts;src/lib/domain/endgame.ts;src/lib/domain/search-index.ts;src/lib/server/endgame.ts;src/routes/endgame/[mode=endgameMode]/[groupId]/+page.svelte;scripts/data/debug-pf-hp.ts;scripts/data/endgame.ts;... 12 candidate files"
"static/generated/meta.json","endgame.modes.pf.battleSlots","neutral","1","3","number","src/lib/domain/endgame.ts;scripts/data/endgame.ts;scripts/data/validate.ts"
"static/generated/meta.json","endgame.modes.pf.stages","neutral","1","3","number","src/lib/components/BaseStatsPanel.svelte;src/lib/components/endgame/as/ApocalypticShadowNodeSection.svelte;src/lib/components/endgame/as/AsBossDossier.svelte;src/lib/components/endgame/presentation.ts;src/lib/domain/endgame-view.ts;src/lib/domain/endgame.ts;src/lib/domain/search-index.ts;src/lib/domain/stats.ts;... 20 candidate files"
"static/generated/meta.json","endgame.modes.pf.occurrences","neutral","1","5","number","src/lib/domain/endgame-view.ts;src/lib/domain/endgame.ts;src/lib/domain/search-index.ts;src/lib/search/endgame.ts;src/lib/server/endgame.ts;scripts/data/debug-pf-hp.ts;scripts/data/endgame.ts;scripts/data/enemy-stats.ts;... 14 candidate files"
"static/generated/meta.json","endgame.modes.as.groups","neutral","1","2","number","src/lib/components/endgame/EndgameNodeSection.svelte;src/lib/components/endgame/EndgameWaveLayout.svelte;src/lib/components/endgame/modes/AnomalyArbitrationDetailContent.svelte;src/lib/components/endgame/presentation.ts;src/lib/components/enemy/EnemyDetailPage.svelte;src/lib/components/TraceCardPanel.svelte;src/lib/domain/endgame-view.ts;src/lib/domain/endgame.ts;... 25 candidate files"
"static/generated/meta.json","endgame.modes.as.encounters","neutral","1","2","number","src/lib/domain/endgame-navigation.ts;src/lib/domain/endgame-view.ts;src/lib/domain/endgame.ts;src/lib/domain/search-index.ts;src/lib/server/endgame.ts;src/routes/endgame/[mode=endgameMode]/[groupId]/+page.svelte;scripts/data/debug-pf-hp.ts;scripts/data/endgame.ts;... 12 candidate files"
"static/generated/meta.json","endgame.modes.as.battleSlots","neutral","1","3","number","src/lib/domain/endgame.ts;scripts/data/endgame.ts;scripts/data/validate.ts"
"static/generated/meta.json","endgame.modes.as.stages","neutral","1","3","number","src/lib/components/BaseStatsPanel.svelte;src/lib/components/endgame/as/ApocalypticShadowNodeSection.svelte;src/lib/components/endgame/as/AsBossDossier.svelte;src/lib/components/endgame/presentation.ts;src/lib/domain/endgame-view.ts;src/lib/domain/endgame.ts;src/lib/domain/search-index.ts;src/lib/domain/stats.ts;... 20 candidate files"
"static/generated/meta.json","endgame.modes.as.occurrences","neutral","1","3","number","src/lib/domain/endgame-view.ts;src/lib/domain/endgame.ts;src/lib/domain/search-index.ts;src/lib/search/endgame.ts;src/lib/server/endgame.ts;scripts/data/debug-pf-hp.ts;scripts/data/endgame.ts;scripts/data/enemy-stats.ts;... 14 candidate files"
"static/generated/meta.json","endgame.modes.aa.groups","neutral","1","1","number","src/lib/components/endgame/EndgameNodeSection.svelte;src/lib/components/endgame/EndgameWaveLayout.svelte;src/lib/components/endgame/modes/AnomalyArbitrationDetailContent.svelte;src/lib/components/endgame/presentation.ts;src/lib/components/enemy/EnemyDetailPage.svelte;src/lib/components/TraceCardPanel.svelte;src/lib/domain/endgame-view.ts;src/lib/domain/endgame.ts;... 25 candidate files"
"static/generated/meta.json","endgame.modes.aa.encounters","neutral","1","2","number","src/lib/domain/endgame-navigation.ts;src/lib/domain/endgame-view.ts;src/lib/domain/endgame.ts;src/lib/domain/search-index.ts;src/lib/server/endgame.ts;src/routes/endgame/[mode=endgameMode]/[groupId]/+page.svelte;scripts/data/debug-pf-hp.ts;scripts/data/endgame.ts;... 12 candidate files"
"static/generated/meta.json","endgame.modes.aa.battleSlots","neutral","1","2","number","src/lib/domain/endgame.ts;scripts/data/endgame.ts;scripts/data/validate.ts"
"static/generated/meta.json","endgame.modes.aa.stages","neutral","1","2","number","src/lib/components/BaseStatsPanel.svelte;src/lib/components/endgame/as/ApocalypticShadowNodeSection.svelte;src/lib/components/endgame/as/AsBossDossier.svelte;src/lib/components/endgame/presentation.ts;src/lib/domain/endgame-view.ts;src/lib/domain/endgame.ts;src/lib/domain/search-index.ts;src/lib/domain/stats.ts;... 20 candidate files"
"static/generated/meta.json","endgame.modes.aa.occurrences","neutral","1","3","number","src/lib/domain/endgame-view.ts;src/lib/domain/endgame.ts;src/lib/domain/search-index.ts;src/lib/search/endgame.ts;src/lib/server/endgame.ts;scripts/data/debug-pf-hp.ts;scripts/data/endgame.ts;scripts/data/enemy-stats.ts;... 14 candidate files"
"static/generated/search.json","schemaVersion","neutral","1","1","number","src/lib/domain/endgame.ts;src/lib/domain/search-index.ts;src/lib/domain/types.ts;src/lib/domain/visual-assets.ts;src/lib/search/documents.ts;src/lib/search/endgame.ts;src/lib/search/name-metadata.ts;src/lib/search/search.ts;... 36 candidate files"
"static/generated/search.json","normalizationVersion","neutral","1","1","number","src/lib/search/documents.ts;src/lib/search/name-metadata.ts;src/lib/search/search.ts;scripts/data/character-names.ts;scripts/data/ensure.ts;scripts/data/search-documents.ts;tests/e2e/search-v2.spec.ts;tests/unit/search.test.ts;... 9 candidate files"
"static/generated/search.json","namingPolicyVersion","neutral","1","1","number","src/lib/search/documents.ts;src/lib/search/name-metadata.ts;src/lib/search/search.ts;scripts/data/character-names.ts;scripts/data/ensure.ts;scripts/data/search-documents.ts;tests/unit/search.test.ts;tests/unit/update-upstreams-workflow.test.ts"
"static/generated/search.json","sourceCommit","neutral","1","42","string","src/lib/components/Navigator.svelte;src/lib/domain/types.ts;src/lib/domain/visual-assets.ts;src/lib/search/documents.ts;src/lib/search/name-metadata.ts;scripts/assets/ensure.ts;scripts/assets/shared.ts;scripts/assets/sync.ts;... 23 candidate files"
"static/generated/search.json","metadataDigest","neutral","1","66","string","src/lib/search/documents.ts;scripts/data/search-documents.ts;tests/unit/search-metadata.test.ts;tests/unit/search.test.ts"
"static/generated/search.json","documents.[].key","neutral","1127","20037","string","src/lib/components/CharacterCatalogPage.svelte;src/lib/components/CharacterOverviewCard.svelte;src/lib/components/DetailPage.svelte;src/lib/components/endgame/as/AsBossDossier.svelte;src/lib/components/endgame/EndgameEnemyGrid.svelte;src/lib/components/endgame/EndgameWaveGroup.svelte;src/lib/components/endgame/EndgameWaveLayout.svelte;src/lib/components/endgame/mechanics/MechanicSectionCard.svelte;... 53 candidate files"
"static/generated/search.json","documents.[].target.kind","neutral","1127","10333","string","src/lib/components/BaseStatsPanel.svelte;src/lib/components/CharacterOverviewCard.svelte;src/lib/components/DescriptionText.svelte;src/lib/components/DetailPage.svelte;src/lib/components/endgame/EndgameEnemyCard.svelte;src/lib/components/endgame/mechanics/MechanicSectionCard.svelte;src/lib/components/endgame/modes/AnomalyArbitrationDetailContent.svelte;src/lib/components/endgame/modes/ApocalypticShadowMechanicsSection.svelte;... 54 candidate files"
"static/generated/search.json","documents.[].target.id","neutral","954","7717","string","src/lib/components/BaseStatsPanel.svelte;src/lib/components/ChangelogModal.svelte;src/lib/components/CharacterCatalogPage.svelte;src/lib/components/CharacterOverviewCard.svelte;src/lib/components/DetailPage.svelte;src/lib/components/EffectExplanationSection.svelte;src/lib/components/EidolonCard.svelte;src/lib/components/endgame/as/ApocalypticShadowNodeSection.svelte;... 117 candidate files"
"static/generated/search.json","documents.[].canonicalName","localized","1127","23471","string","src/lib/search/documents.ts;src/lib/search/name-metadata.ts;scripts/data/character-names.ts;scripts/data/search-documents.ts;scripts/data/validate.ts;tests/e2e/search-v2.spec.ts;tests/unit/data.test.ts;tests/unit/search-metadata.test.ts;... 10 candidate files"
"static/generated/search.json","documents.[].officialAliases.[]","mixed","2","22","string","src/lib/search/documents.ts;src/lib/search/flexsearch-adapter.ts;src/lib/search/name-metadata.ts;scripts/data/character-names.ts;scripts/data/search-documents.ts;tests/e2e/search-v2.spec.ts;tests/unit/flexsearch-contract.test.ts;tests/unit/search-metadata.test.ts;... 10 candidate files"
"static/generated/search.json","documents.[].playerAliases.[]","mixed","313","3808","string","src/lib/search/documents.ts;src/lib/search/flexsearch-adapter.ts;src/lib/search/name-metadata.ts;scripts/data/player-aliases.ts;scripts/data/search-documents.ts;tests/e2e/search-v2.spec.ts;tests/unit/flexsearch-contract.test.ts;tests/unit/search-metadata.test.ts;... 10 candidate files"
"static/generated/search.json","documents.[].target.entryId","neutral","173","3114","string","src/lib/domain/search-index.ts;src/lib/search/documents.ts;src/lib/search/endgame.ts;src/lib/search/search.ts;src/lib/server/endgame.ts;src/routes/generated/endgame-occurrences/[entryId]/+server.ts;scripts/data/search-documents.ts;scripts/data/validate.ts;... 9 candidate files"
"static/generated/search.json","endgameEnemies.[].entryId","neutral","173","3114","string","src/lib/domain/search-index.ts;src/lib/search/documents.ts;src/lib/search/endgame.ts;src/lib/search/search.ts;src/lib/server/endgame.ts;src/routes/generated/endgame-occurrences/[entryId]/+server.ts;scripts/data/search-documents.ts;scripts/data/validate.ts;... 9 candidate files"
"static/generated/search.json","endgameEnemies.[].name","localized","173","3690","string","src/lib/components/CharacterCatalogPage.svelte;src/lib/components/CharacterOverviewCard.svelte;src/lib/components/CompactEntityCard.svelte;src/lib/components/DetailPage.svelte;src/lib/components/EffectExplanationSection.svelte;src/lib/components/EidolonCard.svelte;src/lib/components/endgame/EndgameEnemyCard.svelte;src/lib/components/endgame/EndgameOverviewCard.svelte;... 110 candidate files"
"static/generated/search.json","endgameEnemies.[].locators.[].mode","neutral","8167","38433","string","src/lib/components/endgame/EndgameModeIcon.svelte;src/lib/components/endgame/EndgameModeNav.svelte;src/lib/components/endgame/EndgameOverviewCard.svelte;src/lib/components/endgame/EndgameOverviewHeroArtwork.svelte;src/lib/components/endgame/EndgameSeasonCard.svelte;src/lib/domain/endgame-view.ts;src/lib/domain/endgame.ts;src/lib/domain/search-index.ts;... 33 candidate files"
"static/generated/search.json","endgameEnemies.[].locators.[].groupId","neutral","8167","29913","number","src/lib/components/endgame/EndgameOverviewCard.svelte;src/lib/components/endgame/EndgameSeasonCard.svelte;src/lib/components/endgame/EndgameSeasonHero.svelte;src/lib/domain/endgame-view.ts;src/lib/domain/endgame.ts;src/lib/domain/search-index.ts;src/lib/search/endgame.ts;src/lib/server/endgame.ts;... 23 candidate files"
"static/generated/search.json","endgameEnemies.[].locators.[].encounterIndex","neutral","8167","8625","number","src/lib/domain/search-index.ts;src/lib/search/endgame.ts;src/lib/server/endgame.ts;tests/unit/search.test.ts"
"static/generated/search.json","endgameEnemies.[].locators.[].battleIndex","neutral","8167","8167","number","src/lib/domain/search-index.ts;src/lib/search/endgame.ts;src/lib/server/endgame.ts;tests/unit/search.test.ts"
"static/generated/search.json","endgameEnemies.[].locators.[].stageIndex","neutral","8167","8167","number","src/lib/domain/endgame-view.ts;src/lib/domain/search-index.ts;src/lib/search/endgame.ts;src/lib/server/endgame.ts;tests/unit/search.test.ts"
"static/generated/search.json","endgameEnemies.[].locators.[].waveIndex","neutral","8167","8167","number","src/lib/domain/endgame-view.ts;src/lib/domain/search-index.ts;src/lib/search/endgame.ts;src/lib/server/endgame.ts;tests/unit/search.test.ts"
"static/generated/search.json","endgameEnemies.[].locators.[].occurrenceIndex","neutral","8167","8167","number","src/lib/domain/search-index.ts;src/lib/search/endgame.ts;src/lib/server/endgame.ts;tests/unit/search.test.ts"
